GEOID,B25075_001E,B25075_002E,B25075_003E,B25075_004E,B25075_005E,B25075_006E,B25075_007E,B25075_008E,B25075_009E,B25075_010E,B25075_011E,B25075_012E,B25075_013E,B25075_014E,B25075_015E,B25075_016E,B25075_017E,B25075_018E,B25075_019E,B25075_020E,B25075_021E,B25075_022E,B25075_023E,B25075_024E,B25075_025E
g361031101011,402,2,0,0,0,0,0,0,0,0,0,0,0,5,0,0,0,4,0,0,11,0,9,39,332
g361031101012,659,5,0,0,0,0,0,0,0,0,0,0,0,0,9,0,8,0,8,0,5,0,18,174,432
g361031101021,533,0,0,0,0,0,0,0,0,0,10,0,9,0,14,0,0,0,0,0,25,20,28,183,244
g361031101022,362,0,0,0,0,0,0,0,0,0,0,12,0,0,0,0,0,0,0,0,0,0,94,64,192
g361031101023,377,0,0,0,0,0,0,0,0,0,0,0,0,0,0,0,0,0,0,7,63,62,164,68,13
g361031101024,347,0,0,0,0,0,0,0,0,0,0,0,0,0,0,0,7,0,0,0,33,45,138,102,22
g361031102001,386,0,0,0,0,0,0,0,0,0,0,0,0,0,0,0,0,0,18,0,11,59,241,44,13
g361031102002,204,0,0,0,0,0,0,0,0,0,0,0,0,0,0,0,17,0,18,0,0,55,84,30,0
g361031102003,191,0,0,0,0,0,0,0,0,0,0,0,0,16,0,0,0,0,0,0,0,21,87,58,9
g361031102004,621,27,0,0,0,0,0,0,0,0,0,0,0,19,0,0,0,0,58,112,59,59,172,77,38
g361031102005,289,16,0,0,0,0,0,0,0,0,0,0,0,0,0,0,0,0,0,0,25,30,129,89,0
g361031103001,256,3,0,0,0,0,0,0,0,0,0,3,0,0,7,0,0,0,0,0,0,12,9,51,171
g361031103002,514,0,0,0,0,0,0,0,0,0,0,0,0,10,26,0,0,0,9,0,53,64,265,87,0
g361031103003,292,0,0,0,0,0,0,0,0,0,0,0,0,0,0,0,0,0,0,11,82,122,54,23,0
g361031103004,420,12,0,0,0,15,0,0,0,10,0,0,0,0,0,0,0,0,12,0,58,98,174,41,0
g361031103005,300,4,0,0,0,0,0,0,0,0,0,3,0,3,0,0,0,0,0,0,0,13,59,79,139
g361031104011,259,0,0,0,0,0,0,0,6,0,0,0,0,0,0,0,0,0,0,0,7,18,107,98,23
g361031104012,647,0,5,0,0,0,0,0,7,0,10,0,0,4,11,0,0,17,5,10,38,60,239,173,68
g361031104021,568,8,0,0,0,15,0,0,0,7,0,0,0,0,0,0,0,0,0,0,45,176,293,24,0
g361031104022,473,8,0,0,0,0,0,0,0,0,0,0,0,0,0,0,0,0,0,0,39,146,250,30,0
g361031105011,745,0,0,0,0,0,0,0,0,0,0,9,0,0,0,0,0,0,0,9,18,34,373,227,75
g361031105012,227,18,0,0,0,0,0,0,0,0,0,0,0,0,0,0,0,0,0,0,8,38,115,38,10
g361031105021,439,0,0,0,0,0,0,0,0,0,0,0,0,9,0,0,8,0,17,23,146,101,95,40,0
g361031105022,433,0,0,0,0,0,0,0,0,0,0,9,0,0,0,0,0,0,0,0,7,123,172,75,47
g361031106001,476,14,0,0,0,0,0,0,0,19,0,0,0,0,0,0,0,0,0,0,14,239,152,12,26
g361031106002,534,0,0,0,0,0,0,0,0,0,0,0,0,0,22,39,15,0,0,0,58,133,231,36,0
g361031106003,619,30,0,0,0,0,0,0,0,0,0,0,0,0,0,0,0,0,0,0,25,124,295,127,18
g361031106004,302,0,0,0,0,0,0,0,0,0,0,0,0,0,0,0,0,0,23,0,52,87,60,64,16
g361031106005,212,0,0,0,0,0,0,0,0,0,0,0,0,0,12,0,20,0,0,0,0,21,77,55,27
g361031108011,517,8,0,0,0,0,0,0,0,0,0,0,0,6,16,0,0,0,0,0,6,50,242,101,88
g361031108012,182,0,0,0,0,0,0,0,0,0,0,0,0,0,0,0,0,0,2,0,0,0,24,36,120
g361031108031,338,19,0,0,0,0,0,0,0,0,0,15,0,0,0,0,0,0,0,0,79,42,39,83,61
g361031108032,591,0,0,0,0,0,0,0,0,0,0,0,0,0,10,0,0,0,11,0,38,105,197,181,49
g361031108033,418,0,0,0,0,0,0,0,0,0,0,0,0,0,0,0,0,0,15,14,11,68,147,127,36
g361031108034,380,0,0,0,0,0,0,0,13,0,0,0,0,0,0,0,0,16,0,13,34,95,113,51,45
g361031109011,233,0,0,0,0,0,0,0,14,0,0,0,0,0,0,0,0,0,0,0,0,45,123,33,18
g361031109012,173,0,0,0,0,0,0,0,0,9,0,0,0,0,0,0,0,0,0,9,70,41,29,15,0
g361031109013,402,0,0,0,0,0,0,0,0,11,0,0,0,0,0,0,0,0,0,0,61,214,94,22,0
g361031109021,155,0,0,0,0,0,0,0,0,0,0,0,0,0,0,0,0,0,8,6,45,43,53,0,0
g361031109022,131,0,0,7,0,15,0,0,0,0,0,0,0,12,4,0,0,0,7,79,0,0,7,0,0
g361031109023,392,0,0,0,0,0,0,5,6,0,0,0,0,0,0,0,0,0,13,29,145,168,26,0,0
g361031110011,332,0,0,0,0,0,0,0,0,0,0,0,0,0,0,0,0,0,0,20,84,89,139,0,0
g361031110012,278,0,0,0,0,0,0,0,0,0,0,0,0,0,0,6,0,0,0,10,40,173,42,0,7
g361031110021,86,0,0,0,0,0,0,9,0,0,0,0,0,0,0,0,0,0,8,9,54,6,0,0,0
g361031110022,272,0,0,0,0,0,0,0,0,0,0,28,0,0,0,0,0,0,0,8,117,93,19,7,0
g361031110023,246,16,0,0,0,0,0,0,0,0,8,0,0,0,0,29,0,0,66,95,32,0,0,0,0
g361031110024,340,0,0,0,0,0,0,0,0,0,0,0,0,0,0,0,0,0,17,95,202,26,0,0,0
g361031111001,594,0,0,0,0,0,0,0,0,0,0,0,54,0,0,0,16,0,96,226,181,21,0,0,0
g361031111002,327,0,0,0,17,0,0,0,0,0,0,0,0,0,0,0,0,0,0,62,231,17,0,0,0
g361031111003,245,0,0,0,0,0,0,0,0,0,0,0,0,0,0,0,0,0,0,21,90,118,16,0,0
g361031111004,417,18,0,0,0,0,0,0,0,0,0,0,0,0,0,0,0,0,10,73,220,96,0,0,0
g361031111005,227,0,0,0,0,0,0,0,0,0,0,0,0,0,0,0,0,70,16,18,18,85,20,0,0
g361031112011,118,0,0,0,0,0,0,0,0,0,0,0,0,0,0,0,0,0,0,84,34,0,0,0,0
g361031112012,331,0,0,0,0,0,0,5,0,0,0,0,0,0,0,0,5,17,25,99,122,58,0,0,0
g361031112013,230,0,0,0,0,0,0,0,0,0,0,0,0,0,0,0,0,0,19,10,116,62,15,0,8
g361031112021,559,0,0,0,0,0,0,0,0,0,0,0,0,0,0,0,0,0,19,56,335,113,13,13,10
g361031112022,159,0,0,0,0,0,0,0,0,0,0,0,0,0,0,0,0,0,23,70,43,23,0,0,0
g361031112023,349,0,0,0,0,0,0,0,0,0,0,0,0,0,0,0,0,0,20,60,129,86,54,0,0
g361031113001,530,0,0,0,0,0,0,0,0,0,0,0,0,0,9,0,0,0,11,0,16,148,205,140,1
g361031113002,606,0,0,0,0,0,0,0,0,0,0,0,0,0,0,0,0,0,6,0,60,80,286,140,34
g361031113003,335,0,0,0,0,0,0,0,0,0,0,0,0,0,0,0,0,0,0,0,62,12,101,83,77
g361031114011,446,0,0,0,0,0,0,0,0,4,0,0,0,0,0,0,0,0,2,8,84,200,80,68,0
g361031114021,514,0,0,0,0,0,7,9,0,31,0,0,0,0,0,0,0,0,32,9,124,200,93,0,9
g361031114022,517,0,0,0,0,0,0,0,0,12,0,0,0,0,0,66,0,0,0,0,192,234,13,0,0
g361031114023,288,6,0,0,0,0,0,0,0,0,0,0,0,0,0,0,0,0,10,0,105,100,66,0,1
g361031114024,305,0,0,0,0,0,9,8,0,0,0,0,0,0,0,0,0,11,0,47,137,86,7,0,0
g361031115031,270,6,0,0,0,0,0,0,7,0,0,0,0,6,0,0,0,9,0,0,35,93,99,15,0
g361031115032,504,12,0,0,0,0,0,0,0,13,0,13,0,0,0,0,0,0,22,8,200,173,63,0,0
g361031115033,257,0,0,0,0,0,0,0,0,0,0,0,0,0,0,0,0,0,0,0,5,84,83,31,54
g361031115041,446,0,0,0,0,0,0,13,0,0,0,8,0,0,0,0,0,0,0,4,53,100,154,97,17
g361031115051,734,0,0,0,0,0,7,0,0,28,0,0,0,5,0,0,0,0,0,27,117,180,311,59,0
g361031115052,261,0,0,0,0,0,0,0,0,0,0,0,0,0,0,0,0,2,17,40,142,32,28,0,0
g361031115053,240,0,0,0,0,0,0,0,0,0,0,0,0,0,0,0,0,0,18,12,159,51,0,0,0
g361031115054,491,61,7,0,0,0,0,0,0,0,0,0,0,0,0,0,0,0,10,26,182,161,44,0,0
g361031115061,614,0,0,0,0,0,0,0,0,0,0,0,0,0,0,0,0,0,0,19,14,55,339,140,47
g361031115062,352,17,0,0,0,0,0,0,0,0,0,0,0,0,8,0,0,0,52,67,123,77,8,0,0
g361031116011,432,0,0,0,0,0,0,0,0,0,0,0,0,0,0,0,0,0,9,57,132,216,18,0,0
g361031116012,621,11,0,0,0,0,0,0,10,0,0,0,0,0,0,0,0,0,0,6,262,268,51,13,0
g361031116021,550,0,0,0,0,0,0,0,0,0,12,0,0,0,19,0,0,0,17,0,141,191,151,19,0
g361031116022,460,0,0,0,0,0,11,0,0,0,12,0,0,0,0,0,8,0,19,0,137,173,100,0,0
g361031117011,249,0,0,0,0,0,0,0,0,0,0,0,0,0,0,0,0,0,0,0,173,57,19,0,0
g361031117012,432,0,0,0,0,0,0,0,0,0,0,0,0,0,0,0,0,0,34,27,161,120,90,0,0
g361031117013,165,0,0,0,0,0,0,0,0,0,0,0,0,0,0,0,0,9,0,0,35,66,45,10,0
g361031117014,299,0,0,0,0,0,0,0,0,0,0,0,0,0,8,0,0,0,0,14,94,183,0,0,0
g361031117015,446,14,0,0,0,0,0,0,13,18,0,0,0,0,0,0,0,0,19,9,103,246,24,0,0
g361031117031,252,11,0,0,0,0,0,0,0,0,0,10,0,0,0,0,0,0,0,0,25,34,162,10,0
g361031117032,710,0,0,0,0,0,0,12,0,0,0,0,0,0,0,0,0,0,0,6,163,299,197,24,9
g361031117041,347,0,0,0,0,0,0,13,0,0,0,0,0,0,0,0,0,0,0,0,26,38,213,45,12
g361031117042,356,0,0,0,0,0,0,7,0,0,0,0,0,0,0,0,0,0,0,10,83,108,139,9,0
g361031117043,361,0,0,0,0,0,11,0,0,0,0,0,0,0,0,9,0,0,7,23,113,175,8,7,8
g361031118011,318,0,0,0,0,0,0,13,0,0,0,0,0,0,0,0,0,0,0,0,19,77,209,0,0
g361031118012,494,16,0,0,0,0,0,11,0,0,0,0,0,0,0,0,0,0,0,0,92,200,164,0,11
g361031118013,802,0,0,0,0,0,0,0,17,0,0,0,0,0,0,0,0,0,0,39,219,275,245,7,0
g361031118014,299,0,0,0,0,0,0,0,0,0,0,0,0,0,0,0,0,0,5,10,158,92,21,0,13
g361031118021,552,16,0,0,0,0,0,0,0,0,0,0,0,0,0,4,0,0,0,0,79,196,203,41,13
g361031118022,304,5,0,0,0,0,0,0,0,0,0,0,0,0,0,0,0,0,0,0,24,64,202,9,0
g361031118031,495,10,0,0,0,0,0,0,0,8,0,0,0,0,0,0,0,0,0,0,25,191,254,7,0
g361031118032,334,0,0,0,0,0,0,0,0,11,0,0,0,0,0,0,0,0,16,0,23,122,150,12,0
g361031118041,695,13,0,0,0,0,0,0,0,0,0,0,7,0,8,0,0,0,14,9,111,264,226,19,24
g361031119001,447,0,0,0,0,0,0,0,9,0,0,0,0,0,0,0,0,0,0,20,49,32,217,120,0
g361031119002,367,0,0,0,0,0,0,0,11,0,0,0,0,0,0,13,0,0,8,0,84,125,93,33,0
g361031119003,218,0,0,0,0,0,0,0,0,0,0,0,0,0,0,0,0,0,0,0,19,93,71,35,0
g361031119004,421,13,0,0,0,0,0,0,0,10,0,0,0,0,0,0,0,0,9,0,82,156,87,24,40
g361031119005,317,0,0,0,0,0,0,0,0,0,0,0,0,0,34,10,0,0,0,0,0,26,53,123,71
g361031120011,506,0,0,0,0,0,0,0,0,0,0,0,0,0,7,0,0,0,13,7,257,101,97,24,0
g361031120012,913,0,0,0,0,0,0,10,0,8,0,0,0,0,0,0,9,8,45,32,450,191,150,10,0
g361031120021,572,0,0,0,0,0,0,0,6,0,0,0,0,0,0,0,0,0,0,0,50,89,299,99,29
g361031120022,418,10,0,0,0,0,0,0,0,0,0,0,0,0,0,0,0,0,0,9,109,199,74,17,0
g361031120023,423,10,0,0,0,0,0,8,9,0,0,0,0,0,0,0,0,0,10,17,149,124,96,0,0
g361031121021,751,0,0,0,0,0,0,0,0,0,0,19,0,0,0,7,0,0,0,0,15,44,289,322,55
g361031121022,449,0,0,0,0,0,0,0,0,0,0,0,0,0,0,0,0,0,0,7,0,0,58,213,171
g361031121031,323,0,0,0,0,0,0,0,0,0,0,0,0,0,0,0,0,0,0,0,123,194,6,0,0
g361031121032,617,0,0,0,0,0,0,0,10,14,0,0,0,0,0,0,0,0,0,12,294,239,29,10,9
g361031121033,313,0,0,0,0,0,0,0,0,0,0,0,0,0,0,0,0,0,0,44,31,102,77,59,0
g361031121041,655,0,11,0,3,0,0,0,0,0,0,0,0,0,0,0,0,0,0,9,55,26,203,140,208
g361031122041,416,0,0,0,0,0,0,0,13,0,0,0,0,0,0,0,0,0,0,5,47,208,134,9,0
g361031122042,363,0,0,0,0,0,0,0,0,0,0,0,0,0,0,0,0,0,0,0,44,195,124,0,0
g361031122043,443,8,0,0,0,0,0,0,0,0,0,0,0,0,0,0,0,0,0,10,168,187,70,0,0
g361031122061,684,15,0,0,0,48,0,0,0,0,0,0,20,0,0,0,36,28,10,0,115,94,295,23,0
g361031122062,546,0,0,0,0,0,0,0,0,0,0,0,0,0,0,42,0,0,0,0,0,90,152,205,57
g361031122063,918,14,0,0,0,0,0,0,0,0,0,0,15,36,0,51,77,0,64,15,19,13,78,158,378
g361031122064,155,0,0,0,0,0,0,0,0,0,0,0,0,0,0,0,0,0,0,0,18,36,89,0,12
g361031122101,382,17,0,0,0,0,0,0,0,0,0,0,0,0,0,0,0,0,0,0,0,22,48,146,149
g361031122102,661,0,0,0,0,0,0,0,0,0,0,0,0,0,0,0,0,0,0,0,32,160,231,191,47
g361031122103,416,0,0,0,0,0,0,0,0,0,0,0,0,0,0,0,0,0,0,0,69,89,209,42,7
g361031122104,510,0,0,0,0,0,0,0,0,0,0,0,0,0,0,0,0,0,0,16,19,101,292,51,31
g361031122111,557,8,0,0,0,0,0,0,0,0,0,0,0,0,8,0,0,0,0,0,6,0,353,153,29
g361031122112,440,0,0,0,0,0,0,0,0,0,0,0,0,13,0,0,14,0,0,8,48,48,266,26,17
g361031122113,309,0,0,0,0,0,0,0,0,0,0,9,0,0,0,0,0,0,0,8,0,21,190,81,0
g361031122121,314,0,0,0,0,0,12,0,12,0,0,0,0,9,0,0,0,0,0,0,0,0,177,68,36
g361031122122,642,0,0,0,0,0,0,0,0,0,0,0,0,0,0,0,0,0,0,0,9,46,138,204,245
g361031122131,704,8,0,0,0,0,0,0,0,0,0,0,0,0,0,0,0,0,0,0,59,95,254,243,45
g361031122132,371,0,7,0,7,0,0,0,0,0,0,0,0,0,0,0,0,0,0,8,119,128,84,18,0
g361031122133,459,9,0,0,0,0,12,0,0,0,0,0,0,0,0,0,0,0,0,0,6,0,179,130,123
g361031122141,230,0,0,0,0,0,0,0,0,0,0,0,0,0,0,20,0,0,0,0,0,12,123,0,75
g361031122142,822,0,0,0,0,0,0,0,0,0,29,0,0,0,0,0,0,0,0,0,0,35,124,466,168
g361031122143,1126,68,0,21,0,0,0,0,13,0,0,0,0,0,13,0,31,66,12,0,0,88,179,366,269
g361031122144,252,0,0,0,0,0,0,0,0,0,0,0,0,0,0,0,0,0,0,0,0,45,147,46,14
g361031223001,369,7,0,0,0,0,0,0,0,0,0,0,0,13,10,0,0,17,18,14,103,59,85,43,0
g361031223002,655,17,0,0,0,0,0,0,0,0,0,0,0,0,0,0,10,0,24,56,285,211,30,10,12
g361031224031,366,6,0,0,0,0,0,0,3,3,0,0,0,5,4,15,14,4,5,24,149,109,20,5,0
g361031224032,184,5,0,0,0,0,0,0,0,0,0,0,0,0,0,0,15,20,42,24,47,4,17,0,10
g361031224041,577,0,0,0,0,11,0,0,0,15,0,0,0,0,0,0,11,4,6,85,374,60,11,0,0
g361031224042,387,0,0,0,0,0,0,0,0,0,0,0,0,0,0,0,0,0,12,120,173,68,14,0,0
g361031224051,513,6,0,0,0,0,0,0,0,0,0,0,0,0,0,0,0,0,11,44,214,199,32,7,0
g361031224052,255,0,0,0,0,0,0,0,9,0,0,0,0,0,0,0,0,0,0,3,29,65,131,18,0
g361031224061,226,0,0,0,0,0,0,0,0,0,0,0,0,0,19,0,75,24,25,29,43,0,11,0,0
g361031224062,276,0,0,0,0,0,0,0,0,0,0,0,0,0,18,18,20,10,55,52,82,10,0,0,11
g361031224063,448,0,0,0,0,0,0,0,0,0,0,0,0,0,9,25,54,0,82,127,88,13,50,0,0
g361031225011,168,0,0,0,0,0,0,0,0,0,0,0,11,0,24,0,18,7,30,35,43,0,0,0,0
g361031225012,252,0,0,0,0,0,0,0,0,0,0,9,0,0,17,12,11,22,86,36,36,0,23,0,0
g361031225013,239,0,0,0,0,0,0,0,19,0,0,0,9,0,0,17,67,23,10,33,38,0,0,23,0
g361031225021,617,0,0,0,0,0,0,0,0,0,0,0,0,0,0,0,0,28,108,130,253,67,31,0,0
g361031225022,151,0,0,0,0,0,0,0,0,0,0,0,16,0,0,0,0,0,20,26,71,18,0,0,0
g361031225023,262,0,0,0,0,0,0,0,0,0,0,0,0,0,0,7,0,0,9,40,171,35,0,0,0
g361031226011,601,18,0,0,0,16,8,0,0,0,0,0,0,0,0,0,0,0,69,91,336,56,0,7,0
g361031226012,490,7,0,0,0,0,0,0,0,0,0,0,9,0,0,0,0,0,8,79,239,131,17,0,0
g361031226013,421,0,0,0,0,0,10,0,0,0,0,0,0,0,0,0,0,0,18,78,209,106,0,0,0
g361031226021,750,0,0,0,0,0,0,0,0,0,0,0,0,7,0,0,0,0,12,52,545,101,22,11,0
g361031226022,752,8,0,0,0,0,0,0,0,0,0,0,0,9,0,8,11,0,60,106,437,93,11,9,0
g361031226031,257,0,0,0,0,0,0,0,0,0,0,0,0,0,0,0,8,0,0,52,140,47,0,0,10
g361031226032,626,7,0,0,0,0,8,0,12,0,0,0,0,0,0,0,0,17,41,44,451,46,0,0,0
g361031226033,106,0,0,0,0,0,0,0,8,0,0,0,0,0,0,0,0,0,8,9,72,0,9,0,0
g361031226034,460,0,0,0,0,0,0,10,0,0,0,0,0,13,0,0,11,0,38,69,232,87,0,0,0
g361031227041,102,0,0,0,0,0,0,0,0,0,0,0,0,0,0,0,6,6,15,0,71,4,0,0,0
g361031227042,423,7,0,0,0,0,0,0,0,0,0,8,0,0,0,0,0,6,5,24,170,126,77,0,0
g361031227051,485,14,0,0,0,0,5,0,0,0,0,0,0,0,0,0,0,0,5,18,324,95,11,13,0
g361031227052,333,0,0,6,0,0,0,0,5,0,0,0,0,0,0,0,0,0,5,19,210,76,12,0,0
g361031227061,308,0,0,0,0,0,0,0,0,14,0,0,0,0,0,0,0,0,0,46,176,59,13,0,0
g361031227062,541,0,0,0,0,0,15,0,0,0,0,0,0,0,0,0,7,0,11,54,349,86,10,0,9
g361031227063,121,0,0,0,0,0,0,0,0,0,0,0,0,0,0,22,0,0,0,17,36,25,10,0,11
g361031227071,516,0,0,0,0,0,0,0,0,0,0,0,0,0,0,0,8,0,33,74,296,91,14,0,0
g361031227072,418,0,0,0,0,0,0,0,0,0,0,0,0,0,0,0,0,0,7,95,211,81,24,0,0
g361031228011,344,0,0,0,0,0,0,0,0,0,0,0,0,0,0,0,0,0,0,64,161,70,49,0,0
g361031228012,378,0,0,0,0,0,0,0,0,0,0,0,0,0,0,0,0,0,0,92,145,118,23,0,0
g361031228013,381,0,0,0,0,0,0,16,0,0,0,0,0,0,12,0,0,13,0,40,292,8,0,0,0
g361031228014,495,0,0,0,0,0,0,0,0,0,0,0,0,0,0,0,0,0,0,14,380,19,64,0,18
g361031228021,513,14,0,0,9,10,11,0,0,0,0,0,0,0,0,0,0,0,76,93,274,26,0,0,0
g361031228022,678,0,0,0,0,10,0,0,0,0,0,9,0,0,0,9,0,10,95,133,388,24,0,0,0
g361031229011,675,9,0,0,0,0,0,0,0,8,0,0,0,0,0,20,0,17,10,109,332,125,45,0,0
g361031229012,261,0,0,0,0,0,0,0,0,0,0,0,0,0,0,0,0,0,8,21,108,116,8,0,0
g361031229013,338,0,0,0,0,0,0,0,0,0,0,0,0,0,0,0,0,0,9,63,194,62,10,0,0
g361031229014,389,0,0,8,0,0,8,12,0,0,0,0,0,0,0,0,0,0,27,62,158,57,57,0,0
g361031229021,352,11,0,0,0,0,0,0,0,0,0,0,0,0,0,0,0,0,29,20,188,57,47,0,0
g361031229022,452,0,0,0,0,0,0,9,9,0,0,0,0,0,8,27,77,28,63,41,150,40,0,0,0
g361031229023,308,0,0,0,0,0,0,0,0,0,0,0,0,0,0,0,0,0,21,10,216,61,0,0,0
g361031230011,452,9,0,0,0,0,16,0,0,0,0,0,0,0,0,15,0,0,39,138,164,51,20,0,0
g361031230012,385,5,0,0,0,0,0,0,0,0,0,0,0,0,0,0,29,0,11,117,169,45,9,0,0
g361031230013,262,9,0,0,0,0,0,0,0,0,0,0,0,0,0,9,0,0,35,52,129,22,6,0,0
g361031230014,399,0,0,0,0,0,0,0,0,0,0,0,0,0,0,0,38,0,38,43,249,23,8,0,0
g361031230021,577,0,0,0,0,0,0,0,0,0,0,0,0,0,0,0,0,0,59,100,326,85,7,0,0
g361031230022,337,17,0,0,0,0,0,0,0,0,0,0,0,0,7,0,0,0,34,61,203,9,0,0,6
g361031230023,376,9,0,0,0,0,0,0,0,0,0,0,0,0,0,0,0,0,14,73,242,8,30,0,0
g361031231011,406,0,0,0,0,0,0,4,0,0,0,0,0,9,7,0,0,0,8,13,190,152,23,0,0
g361031231012,212,0,0,0,0,0,0,0,0,0,0,0,0,0,8,0,0,0,0,27,98,72,7,0,0
g361031231013,420,0,0,0,8,0,0,0,0,0,0,0,0,0,0,0,9,28,22,34,171,80,59,9,0
g361031231021,376,0,0,0,0,0,0,0,0,0,0,6,0,0,0,0,14,7,8,65,178,72,26,0,0
g361031231022,587,0,0,19,0,0,0,10,0,0,0,0,0,0,0,41,53,32,6,41,218,158,9,0,0
g361031231023,220,0,0,0,0,0,0,0,0,0,0,0,0,0,0,9,0,0,8,48,103,27,25,0,0
g361031232011,315,0,0,0,0,0,0,0,0,0,0,0,0,0,0,0,0,0,9,35,148,76,47,0,0
g361031232021,375,0,0,0,0,0,0,0,0,0,0,0,0,0,8,12,27,0,71,106,50,74,17,10,0
g361031232022,44,0,0,0,0,0,0,0,0,0,0,0,0,0,0,0,0,0,15,14,15,0,0,0,0
g361031232023,408,0,0,0,0,0,0,0,0,0,0,0,0,0,0,0,0,0,32,152,170,9,32,13,0
g361031232024,681,0,0,0,7,0,0,0,0,18,0,0,0,0,0,0,15,27,69,129,192,188,36,0,0
g361031233011,207,0,0,0,15,33,0,22,0,0,0,0,0,0,15,0,37,0,11,0,74,0,0,0,0
g361031233012,257,0,0,0,0,0,0,0,0,0,0,0,0,0,0,0,56,0,48,28,81,44,0,0,0
g361031233013,255,0,0,0,0,0,0,0,0,0,0,0,0,0,15,0,18,31,47,98,46,0,0,0,0
g361031233014,156,0,0,0,0,0,0,0,0,0,0,0,0,0,0,0,74,0,40,0,42,0,0,0,0
g361031233015,296,0,0,0,0,0,0,0,0,0,0,0,0,0,0,0,9,22,59,14,123,52,17,0,0
g361031233016,268,0,23,54,54,11,48,17,26,0,19,0,0,0,0,0,0,0,0,0,16,0,0,0,0
g361031233021,315,7,0,0,0,0,0,0,0,0,0,0,19,0,44,0,6,5,49,125,15,45,0,0,0
g361031234011,325,0,0,6,0,0,0,0,0,0,0,0,0,0,0,14,0,0,9,43,133,102,18,0,0
g361031234012,296,0,0,0,6,0,0,0,0,0,0,0,0,0,0,0,0,0,0,95,190,0,5,0,0
g361031234013,272,0,0,0,0,0,0,0,0,0,0,0,0,0,0,0,0,0,0,51,111,96,14,0,0
g361031234021,303,0,0,0,0,0,0,0,0,0,0,0,0,0,0,0,0,39,0,31,182,36,0,15,0
g361031234022,436,0,0,0,0,0,0,0,0,0,0,0,0,0,0,0,0,14,48,49,273,21,31,0,0
g361031234023,266,0,0,0,0,0,0,0,0,0,0,0,0,0,0,0,0,0,31,61,174,0,0,0,0
g361031234024,144,0,0,0,0,0,0,0,0,0,0,0,0,0,0,0,0,0,7,0,79,58,0,0,0
g361031234025,416,16,0,0,0,0,0,0,0,0,0,0,0,0,0,0,28,0,21,46,210,81,14,0,0
g361031235001,288,0,0,0,0,0,0,0,0,0,0,0,0,0,0,0,0,0,15,87,109,49,28,0,0
g361031235002,134,0,0,0,0,0,0,0,0,0,0,0,0,0,0,0,0,34,19,13,28,40,0,0,0
g361031235003,339,12,0,0,0,0,0,0,0,0,0,0,0,0,0,0,0,6,25,64,76,69,87,0,0
g361031235004,318,0,0,0,0,0,0,0,0,0,0,0,0,0,82,0,0,0,18,117,87,14,0,0,0
g361031236001,557,0,0,0,10,0,0,0,0,0,0,0,0,0,8,6,33,0,48,30,186,115,92,29,0
g361031236002,218,0,0,0,0,0,0,0,0,0,0,0,0,0,0,0,0,0,0,0,55,80,48,35,0
g361031236003,418,0,0,0,7,0,0,7,0,0,0,0,8,0,0,0,0,0,0,7,145,97,118,16,13
g361031237011,373,0,0,0,15,0,0,9,0,0,0,0,0,0,0,0,11,0,84,93,94,40,27,0,0
g361031237012,103,9,0,0,0,0,0,0,0,0,0,0,0,0,0,18,0,0,7,27,33,1,0,0,8
g361031237013,159,0,0,0,0,0,0,0,0,0,9,0,0,0,0,0,0,8,60,20,39,14,9,0,0
g361031237014,176,0,0,0,0,0,8,0,0,0,0,0,0,9,0,8,15,7,7,40,67,8,7,0,0
g361031237021,440,0,0,0,0,0,0,0,0,0,0,0,0,0,0,0,0,15,24,50,256,81,0,0,14
g361031237022,666,0,0,0,16,0,0,0,0,0,0,0,0,0,0,0,12,42,109,240,223,24,0,0,0
g361031237023,371,13,0,0,0,0,0,0,0,0,0,0,0,0,0,0,12,13,56,164,71,33,9,0,0
g361031237024,458,0,0,0,0,11,0,0,0,0,0,0,0,12,0,0,0,14,101,119,174,27,0,0,0
g361031238011,395,0,0,0,0,0,0,0,0,0,0,0,0,0,0,0,0,0,41,54,125,130,36,9,0
g361031238012,232,0,0,0,0,0,0,0,0,0,0,0,0,0,0,0,0,8,17,16,183,0,0,8,0
g361031238013,613,8,0,0,0,0,0,0,16,0,0,0,0,0,0,0,24,8,38,140,161,123,75,9,11
g361031238021,569,0,0,0,0,11,0,0,0,0,0,11,0,0,0,0,0,0,36,104,315,22,70,0,0
g361031238022,709,26,0,0,0,0,0,0,0,0,0,12,0,6,0,0,0,8,35,132,221,180,51,38,0
g361031239001,315,0,0,0,0,0,0,20,0,9,0,0,0,0,0,0,0,0,33,23,191,15,17,7,0
g361031239002,269,0,0,8,0,0,0,0,0,0,0,0,0,0,0,6,0,0,0,30,193,32,0,0,0
g361031239003,248,0,0,0,0,0,0,0,0,0,0,0,0,0,0,0,22,12,9,35,147,9,5,0,9
g361031239004,334,0,0,0,0,0,0,0,0,0,0,0,0,0,15,0,0,0,23,37,206,53,0,0,0
g361031239005,152,8,0,0,0,0,8,0,0,0,0,0,0,0,0,0,0,0,22,32,49,33,0,0,0
g361031240011,535,6,0,0,0,0,0,9,0,0,0,0,0,0,0,0,0,11,4,92,274,90,49,0,0
g361031240012,473,0,0,0,0,19,0,0,0,0,10,0,0,10,0,5,0,0,21,68,259,81,0,0,0
g361031240013,115,0,0,0,0,0,0,0,0,0,0,0,0,0,0,0,0,0,25,27,30,23,0,0,10
g361031240021,406,0,0,0,0,0,0,0,0,0,0,0,0,0,0,0,0,0,10,57,188,115,24,12,0
g361031240022,562,0,0,0,0,0,0,0,0,0,0,0,0,0,0,0,0,0,125,59,275,92,11,0,0
g361031241011,564,10,0,0,0,0,0,4,0,0,0,0,0,0,0,0,0,0,19,34,370,106,21,0,0
g361031241012,340,13,0,0,0,0,7,0,0,0,0,0,0,0,0,0,8,0,16,135,114,47,0,0,0
g361031241013,355,0,0,0,0,0,0,0,30,0,0,0,0,0,0,0,8,0,15,11,179,89,23,0,0
g361031241021,428,0,0,0,0,0,0,0,11,11,0,0,0,0,0,0,0,0,10,101,224,54,10,0,7
g361031241022,524,8,0,0,0,0,0,0,0,0,0,0,0,0,0,14,0,0,10,80,285,33,68,0,26
g361031242001,260,0,0,0,0,0,0,0,0,0,0,0,0,0,0,0,10,0,13,62,126,49,0,0,0
g361031242002,341,13,0,0,0,0,17,18,0,0,0,0,0,0,0,0,0,0,26,17,218,8,24,0,0
g361031242003,97,0,0,0,0,0,10,0,0,0,0,0,0,23,0,0,0,0,13,0,51,0,0,0,0
g361031242004,458,0,0,0,0,0,0,0,0,0,0,0,0,0,12,0,0,0,19,67,203,73,84,0,0
g361031242005,356,0,0,0,0,0,0,0,0,0,0,0,0,0,0,0,0,0,0,10,178,140,9,0,19
g361031243001,262,0,0,0,0,0,0,0,0,0,18,0,0,0,16,0,0,0,15,0,98,115,0,0,0
g361031243002,381,0,0,0,0,0,0,0,0,0,0,0,0,0,0,0,0,0,18,66,229,68,0,0,0
g361031243003,303,0,0,0,0,0,0,0,0,0,0,0,0,0,0,0,0,0,0,84,137,71,11,0,0
g361031243004,529,0,0,0,0,0,14,0,0,0,0,0,0,0,0,0,0,0,0,177,275,63,0,0,0
g361031243005,138,0,0,0,0,0,0,0,0,0,0,0,0,0,0,19,30,21,57,11,0,0,0,0,0
g361031244011,0,0,0,0,0,0,0,0,0,0,0,0,0,0,0,0,0,0,0,0,0,0,0,0,0
g361031244012,246,0,0,0,0,0,0,0,0,0,0,0,0,0,0,0,0,0,0,5,62,38,132,0,9
g361031244013,436,0,0,0,0,0,0,8,0,0,0,0,0,0,0,0,0,9,21,112,222,51,13,0,0
g361031244021,579,8,0,0,9,10,0,0,0,0,0,0,0,0,0,22,0,0,53,86,301,27,63,0,0
g361031244022,335,0,0,0,0,0,0,0,0,0,0,0,0,0,0,0,6,8,8,25,205,73,0,10,0
g361031244023,277,0,0,0,0,0,0,0,0,0,0,0,0,0,0,0,0,0,0,0,0,33,111,120,13
g361031245001,307,0,0,0,0,0,0,0,0,0,0,0,0,0,0,0,0,0,25,9,33,115,118,7,0
g361031245002,263,9,0,0,0,0,0,0,0,0,0,0,0,0,0,0,0,0,0,16,13,132,93,0,0
g361031245003,253,0,0,0,0,0,0,0,0,0,0,0,0,0,0,0,0,0,20,41,83,76,33,0,0
g361031245004,514,0,0,0,0,0,0,8,0,0,0,0,0,0,0,10,0,0,10,25,260,114,87,0,0
g361031246011,359,0,3,0,6,0,4,0,0,11,0,0,0,0,0,7,7,0,33,29,126,133,0,0,0
g361031246012,285,0,0,0,0,0,0,7,0,0,0,0,0,0,0,0,0,6,0,6,86,82,61,17,20
g361031246013,251,0,0,0,0,0,0,0,0,0,0,0,0,0,0,0,0,0,0,7,68,58,72,18,28
g361031246021,164,0,0,0,0,0,0,0,0,0,0,0,0,0,0,0,0,0,6,16,23,38,17,8,56
g361031246022,306,0,0,0,0,0,0,0,0,0,0,0,0,0,0,0,0,0,21,0,63,90,89,33,10
g361031246023,481,9,0,0,0,0,0,0,0,7,0,0,0,0,0,0,0,0,11,43,62,95,201,43,10
g361031246024,199,0,0,0,0,0,0,0,0,0,0,0,0,0,0,0,0,0,11,6,139,8,0,35,0
g361031347021,511,0,0,0,0,0,0,0,0,0,0,0,0,0,16,0,0,0,15,117,187,164,0,12,0
g361031347022,744,0,0,0,0,0,11,13,0,0,0,0,0,0,16,0,0,0,12,0,360,198,96,38,0
g361031347023,25,0,12,0,0,0,0,0,0,0,0,0,0,0,0,0,13,0,0,0,0,0,0,0,0
g361031347024,299,0,0,0,0,0,11,0,0,0,0,0,0,0,0,0,0,0,13,16,58,121,65,15,0
g361031347031,316,0,0,0,0,0,0,0,0,0,0,0,0,0,0,0,0,0,0,0,0,0,118,128,70
g361031347032,370,0,0,0,0,0,0,0,0,0,8,0,0,0,0,0,0,0,0,0,42,47,127,99,47
g361031347033,343,0,0,0,0,0,0,0,0,0,0,0,0,0,0,0,0,0,0,10,21,8,137,126,41
g361031347034,234,0,0,0,0,0,0,0,0,0,0,30,0,0,0,0,0,0,0,0,19,10,74,94,7
g361031347041,477,0,0,0,0,0,0,0,0,0,8,0,0,0,0,0,14,16,0,0,74,116,243,6,0
g361031347042,267,0,0,0,0,0,0,0,0,0,0,0,0,0,17,0,8,21,59,17,37,70,22,16,0
g361031349021,359,0,0,0,0,0,0,0,0,0,0,0,0,0,7,0,0,0,0,0,86,104,145,17,0
g361031349022,334,0,0,0,0,0,0,0,0,0,0,0,0,0,0,0,0,0,0,0,43,47,94,87,63
g361031349023,714,9,0,0,11,0,0,0,0,0,0,9,0,0,0,0,8,0,20,0,153,192,303,0,9
g361031349031,337,4,0,0,0,0,0,0,0,0,22,0,0,0,0,13,0,0,0,5,25,78,167,9,14
g361031349041,460,16,0,0,0,0,0,0,0,0,0,0,0,0,0,0,0,0,0,0,186,242,16,0,0
g361031349042,516,0,0,0,0,0,0,0,0,0,0,0,0,0,0,0,0,0,0,0,26,196,213,41,40
g361031349043,554,0,0,0,0,0,0,0,0,0,0,0,0,0,0,0,0,0,0,4,84,204,239,23,0
g361031349044,353,0,0,0,0,0,0,0,0,0,0,0,0,0,0,0,0,0,0,0,66,53,204,0,30
g361031349061,518,14,0,0,0,0,0,0,0,0,0,0,0,0,0,0,0,0,0,24,82,302,96,0,0
g361031349062,336,0,0,0,0,0,0,0,0,0,0,0,0,0,17,0,0,0,0,0,202,92,25,0,0
g361031349063,540,0,0,0,0,0,0,0,13,0,0,0,0,0,0,0,0,0,0,13,97,315,76,9,17
g361031349064,189,0,0,0,0,0,0,0,0,0,0,20,0,0,0,0,0,0,0,0,0,76,93,0,0
g361031349071,493,0,0,0,0,0,0,0,0,10,0,11,0,0,0,0,0,0,0,0,211,166,76,19,0
g361031349072,842,0,0,0,0,0,0,0,0,0,0,0,0,0,0,8,0,0,13,9,255,438,111,8,0
g361031350021,420,0,0,0,0,0,0,0,0,0,0,0,0,0,12,0,0,0,27,7,186,97,75,16,0
g361031350022,627,0,0,0,0,0,0,0,0,0,0,0,0,0,0,0,0,0,0,17,158,197,181,65,9
g361031350023,604,11,0,0,0,0,0,0,10,11,0,0,0,0,0,0,0,0,0,20,193,264,95,0,0
g361031350031,423,0,0,0,0,0,13,0,8,0,0,0,0,0,0,31,0,0,0,0,58,172,101,22,18
g361031350032,450,11,0,0,0,0,0,0,0,0,0,0,28,0,0,0,0,0,12,0,114,104,136,33,12
g361031350033,485,0,0,0,0,0,0,8,0,0,0,0,0,0,0,0,0,0,8,13,176,160,110,0,10
g361031350041,524,6,0,0,0,0,0,0,0,0,0,0,0,0,4,0,2,10,0,0,3,3,82,204,210
g361031350042,207,0,0,0,0,0,0,0,2,0,0,0,0,0,0,0,0,0,0,0,3,29,39,66,68
g361031350043,212,8,0,0,0,0,0,0,0,0,0,0,0,0,0,0,0,0,2,0,6,9,44,51,92
g361031350051,438,0,0,0,0,0,0,0,0,0,0,0,0,0,0,0,0,0,7,0,151,97,74,100,9
g361031350052,477,24,0,0,0,8,0,0,0,0,0,0,0,0,0,0,16,0,77,47,234,49,15,0,7
g361031350053,192,0,0,0,0,0,0,0,0,0,0,0,0,0,0,0,0,0,0,0,0,40,85,67,0
g361031351011,387,9,0,0,0,0,0,0,0,0,0,0,0,0,0,0,0,0,0,8,7,142,199,22,0
g361031351012,827,0,0,0,0,0,0,0,0,0,44,0,0,0,0,0,0,0,9,6,147,422,171,28,0
g361031351021,394,14,0,0,0,0,0,0,0,0,0,0,0,0,0,0,0,0,17,8,69,138,148,0,0
g361031351022,602,0,0,0,0,0,0,0,0,0,0,0,0,0,0,0,0,0,0,9,138,254,176,16,9
g361031351023,370,7,0,0,0,0,0,0,0,0,0,0,0,0,0,0,0,0,0,7,19,110,159,68,0
g361031351031,480,11,0,0,0,0,0,0,0,0,0,0,0,0,0,0,0,0,0,0,68,280,104,0,17
g361031351032,406,0,0,0,0,0,0,0,6,0,0,0,0,0,0,0,0,0,9,0,22,59,201,109,0
g361031351033,604,11,0,0,0,0,0,0,6,0,0,11,0,0,0,0,0,0,0,0,69,181,326,0,0
g361031351041,502,0,0,0,0,0,0,0,0,0,0,0,0,0,0,0,0,0,10,0,103,285,104,0,0
g361031351042,691,8,0,0,0,0,0,0,0,0,0,0,16,0,5,0,0,0,0,17,186,167,190,102,0
g361031351043,345,0,0,0,0,0,0,0,8,0,0,0,0,0,0,0,0,0,0,0,35,166,87,19,30
g361031352011,682,7,0,0,0,0,0,0,8,0,0,0,0,0,0,0,4,0,17,39,238,251,118,0,0
g361031352041,452,15,0,0,0,0,0,0,0,0,0,0,0,0,0,12,0,0,0,0,23,96,135,171,0
g361031352042,575,8,0,0,0,0,0,0,0,0,0,0,0,11,0,0,0,0,9,0,74,228,179,53,13
g361031352043,335,12,0,0,0,0,0,0,0,0,0,0,0,0,0,0,0,0,0,0,44,133,131,15,0
g361031352051,553,16,0,0,0,0,0,0,0,0,0,0,0,0,0,10,0,0,0,20,136,284,87,0,0
g361031352052,496,0,0,0,0,0,0,0,0,12,0,0,0,0,0,0,0,0,0,8,71,185,220,0,0
g361031352053,380,0,0,0,0,0,0,0,7,0,0,0,0,0,0,0,0,0,16,10,139,93,94,9,12
g361031352081,482,24,0,0,0,9,0,0,0,0,0,0,0,0,0,0,0,0,0,14,146,138,142,9,0
g361031352082,455,0,0,0,0,0,0,0,0,0,0,0,0,0,0,0,0,0,0,9,75,167,160,21,23
g361031352091,530,6,0,0,0,0,0,0,9,0,0,0,0,0,0,0,0,0,0,8,114,235,158,0,0
g361031352092,411,0,0,0,24,0,0,0,0,0,0,0,0,0,0,0,0,0,0,0,89,190,94,14,0
g361031353011,599,11,0,0,0,0,0,6,0,0,0,0,0,0,0,0,0,0,41,0,97,247,184,13,0
g361031353012,432,7,0,0,0,0,0,0,0,0,0,0,0,0,0,0,0,0,8,10,72,166,160,9,0
g361031353013,217,0,0,0,0,0,0,0,0,0,0,0,0,0,0,0,0,0,34,0,0,27,41,71,44
g361031353031,907,0,0,0,0,0,8,10,9,0,0,0,0,0,21,10,79,8,0,21,176,374,167,24,0
g361031353032,442,0,0,0,0,0,0,0,8,0,0,0,0,0,0,10,2,0,8,53,177,133,40,0,11
g361031353041,849,0,0,0,0,0,0,0,0,0,0,0,8,0,0,0,14,0,0,25,145,438,213,6,0
g361031353042,290,0,0,0,0,0,9,9,0,0,0,0,0,0,22,0,0,0,0,8,69,136,27,0,10
g361031354011,217,0,0,0,0,0,0,0,0,0,0,0,0,0,0,0,0,0,0,0,19,79,82,37,0
g361031354012,711,17,0,0,0,0,0,0,0,0,0,23,0,0,0,15,0,17,31,18,139,165,263,23,0
g361031354013,840,0,0,0,0,0,15,0,0,0,0,0,0,0,0,0,0,0,0,0,234,297,246,48,0
g361031354021,783,15,0,0,0,0,0,0,0,0,0,0,0,0,0,0,0,0,0,0,166,228,294,80,0
g361031354022,545,0,0,0,0,0,0,0,12,0,0,0,0,0,0,0,0,0,11,0,78,291,153,0,0
g361031354023,268,0,0,0,0,0,0,0,0,12,0,0,0,0,0,0,0,0,0,0,21,107,128,0,0
g361031354024,377,0,0,0,0,0,0,0,0,49,0,0,0,0,0,0,10,0,0,0,58,140,120,0,0
g361031354031,329,6,0,0,0,0,0,0,0,0,0,0,0,0,0,0,0,0,18,12,130,96,53,14,0
g361031354032,644,8,0,0,0,0,0,0,0,0,0,0,0,0,0,0,28,0,30,29,317,197,35,0,0
g361031354033,277,10,0,0,0,0,0,0,0,0,0,0,0,0,0,0,0,0,0,0,125,113,29,0,0
g361031456021,340,0,0,0,0,0,0,17,0,0,0,0,0,0,7,0,22,29,97,122,39,7,0,0,0
g361031456022,336,0,0,0,7,0,0,0,0,0,0,0,0,0,0,0,9,0,28,111,127,8,46,0,0
g361031456023,597,0,0,0,0,15,0,0,0,8,0,0,0,0,0,1,9,14,228,71,238,13,0,0,0
g361031456031,375,0,0,0,0,12,0,0,0,0,0,0,0,0,5,41,43,27,92,60,72,14,0,0,9
g361031456032,137,0,0,0,0,0,0,0,0,0,0,0,0,0,0,13,0,36,25,28,15,8,12,0,0
g361031456033,456,0,0,0,0,0,0,0,0,0,0,0,0,0,15,0,45,0,78,165,121,2,30,0,0
g361031456041,529,0,0,0,0,0,0,0,0,0,0,0,0,0,34,44,36,26,93,155,128,13,0,0,0
g361031456042,278,0,0,0,0,0,0,0,0,0,0,0,0,0,0,0,18,0,95,110,38,17,0,0,0
g361031456051,232,4,0,0,0,0,0,0,0,0,0,0,0,0,7,0,0,15,68,77,61,0,0,0,0
g361031456052,316,0,0,0,5,0,0,0,0,0,0,0,0,5,0,0,0,20,65,67,138,16,0,0,0
g361031457011,235,9,0,0,0,0,0,0,0,0,0,0,0,0,0,0,0,0,0,0,19,91,67,39,10
g361031457012,457,0,0,0,0,0,0,0,0,0,0,0,0,0,0,0,0,0,10,7,170,213,31,26,0
g361031457013,34,0,0,0,0,0,0,0,0,0,0,0,0,0,0,0,0,0,13,0,0,21,0,0,0
g361031457014,482,0,0,0,0,0,0,0,0,0,0,0,0,0,0,0,0,0,9,20,47,109,297,0,0
g361031457021,225,0,0,0,0,0,0,0,0,0,0,0,0,0,0,0,0,0,64,58,100,0,3,0,0
g361031457022,367,13,0,0,0,0,0,0,0,0,0,0,0,0,6,0,8,1,14,159,156,10,0,0,0
g361031457023,488,0,0,0,0,0,0,0,0,0,0,0,0,0,0,0,0,0,148,167,123,43,0,0,7
g361031457031,151,12,0,0,0,0,0,0,0,0,0,0,0,0,0,0,0,0,12,84,9,8,26,0,0
g361031457032,523,8,0,0,17,0,0,0,0,0,0,0,0,0,0,5,8,32,141,160,71,58,23,0,0
g361031457033,205,0,0,0,0,0,0,0,0,0,0,0,0,0,0,0,0,44,57,41,44,19,0,0,0
g361031457041,355,6,0,0,0,0,0,0,0,0,10,0,0,0,0,0,110,14,96,45,17,30,27,0,0
g361031457042,313,0,12,0,0,0,0,0,0,0,0,0,27,0,78,0,0,46,51,33,55,11,0,0,0
g361031457043,449,0,0,0,0,0,0,0,0,0,0,0,0,0,0,0,11,95,171,102,63,7,0,0,0
g361031457044,9,0,0,0,0,0,0,0,0,0,0,0,0,0,0,0,0,9,0,0,0,0,0,0,0
g361031458031,478,0,0,0,0,0,0,0,0,0,0,0,0,0,0,0,0,0,41,39,73,101,164,50,10
g361031458032,527,0,0,0,8,0,0,7,0,0,0,0,0,0,0,0,0,16,0,0,154,186,121,7,28
g361031458033,493,8,0,0,0,0,0,0,0,0,0,0,0,0,0,0,46,17,38,7,18,187,122,34,16
g361031458041,481,4,0,8,0,0,4,0,12,0,0,0,0,0,0,0,0,18,54,115,214,35,10,0,7
g361031458042,426,14,0,0,0,0,0,0,0,0,0,0,0,0,5,6,33,18,43,70,113,87,21,16,0
g361031458051,311,23,0,0,0,0,0,0,0,0,0,0,0,0,0,0,34,41,104,11,86,12,0,0,0
g361031458052,450,9,0,0,0,0,0,0,0,0,0,0,0,0,0,0,0,0,55,176,176,34,0,0,0
g361031458053,416,0,0,0,0,0,13,0,0,0,0,0,0,0,0,0,0,0,18,76,194,68,47,0,0
g361031458054,493,11,0,0,0,0,0,0,0,0,0,0,17,0,11,26,0,11,51,76,247,9,34,0,0
g361031458071,668,8,0,0,0,6,0,5,0,0,0,0,0,0,0,0,0,0,36,59,436,84,34,0,0
g361031458072,653,13,0,0,0,0,0,7,0,0,0,0,0,0,0,0,0,0,67,82,390,51,13,30,0
g361031458081,464,12,0,0,12,0,0,0,0,0,0,0,0,0,0,0,0,0,7,43,234,81,75,0,0
g361031458082,358,0,0,0,0,5,0,0,0,0,0,0,0,0,0,0,0,0,61,32,170,83,7,0,0
g361031459011,237,0,0,0,0,0,0,0,0,0,0,0,0,0,0,0,5,0,29,66,98,27,4,0,8
g361031459012,590,0,0,0,6,5,5,0,0,0,0,0,0,8,10,0,20,16,129,153,189,35,8,0,6
g361031459021,346,15,0,0,0,0,0,0,12,0,0,0,0,0,12,0,0,0,70,33,101,52,33,0,18
g361031459022,329,6,0,0,0,0,0,0,0,0,0,0,0,0,19,0,9,6,115,33,97,26,0,8,10
g361031459023,374,0,0,0,0,0,0,0,0,0,0,0,0,0,0,0,9,48,91,62,121,0,43,0,0
g361031459024,414,0,0,0,0,0,0,0,16,0,0,0,0,0,0,18,59,48,57,139,77,0,0,0,0
g361031459031,423,0,0,0,0,0,0,0,0,0,0,0,0,0,0,8,0,0,23,114,179,72,27,0,0
g361031459032,434,0,0,0,0,0,0,0,0,0,0,0,0,8,0,0,0,0,32,165,183,34,12,0,0
g361031459033,272,0,0,0,0,0,0,0,0,0,0,0,0,0,0,18,0,0,71,46,80,57,0,0,0
g361031459034,369,0,0,0,0,0,0,0,0,0,0,0,0,0,5,8,0,33,68,77,139,22,10,7,0
g361031460011,452,0,0,0,0,0,0,0,0,0,0,0,0,23,0,0,16,0,52,122,229,10,0,0,0
g361031460012,330,0,0,0,0,0,0,0,0,0,0,0,0,0,0,0,0,6,23,75,194,24,8,0,0
g361031460021,428,0,0,0,0,0,0,0,0,0,0,0,0,0,7,0,25,11,139,78,168,0,0,0,0
g361031460022,218,0,0,0,9,0,0,0,0,0,0,0,0,0,0,0,26,0,29,68,86,0,0,0,0
g361031460023,353,0,0,0,0,0,0,0,8,0,0,0,0,0,45,0,0,0,31,137,112,20,0,0,0
g361031460031,364,0,0,0,0,0,0,0,9,19,0,0,0,0,0,0,16,0,28,89,96,83,24,0,0
g361031460032,345,0,0,0,0,0,0,0,0,0,0,0,0,0,0,0,0,0,27,82,213,0,23,0,0
g361031460033,506,33,0,19,79,15,27,0,0,0,0,0,0,0,0,0,0,0,47,78,192,0,16,0,0
g361031460034,455,0,0,0,0,0,0,0,0,0,0,14,0,11,0,0,72,0,105,97,144,0,0,0,12
g361031461021,493,11,0,0,0,0,0,0,0,0,0,0,0,0,0,0,10,5,101,183,172,11,0,0,0
g361031461031,425,0,0,0,0,0,0,0,0,0,0,0,0,0,0,0,0,0,15,0,316,81,0,13,0
g361031461032,742,9,0,0,0,0,16,0,0,0,0,0,0,0,4,0,0,0,25,78,457,153,0,0,0
g361031461051,118,0,0,0,0,0,0,0,0,0,0,0,0,0,0,0,0,0,21,26,40,20,11,0,0
g361031461052,475,0,0,0,0,0,0,0,0,0,0,0,0,0,7,0,38,26,161,48,162,0,24,0,9
g361031461053,464,0,0,0,0,0,0,0,0,0,0,0,0,0,0,0,0,12,96,97,235,17,0,0,7
g361031461061,384,0,0,0,0,0,0,0,0,0,0,0,0,0,7,0,25,26,49,136,89,52,0,0,0
g361031461062,325,0,0,0,0,0,0,0,0,0,0,0,0,0,7,0,6,13,55,81,125,38,0,0,0
g361031462011,370,9,0,0,0,0,0,0,0,0,0,0,0,0,0,0,0,43,40,133,112,27,6,0,0
g361031462012,430,0,0,0,0,0,8,0,0,0,0,0,0,0,0,0,0,95,38,152,122,10,5,0,0
g361031462021,467,2,0,0,0,0,0,0,0,0,0,0,0,0,0,0,0,15,118,117,164,38,0,13,0
g361031462022,394,0,0,0,0,0,0,0,0,0,0,0,0,0,7,0,15,0,35,131,159,22,13,12,0
g361031462031,261,0,0,0,0,0,0,0,0,0,0,0,0,0,0,8,12,34,66,72,60,9,0,0,0
g361031462032,301,0,0,0,0,0,0,0,0,0,0,0,0,0,0,0,12,47,98,84,60,0,0,0,0
g361031462033,295,0,0,0,0,0,8,0,0,0,0,0,0,0,20,0,19,13,66,69,100,0,0,0,0
g361031462041,413,0,0,0,7,0,0,0,0,0,0,0,0,0,0,0,0,7,78,151,170,0,0,0,0
g361031462042,363,0,0,0,5,0,0,0,0,0,0,0,0,0,9,0,0,0,10,168,144,27,0,0,0
g361031462043,196,0,0,0,0,0,0,0,0,0,0,0,0,0,0,0,9,0,50,79,51,7,0,0,0
g361031462051,173,0,0,0,0,0,2,0,0,10,0,0,0,0,0,0,0,0,7,25,114,11,0,0,4
g361031462052,401,4,0,0,0,0,3,0,0,0,0,0,0,0,0,0,0,0,11,29,275,56,23,0,0
g361031462061,222,0,0,5,0,0,0,0,0,0,0,0,0,4,0,0,0,0,0,41,137,25,0,0,10
g361031462062,458,0,0,0,0,0,0,0,0,2,0,0,0,0,0,0,0,13,25,57,247,75,39,0,0
g361031463001,332,0,0,0,0,0,0,0,0,0,0,0,0,0,0,14,0,0,78,102,118,0,20,0,0
g361031463002,407,0,0,0,0,0,0,0,0,0,0,0,10,0,0,0,0,7,96,163,108,23,0,0,0
g361031464021,601,0,0,0,0,0,0,0,0,0,0,0,0,0,32,0,0,0,0,15,265,221,68,0,0
g361031464022,247,0,0,0,0,0,0,0,0,0,0,0,0,0,0,14,0,0,0,13,135,64,14,7,0
g361031464023,281,0,0,0,0,0,0,0,0,0,0,0,0,0,9,0,0,0,3,71,135,52,5,0,6
g361031464031,413,0,0,16,0,0,0,0,0,0,0,18,0,0,0,0,54,31,152,36,80,19,7,0,0
g361031464032,237,0,0,0,0,0,0,0,0,0,0,0,0,0,0,11,51,0,109,28,38,0,0,0,0
g361031464033,269,0,0,0,0,0,0,0,10,0,0,0,0,0,0,10,34,48,103,29,35,0,0,0,0
g361031464041,319,8,0,14,0,0,0,8,0,6,0,0,0,0,0,0,0,10,105,64,64,35,5,0,0
g361031464042,457,0,0,0,0,0,0,0,0,0,0,0,0,0,0,0,6,37,106,81,201,26,0,0,0
g361031465001,452,36,0,0,0,0,0,0,18,0,0,0,0,0,0,0,0,22,11,56,241,60,0,8,0
g361031465002,248,27,0,0,0,0,0,0,0,0,0,0,0,0,0,0,0,7,0,77,105,16,16,0,0
g361031465003,435,0,0,0,0,7,0,0,0,0,0,0,0,0,0,0,0,0,9,86,277,46,10,0,0
g361031465004,350,0,0,0,0,0,0,0,0,0,0,0,0,0,0,0,0,0,0,28,175,128,19,0,0
g361031466041,32,0,0,0,0,0,0,0,0,0,0,0,0,0,0,0,0,0,0,6,12,14,0,0,0
g361031466042,517,0,0,0,0,0,9,9,0,0,0,0,0,0,0,0,0,0,7,53,215,187,37,0,0
g361031466043,369,14,0,0,0,0,0,11,0,0,0,0,0,0,0,0,0,0,8,41,245,42,8,0,0
g361031466051,255,0,0,0,0,0,0,0,0,0,0,0,0,23,0,0,0,0,12,38,132,41,9,0,0
g361031466061,563,14,0,0,0,0,0,0,0,0,0,0,0,0,0,0,0,0,15,0,183,309,19,13,10
g361031466062,522,12,0,0,0,0,0,0,0,0,0,0,0,0,0,0,0,13,12,109,246,67,63,0,0
g361031466063,470,28,0,0,0,0,0,0,0,0,0,0,0,0,0,0,0,30,0,29,140,171,72,0,0
g361031466064,569,0,0,0,0,0,0,0,0,0,0,0,0,0,0,0,11,0,0,23,172,143,199,12,9
g361031466071,414,7,9,0,21,0,0,0,90,25,10,49,53,0,7,15,8,16,0,0,39,34,22,9,0
g361031466072,187,0,0,0,0,0,0,0,0,0,0,0,0,0,0,0,0,0,9,0,47,62,24,45,0
g361031466081,427,0,8,0,5,0,0,4,38,34,31,0,0,0,0,0,3,0,21,16,193,58,16,0,0
g361031466082,97,0,0,0,0,0,0,0,0,0,0,7,0,0,0,0,0,0,0,0,61,29,0,0,0
g361031466111,364,10,0,0,0,0,0,0,0,0,0,0,0,0,0,0,0,14,80,125,103,19,13,0,0
g361031466112,429,0,0,0,0,0,10,0,0,0,0,5,0,0,0,0,0,0,16,17,258,99,13,11,0
g361031466121,263,9,0,0,0,0,10,0,0,0,0,0,0,0,0,0,0,0,0,0,180,39,25,0,0
g361031466122,631,11,0,0,0,0,0,8,0,0,0,0,0,0,0,0,0,0,16,108,408,80,0,0,0
g361031466123,513,0,0,0,0,0,0,0,16,0,0,0,0,0,21,0,0,0,16,17,327,89,27,0,0
g361031466131,359,0,0,0,0,0,0,0,0,0,0,0,0,0,0,0,0,6,0,53,209,64,27,0,0
g361031466132,684,0,0,0,0,0,0,0,11,0,0,0,0,0,0,9,0,0,14,51,361,187,51,0,0
g361031466141,624,0,0,0,0,0,0,0,0,0,0,0,0,0,0,0,0,0,10,0,86,218,310,0,0
g361031466142,327,0,0,0,0,0,0,0,0,0,0,0,0,0,0,0,0,0,0,17,153,98,59,0,0
g361031466143,844,18,0,0,0,18,0,0,0,0,0,0,0,0,18,0,0,34,69,250,264,142,13,0,18
g361031466151,480,21,0,0,0,0,0,0,0,0,0,0,0,0,0,0,0,0,0,74,293,68,24,0,0
g361031466152,320,0,0,0,0,0,0,0,0,0,0,0,0,0,0,0,0,0,0,23,186,91,20,0,0
g361031466153,196,9,0,0,0,0,0,0,12,0,0,0,0,0,0,0,0,0,0,0,100,75,0,0,0
g361031467031,454,0,0,0,0,8,0,0,0,0,0,0,0,0,0,0,44,0,45,100,178,71,8,0,0
g361031467032,532,0,0,0,0,10,10,0,0,0,0,0,0,0,0,0,0,23,101,193,172,23,0,0,0
g361031467041,656,5,0,0,0,0,9,0,11,0,0,0,0,0,6,0,10,0,19,54,361,162,19,0,0
g361031467051,479,0,0,0,0,0,0,0,9,0,0,9,0,0,0,0,0,10,6,17,194,172,62,0,0
g361031467052,529,0,0,0,0,0,0,0,0,0,0,0,0,0,0,0,0,0,0,54,239,182,54,0,0
g361031467061,318,0,0,0,0,0,0,0,0,0,0,0,0,0,0,0,0,0,6,18,155,105,12,9,13
g361031467062,511,0,0,0,0,0,0,0,6,0,0,0,0,0,0,19,25,8,14,53,270,105,11,0,0
g361031468001,679,0,0,0,0,0,0,7,0,0,0,0,0,0,0,0,0,0,0,58,238,306,70,0,0
g361031468002,612,8,0,0,0,0,0,7,0,0,0,0,0,0,0,0,0,0,0,10,205,268,83,31,0
g361031468003,355,0,0,0,0,0,0,0,0,0,0,0,0,0,0,0,0,0,0,26,147,144,38,0,0
g361031468004,180,0,0,0,0,0,0,0,0,0,0,0,0,0,0,0,0,0,7,19,82,41,31,0,0
g361031469011,677,0,0,0,0,0,0,8,0,0,0,0,0,0,0,0,0,0,0,16,282,227,135,9,0
g361031469012,398,0,0,0,0,0,0,0,0,7,0,0,0,0,0,0,0,0,13,17,137,177,47,0,0
g361031469013,219,0,0,0,0,0,0,0,0,0,0,0,0,0,0,0,0,0,0,10,77,113,19,0,0
g361031469014,281,0,0,0,0,0,0,0,0,0,0,0,0,0,0,0,0,0,11,10,79,119,62,0,0
g361031469021,577,0,0,0,0,0,0,0,0,20,0,0,0,0,0,0,0,0,8,13,18,28,232,52,206
g361031469022,303,0,0,0,0,0,0,0,0,0,0,0,0,0,0,0,0,0,0,0,38,28,160,44,33
g361031469023,285,0,0,0,0,0,0,0,7,0,7,0,0,0,0,0,0,0,0,0,18,21,116,72,44
g361031470011,237,0,0,0,0,0,0,0,0,8,0,0,0,0,9,0,9,0,0,0,77,75,51,8,0
g361031470012,278,0,0,0,0,0,0,0,0,0,0,0,10,0,0,0,0,0,0,11,0,0,120,116,21
g361031470013,740,0,0,0,0,0,0,9,0,0,0,0,0,0,0,0,15,11,8,9,307,359,12,10,0
g361031470031,747,7,0,0,0,0,0,0,0,0,0,0,0,0,0,0,0,0,0,205,331,192,12,0,0
g361031470032,476,15,0,0,0,0,0,0,0,0,0,0,0,0,0,0,0,0,0,33,139,101,142,37,9
g361031470033,340,0,0,0,0,0,0,0,0,0,0,0,0,0,7,0,0,0,0,0,21,69,233,10,0
g361031470041,79,0,0,0,0,2,0,0,0,0,0,0,4,0,3,0,0,0,0,2,2,0,23,20,23
g361031471001,410,6,0,0,0,0,0,0,0,0,0,0,0,0,0,0,0,0,9,27,91,127,145,5,0
g361031471002,205,0,0,0,0,0,0,0,0,0,0,0,0,0,0,0,0,0,0,0,36,106,63,0,0
g361031471003,349,3,0,0,0,0,0,0,0,0,0,3,6,0,0,0,0,0,0,0,10,41,188,68,30
g361031472001,536,15,0,0,0,0,0,0,0,0,0,0,0,0,0,0,0,53,27,230,158,14,0,4,35
g361031472002,57,0,0,0,0,0,0,0,0,0,0,0,0,0,0,0,0,0,16,0,41,0,0,0,0
g361031472003,230,0,0,0,0,0,0,0,0,0,0,0,0,0,0,0,0,0,0,0,49,30,111,17,23
g361031472004,209,0,0,0,0,0,0,0,0,0,0,0,0,0,0,0,0,0,0,14,51,130,0,0,14
g361031472005,28,0,0,0,0,0,0,0,0,0,0,0,0,0,0,0,0,13,0,15,0,0,0,0,0
g361031473001,70,0,0,0,0,0,0,0,0,0,0,0,0,0,0,0,46,0,0,0,24,0,0,0,0
g361031473002,43,0,0,0,0,17,0,0,0,0,0,0,0,0,0,0,0,0,0,17,9,0,0,0,0
g361031473003,347,0,0,0,0,0,0,0,0,0,0,0,0,0,0,0,30,70,129,14,78,0,26,0,0
g361031473004,190,0,0,0,0,0,0,0,0,0,0,0,0,0,0,20,17,0,0,37,101,0,15,0,0
g361031473005,31,0,0,0,0,0,0,0,0,0,0,0,0,0,0,0,0,15,0,0,0,16,0,0,0
g361031473006,547,20,0,0,0,0,0,0,0,11,0,0,16,0,0,0,12,0,0,15,17,212,215,29,0
g361031474011,499,0,0,0,0,0,0,0,16,0,0,0,0,0,0,0,0,0,0,104,267,52,60,0,0
g361031474012,426,0,0,0,0,0,0,0,0,0,0,0,12,0,0,57,30,16,90,0,147,10,43,21,0
g361031474013,478,0,0,0,0,0,0,12,12,0,0,0,0,0,0,0,0,15,0,46,225,168,0,0,0
g361031474014,219,0,0,0,0,0,0,0,0,0,0,0,0,0,61,67,15,0,43,0,19,14,0,0,0
g361031474021,373,0,0,0,0,0,0,0,0,0,0,0,0,0,0,0,0,0,0,11,44,123,155,24,16
g361031474022,423,9,0,0,0,0,0,0,0,0,0,0,0,0,0,0,0,29,12,0,0,45,198,56,74
g361031474023,385,0,24,0,13,0,0,9,0,0,0,0,0,0,0,0,0,0,0,7,98,117,83,20,14
g361031475011,140,0,0,0,0,0,0,0,0,0,0,0,0,0,0,0,0,9,0,0,65,43,23,0,0
g361031475012,640,0,0,0,0,0,19,0,0,0,11,0,0,0,0,0,0,0,28,54,368,127,33,0,0
g361031475013,179,0,0,0,0,0,31,0,0,0,0,0,0,0,0,0,0,0,18,14,75,41,0,0,0
g361031475014,169,0,0,0,0,0,0,0,0,0,0,0,0,0,0,0,0,0,10,24,46,45,44,0,0
g361031475015,529,0,0,0,0,0,0,0,0,0,0,0,0,0,32,0,0,0,0,18,22,107,127,88,135
g361031475016,425,0,0,0,0,0,0,0,0,0,0,0,0,0,26,14,30,50,8,29,203,22,28,15,0
g361031475021,308,0,0,0,0,0,0,0,0,0,0,0,0,0,0,0,0,0,0,25,77,192,0,0,14
g361031475022,375,0,0,14,0,0,0,0,0,0,0,0,0,0,0,0,0,0,0,0,132,107,93,29,0
g361031475023,568,0,0,0,0,0,0,0,9,0,0,0,0,0,0,0,0,0,0,6,161,259,117,7,9
g361031475024,388,12,0,0,0,0,0,0,0,0,0,0,0,0,0,0,12,0,0,26,134,74,87,0,43
g361031475025,231,0,0,0,0,0,0,0,0,0,0,0,0,0,0,0,0,10,0,0,87,23,65,36,10
g361031475031,502,0,0,0,0,0,0,0,0,14,5,0,0,0,0,0,0,0,10,41,8,48,225,112,39
g361031476011,345,0,0,0,0,0,0,0,0,0,0,0,0,0,0,0,0,0,4,9,78,92,108,48,6
g361031476012,414,7,0,0,0,0,0,0,5,0,9,0,0,0,0,0,0,0,0,5,86,104,134,40,24
g361031476021,511,0,0,0,0,0,0,0,0,0,0,0,13,0,9,37,19,39,103,13,109,129,40,0,0
g361031476022,550,0,0,0,0,0,0,0,0,0,0,0,0,0,0,0,0,0,0,0,50,317,168,15,0
g361031476023,267,0,0,0,0,0,10,0,0,0,0,0,0,0,0,0,0,0,0,38,91,74,24,0,30
g361031476024,352,0,0,0,0,0,0,0,10,0,0,0,0,0,0,0,0,0,0,15,154,116,57,0,0
g361031477011,454,0,0,8,0,0,0,0,0,0,0,0,0,0,0,6,0,0,25,18,223,93,71,10,0
g361031477012,433,0,0,0,0,0,0,0,0,0,0,0,0,0,33,19,32,9,12,11,151,144,9,0,13
g361031477021,501,7,0,0,0,0,0,22,6,0,0,0,0,0,0,8,0,0,0,24,197,162,75,0,0
g361031477022,303,0,0,9,0,0,0,15,0,0,0,0,0,0,0,0,0,0,16,34,161,60,8,0,0
g361031477023,382,0,0,0,0,0,0,0,0,0,0,0,0,0,0,0,0,0,0,43,211,92,36,0,0
g361031477024,200,0,0,0,0,0,0,0,0,0,0,0,0,0,11,0,0,0,0,20,69,82,18,0,0
g361031478021,202,0,0,0,0,0,0,0,0,0,11,0,0,0,0,0,0,0,0,20,62,74,35,0,0
g361031478022,448,0,0,0,0,0,0,0,0,0,0,0,0,0,9,0,0,0,9,14,27,37,185,152,15
g361031478023,403,0,0,0,0,0,0,0,0,0,0,0,0,0,0,0,0,12,47,23,36,129,100,48,8
g361031478031,475,0,0,0,0,0,0,0,0,0,0,0,0,0,0,0,12,0,29,86,180,88,53,27,0
g361031478032,317,0,0,0,12,0,0,0,0,0,0,0,0,0,0,0,0,0,0,9,177,44,60,15,0
g361031478041,738,0,0,0,0,0,0,0,0,0,0,0,0,0,0,0,0,8,8,35,240,276,171,0,0
g361031478042,322,0,0,0,0,0,0,0,9,0,0,0,0,0,0,0,0,0,0,0,81,103,129,0,0
g361031478043,450,0,0,0,0,0,0,0,0,0,0,0,0,0,0,0,0,0,13,20,115,192,101,9,0
g361031478044,379,13,0,0,0,0,0,0,8,0,0,0,0,0,0,0,0,0,8,36,136,73,95,0,10
g361031479011,615,15,0,0,0,0,12,0,0,0,0,0,0,0,0,0,0,0,15,43,277,220,18,9,6
g361031479012,59,0,0,0,0,0,0,0,0,0,0,0,0,0,0,0,0,6,0,18,35,0,0,0,0
g361031479013,92,0,0,0,0,0,0,0,0,0,0,0,0,0,0,0,0,0,0,0,60,22,0,10,0
g361031479021,245,0,0,0,0,0,0,0,0,0,0,0,9,0,0,0,0,0,8,0,67,49,87,25,0
g361031479022,315,0,0,0,0,0,0,0,0,0,0,0,0,0,0,0,0,0,0,0,8,41,64,184,18
g361031479023,412,0,0,0,0,0,0,0,0,0,0,11,0,0,0,0,0,0,0,10,49,127,141,66,8
g361031479024,326,8,0,0,0,0,0,0,0,0,0,0,0,0,10,0,0,0,17,0,114,69,88,20,0
g361031580011,308,2,0,0,0,0,0,0,0,0,0,0,0,0,2,0,0,0,0,0,6,2,50,53,193
g361031580012,302,0,0,0,0,0,2,0,0,0,0,0,0,0,4,3,0,0,6,15,42,58,62,40,70
g361031580013,276,0,0,0,0,0,0,0,0,0,0,0,0,0,0,0,0,4,0,32,10,33,89,62,46
g361031580014,324,0,0,0,0,0,0,0,0,0,0,0,0,0,0,0,0,0,0,0,31,48,151,45,49
g361031580015,199,14,0,0,0,0,0,0,0,0,0,0,0,0,0,0,0,0,0,0,9,9,121,18,28
g361031580021,385,9,0,0,0,0,0,0,0,0,0,0,0,0,0,0,0,0,0,16,76,97,137,50,0
g361031580022,338,0,0,0,0,0,0,0,0,0,0,8,0,0,0,0,0,0,0,0,30,149,133,18,0
g361031580023,451,0,0,0,0,0,0,0,0,0,0,0,0,0,0,0,0,0,0,0,26,94,252,52,27
g361031580024,257,15,0,0,0,0,0,0,0,0,0,0,0,0,0,0,0,0,0,17,0,29,181,15,0
g361031580025,227,0,0,0,0,0,0,0,0,0,0,0,0,0,0,0,0,0,0,0,0,79,133,15,0
g361031580026,425,17,0,0,0,0,0,0,0,0,0,0,0,0,0,0,0,0,19,0,49,28,148,114,50
g361031580061,895,0,0,0,0,8,0,0,15,0,0,0,0,0,0,0,0,0,15,61,194,466,136,0,0
g361031580062,887,29,0,0,0,0,0,0,0,0,0,0,0,0,0,0,0,0,46,17,205,400,166,24,0
g361031580063,252,0,0,0,0,0,0,0,0,0,0,0,0,0,0,0,13,15,18,30,64,112,0,0,0
g361031580064,163,0,0,0,0,0,0,0,0,0,0,0,0,0,0,0,0,0,0,40,66,29,19,9,0
g361031580071,0,0,0,0,0,0,0,0,0,0,0,0,0,0,0,0,0,0,0,0,0,0,0,0,0
g361031580072,31,0,0,0,0,0,0,0,0,0,0,0,0,0,0,0,0,0,0,3,12,9,3,0,4
g361031580073,10,0,0,0,0,0,0,0,0,0,0,0,0,0,0,0,0,0,0,0,10,0,0,0,0
g361031580074,0,0,0,0,0,0,0,0,0,0,0,0,0,0,0,0,0,0,0,0,0,0,0,0,0
g361031580091,367,0,0,0,0,0,0,0,0,0,0,0,0,0,0,0,0,0,0,6,70,161,110,5,15
g361031580092,475,0,0,0,0,0,0,0,0,0,0,0,0,0,0,0,0,0,0,10,204,142,92,22,5
g361031580101,637,12,0,0,0,0,0,0,12,0,12,0,8,10,0,0,0,0,5,0,32,247,278,21,0
g361031580102,253,19,0,0,0,0,0,0,0,0,0,0,0,0,0,0,0,0,0,9,70,83,63,9,0
g361031580103,266,11,0,0,0,0,0,0,0,0,0,0,0,0,0,0,0,0,0,0,30,79,146,0,0
g361031580111,684,0,0,0,0,0,0,0,0,0,0,0,0,0,0,10,0,0,26,70,349,213,16,0,0
g361031580112,582,0,0,0,0,0,0,0,0,0,0,0,0,0,0,0,8,0,8,0,106,156,197,94,13
g361031580113,345,23,0,0,0,0,0,0,0,0,0,0,50,56,39,100,27,0,23,0,0,0,10,17,0
g361031581021,748,0,0,0,0,0,0,11,0,0,0,0,0,0,0,0,0,11,77,260,263,103,8,15,0
g361031581022,618,10,0,0,0,0,0,13,0,0,0,0,0,0,10,0,0,7,12,185,274,44,63,0,0
g361031581031,757,0,0,0,0,0,0,0,0,0,0,0,0,0,0,46,2,14,77,140,268,154,38,18,0
g361031581032,337,0,0,0,0,7,0,0,0,0,0,0,0,0,14,0,0,10,31,107,128,40,0,0,0
g361031581041,606,13,0,0,0,0,0,0,0,0,0,0,0,0,0,0,0,11,22,171,246,106,37,0,0
g361031581042,576,10,0,0,0,0,0,0,0,0,0,0,0,0,0,0,8,19,112,183,225,0,19,0,0
g361031581043,456,0,0,0,0,0,0,0,0,0,0,0,0,0,0,10,0,9,67,86,246,16,11,0,11
g361031581071,553,0,0,0,0,0,0,0,0,0,0,0,0,0,9,0,0,9,45,25,113,188,152,5,7
g361031581072,678,8,0,0,0,0,8,0,0,0,0,0,0,0,0,0,0,0,7,115,297,144,92,7,0
g361031581081,764,13,0,0,0,5,0,0,0,0,0,0,6,0,0,0,0,9,14,60,277,92,219,38,31
g361031581101,525,7,0,0,0,0,0,7,0,0,0,0,0,0,0,8,6,0,62,57,291,61,18,0,8
g361031581102,443,0,0,0,0,0,0,0,0,0,0,0,0,0,0,0,0,11,41,169,191,22,9,0,0
g361031581111,504,0,0,0,5,0,6,0,0,0,0,0,0,0,0,0,0,0,72,150,245,15,11,0,0
g361031581112,408,12,0,0,0,0,0,0,0,0,0,0,0,0,0,0,14,0,86,156,128,6,6,0,0
g361031581121,424,0,0,0,0,0,0,0,0,0,0,0,0,0,0,0,11,0,43,150,141,59,20,0,0
g361031581122,604,0,0,0,0,9,0,0,0,0,0,0,0,0,0,0,14,0,155,159,207,60,0,0,0
g361031581141,843,0,0,0,0,0,0,0,0,0,0,0,0,0,0,0,0,0,43,80,508,126,66,10,10
g361031581151,647,14,0,0,0,0,0,0,0,0,0,0,0,0,0,0,18,0,0,27,299,262,27,0,0
g361031581152,471,0,0,0,0,0,11,0,0,0,0,0,0,0,0,0,0,0,14,37,283,100,26,0,0
g361031581153,543,0,0,0,0,0,0,0,0,0,0,0,0,0,0,0,0,0,26,190,292,12,23,0,0
g361031581161,463,14,0,0,0,0,0,0,0,0,0,0,0,0,0,0,4,57,27,65,137,139,11,9,0
g361031581162,191,0,0,0,0,0,0,0,5,0,0,9,11,21,4,7,6,0,10,14,45,6,25,0,28
g361031582021,291,0,0,0,0,0,0,0,0,0,0,0,0,0,0,0,0,0,50,81,147,13,0,0,0
g361031582022,373,0,0,0,0,0,0,0,0,0,0,0,0,0,0,0,0,0,33,73,86,112,69,0,0
g361031582023,439,0,0,0,0,0,0,0,0,0,0,0,0,0,0,0,7,0,12,33,259,86,42,0,0
g361031582024,394,0,0,0,0,0,0,0,0,0,0,0,0,0,0,0,0,0,12,85,199,86,12,0,0
g361031582025,616,0,15,0,0,19,0,0,0,0,0,0,18,0,0,0,42,0,112,11,219,128,40,12,0
g361031582031,526,5,0,0,0,5,0,0,0,0,9,0,0,0,0,0,7,5,0,24,154,125,176,8,8
g361031582051,254,7,0,0,0,0,0,0,0,0,0,8,0,0,0,0,15,0,7,0,12,19,165,14,7
g361031582052,362,0,0,0,0,0,0,0,0,0,0,0,0,0,0,0,20,0,7,19,151,117,38,10,0
g361031582061,354,0,0,0,0,0,0,0,0,0,0,0,0,0,0,0,0,0,0,0,55,151,108,40,0
g361031582062,362,17,0,0,0,0,0,0,0,0,0,0,0,0,8,0,0,7,0,25,49,63,159,34,0
g361031582063,300,0,0,0,0,0,12,0,7,0,0,0,0,0,0,0,7,0,0,14,40,103,90,27,0
g361031582071,277,3,0,0,0,0,0,0,0,0,0,0,0,0,0,0,2,0,0,0,0,6,96,78,92
g361031582072,569,0,0,0,0,0,0,0,0,0,0,0,0,0,0,0,0,0,10,0,78,79,283,54,65
g361031582073,177,0,0,0,0,0,0,0,0,0,0,0,0,0,0,0,0,9,6,34,103,25,0,0,0
g361031582074,462,0,0,0,0,0,0,0,0,0,0,0,0,0,0,0,0,0,10,8,48,130,251,15,0
g361031583041,563,20,0,0,0,0,0,0,0,0,0,0,0,0,0,0,0,0,16,26,137,195,104,20,45
g361031583042,590,0,0,0,0,0,0,0,0,0,0,0,0,0,0,0,0,0,0,0,35,154,377,9,15
g361031583043,566,0,0,0,0,0,0,0,17,0,0,0,0,0,0,0,0,41,17,115,66,228,68,14,0
g361031583044,537,22,0,0,0,0,0,0,0,0,0,0,18,0,0,0,0,0,0,0,103,320,74,0,0
g361031583061,749,0,0,0,0,0,0,0,0,0,0,0,0,0,0,0,0,0,14,18,281,161,244,31,0
g361031583062,740,0,0,12,0,0,0,0,0,0,0,0,0,0,0,0,0,13,20,59,238,289,87,0,22
g361031583063,535,0,0,0,0,0,0,0,0,0,0,0,0,0,0,0,0,0,9,10,276,223,17,0,0
g361031583081,298,0,0,0,0,0,0,0,0,0,0,0,0,0,0,0,0,0,0,34,166,18,60,0,20
g361031583082,387,0,0,0,0,0,0,0,0,0,0,0,0,0,0,0,0,15,23,132,168,28,21,0,0
g361031583083,779,35,0,0,0,0,23,0,0,0,0,0,0,0,0,0,0,0,17,226,412,33,33,0,0
g361031583084,598,0,0,0,0,0,0,0,0,0,0,0,0,0,0,0,0,0,86,120,256,60,55,21,0
g361031583091,760,10,0,0,0,0,0,0,0,0,0,0,0,0,0,11,0,0,82,95,497,47,10,0,8
g361031583092,226,0,0,0,0,0,0,0,0,0,0,0,0,0,0,0,0,0,8,63,109,9,8,0,29
g361031583101,520,0,0,0,7,0,0,0,0,0,0,0,0,0,9,0,9,10,67,178,201,27,0,0,12
g361031583102,983,17,0,7,0,18,0,0,0,8,0,0,0,0,0,6,0,66,143,176,395,94,28,20,5
g361031583151,917,9,0,8,16,8,0,0,0,0,0,0,0,0,10,9,8,78,174,242,339,16,0,0,0
g361031583152,588,0,0,0,0,0,0,0,0,0,0,0,0,0,0,0,7,0,111,188,259,23,0,0,0
g361031583171,704,0,0,0,0,23,0,0,0,0,0,0,0,0,0,0,52,0,137,260,143,89,0,0,0
g361031583172,525,19,0,0,0,0,0,0,0,0,0,0,0,0,0,17,20,21,68,133,161,29,22,0,35
g361031583173,465,10,0,0,0,0,0,0,0,0,0,0,0,0,0,0,23,0,71,72,234,55,0,0,0
g361031583181,489,0,0,0,0,0,0,0,0,0,0,0,0,0,10,0,16,20,75,203,77,7,70,0,11
g361031583182,427,0,0,0,0,0,0,0,0,9,0,0,0,0,0,0,0,10,11,32,267,66,24,0,8
g361031583183,500,12,0,0,0,0,0,13,8,0,0,0,0,0,24,0,0,9,11,74,273,38,38,0,0
g361031583191,486,9,0,0,10,0,0,0,0,0,0,0,0,0,7,0,7,37,184,48,158,18,0,8,0
g361031583192,309,25,0,0,0,0,0,0,0,0,0,0,0,0,0,0,0,0,14,25,177,50,18,0,0
g361031583193,256,0,0,0,0,0,0,0,0,0,0,0,0,0,0,0,0,0,2,52,175,20,7,0,0
g361031583201,386,23,0,0,0,0,0,0,0,0,0,0,0,0,0,0,0,0,0,0,153,98,112,0,0
g361031583202,539,0,0,0,0,0,0,0,9,0,0,0,0,0,0,0,0,0,0,0,320,122,88,0,0
g361031583203,565,0,0,0,0,0,0,0,0,0,0,20,200,47,92,65,16,17,14,75,19,0,0,0,0
g361031583204,432,0,0,0,0,0,0,0,0,0,0,0,0,0,0,0,20,0,10,157,176,56,13,0,0
g361031583211,585,0,0,0,0,0,0,0,0,0,0,0,0,0,0,0,0,0,38,74,350,123,0,0,0
g361031583212,518,24,0,0,0,0,0,0,14,0,0,0,14,0,0,0,0,0,0,186,233,27,20,0,0
g361031583213,358,15,0,0,0,0,0,15,0,0,0,0,12,0,0,0,0,0,0,67,181,68,0,0,0
g361031583214,116,0,0,0,0,0,0,0,0,0,0,0,0,0,0,19,11,0,0,48,38,0,0,0,0
g361031583221,774,8,0,0,0,0,44,0,8,17,4,0,0,0,0,0,0,0,0,31,136,75,378,73,0
g361031583231,387,0,0,0,0,0,22,0,0,0,0,0,0,0,0,0,0,0,0,19,93,138,106,0,9
g361031583232,316,0,0,0,0,0,0,0,0,0,0,0,0,0,0,0,0,0,33,0,83,167,20,13,0
g361031583233,572,0,0,0,0,0,0,0,0,0,0,0,0,0,0,0,0,0,19,31,219,200,103,0,0
g361031583234,796,10,0,0,0,0,0,0,11,0,0,0,0,0,60,0,0,12,0,0,163,187,340,0,13
g361031584011,412,0,0,0,6,0,0,0,0,0,15,7,13,7,30,9,0,0,5,0,126,80,114,0,0
g361031584021,688,9,0,5,0,0,0,0,0,0,0,0,0,0,0,0,0,0,9,15,221,271,133,8,17
g361031584022,185,0,0,0,0,0,0,0,0,0,0,0,0,0,0,0,0,0,4,2,12,54,75,29,9
g361031584023,482,0,0,0,0,0,0,0,0,0,0,0,0,0,11,0,0,0,0,15,141,131,167,17,0
g361031584031,446,6,0,0,13,0,0,0,0,0,0,0,0,0,13,27,89,35,98,30,104,13,12,0,6
g361031584032,288,5,0,0,0,0,0,0,0,0,6,12,27,0,22,0,0,0,32,31,115,22,0,0,16
g361031584051,686,0,0,0,0,16,0,0,0,0,0,0,0,0,0,0,21,50,116,200,70,101,61,51,0
g361031584052,303,0,0,0,0,0,0,0,0,0,0,0,0,0,0,0,0,0,0,25,59,128,82,0,9
g361031584053,424,0,0,0,0,0,0,0,0,12,0,9,0,0,0,0,0,8,51,29,91,126,88,10,0
g361031584071,487,0,17,0,0,0,0,0,0,0,38,0,0,0,0,0,0,16,36,82,197,62,26,0,13
g361031584072,503,0,0,21,0,0,0,0,0,0,0,12,0,0,13,23,88,15,106,109,116,0,0,0,0
g361031584073,260,0,0,0,13,13,0,0,0,0,0,0,0,0,0,0,0,0,51,117,52,14,0,0,0
g361031584074,455,0,0,0,0,0,0,0,0,0,0,10,0,0,18,0,12,22,95,60,197,13,14,0,14
g361031584081,577,0,0,0,0,12,10,0,0,0,0,0,0,0,15,0,40,13,158,120,175,22,12,0,0
g361031584082,524,17,0,0,0,0,0,0,0,0,0,14,0,0,0,0,50,0,203,152,88,0,0,0,0
g361031584091,201,0,0,0,0,0,0,0,0,0,0,0,0,0,0,0,0,0,7,52,69,46,19,0,8
g361031584092,722,0,0,0,0,0,0,0,0,0,0,0,13,0,8,46,8,126,243,182,66,21,0,0,9
g361031584093,196,0,0,0,0,0,0,0,0,0,0,0,0,9,0,0,0,0,22,27,114,24,0,0,0
g361031584101,721,11,0,0,15,0,0,0,0,0,0,0,31,0,0,0,12,35,75,221,206,75,40,0,0
g361031584102,686,15,0,0,15,0,0,0,0,0,16,0,74,16,154,101,72,17,145,15,31,15,0,0,0
g361031584103,399,0,0,0,0,0,0,0,0,0,0,33,0,49,115,88,69,44,0,0,1,0,0,0,0
g361031585021,379,18,0,0,0,0,0,0,0,0,0,0,0,0,0,0,0,0,44,116,131,52,18,0,0
g361031585022,249,9,0,0,0,0,0,0,0,0,0,0,0,0,0,0,0,0,0,25,179,36,0,0,0
g361031585023,91,9,0,0,0,0,0,0,0,0,0,0,0,0,10,0,0,0,8,0,25,22,8,0,9
g361031585051,684,0,0,0,0,0,0,0,0,10,0,0,0,0,6,0,0,0,40,76,273,213,45,21,0
g361031585052,300,0,0,0,0,0,0,0,0,0,0,0,0,0,0,0,0,0,6,26,115,115,38,0,0
g361031585053,46,0,0,0,0,0,0,0,0,0,0,0,0,0,0,0,0,0,0,0,7,6,26,0,7
g361031585061,476,0,0,0,0,0,0,0,0,8,0,0,0,0,0,9,22,0,32,56,262,76,11,0,0
g361031585062,237,0,0,0,0,0,0,0,0,0,0,0,0,0,0,9,5,0,46,46,105,26,0,0,0
g361031585071,253,0,0,0,0,8,0,0,0,0,0,0,0,0,0,0,0,0,24,78,131,12,0,0,0
g361031585072,359,7,0,0,0,0,0,0,0,8,0,0,0,0,0,0,0,0,46,40,213,35,10,0,0
g361031585073,490,12,0,0,0,0,8,0,0,0,0,0,0,0,0,0,6,7,103,111,206,4,0,13,20
g361031585081,401,0,0,0,0,0,0,0,0,0,0,0,0,0,0,0,8,0,15,145,213,8,12,0,0
g361031585082,336,6,0,0,0,0,0,0,0,0,0,0,0,0,0,0,0,0,0,64,187,63,8,8,0
g361031585083,407,0,0,0,17,0,0,0,0,0,0,0,0,0,0,0,0,0,19,8,146,203,14,0,0
g361031585084,208,0,0,0,0,23,0,0,0,0,0,0,0,0,0,0,0,0,25,30,45,66,19,0,0
g361031585085,331,13,0,0,0,0,0,0,0,0,0,0,0,0,15,0,0,0,15,0,201,73,14,0,0
g361031585091,347,0,0,0,0,0,0,7,0,0,0,0,0,0,0,0,8,11,30,132,146,13,0,0,0
g361031585092,378,0,0,0,0,16,8,0,0,0,0,0,13,0,0,40,15,12,33,99,131,11,0,0,0
g361031585093,259,0,0,0,0,0,0,0,0,0,0,0,0,0,5,0,39,0,53,61,95,6,0,0,0
g361031585101,688,0,0,0,20,0,0,0,0,0,0,0,0,0,24,32,15,47,79,32,357,82,0,0,0
g361031585102,397,14,0,0,0,0,0,0,0,0,0,0,0,0,0,0,0,0,73,66,169,18,35,15,7
g361031585103,384,0,0,0,0,0,16,0,0,0,0,0,0,0,0,18,0,10,11,43,221,55,10,0,0
g361031585104,470,29,0,0,0,0,0,0,0,0,0,0,0,0,0,0,0,0,93,101,138,109,0,0,0
g361031585111,462,6,0,0,0,0,0,0,0,0,0,28,0,0,0,0,0,0,66,25,241,70,26,0,0
g361031585112,702,0,0,0,0,0,0,0,0,0,0,0,0,0,0,17,0,0,39,60,412,100,74,0,0
g361031585113,619,9,0,0,11,6,0,0,0,0,0,0,0,8,8,0,0,7,88,141,268,65,8,0,0
g361031585121,630,10,0,0,0,0,5,0,0,0,0,0,0,0,28,0,0,0,8,118,266,131,50,0,14
g361031585122,414,7,0,0,0,0,0,0,15,0,0,0,0,0,11,0,0,8,32,70,197,49,15,10,0
g361031586041,402,0,0,0,0,0,0,0,0,0,0,0,0,0,0,0,0,0,42,33,261,29,37,0,0
g361031586042,253,0,0,0,14,0,0,0,0,0,0,0,0,0,0,0,0,0,26,23,148,0,12,30,0
g361031586043,734,0,0,0,0,0,0,12,0,0,0,0,0,0,0,0,0,8,49,69,456,105,13,0,22
g361031586051,783,10,0,0,0,0,0,0,0,0,0,15,0,0,0,0,10,8,0,119,447,162,0,12,0
g361031586052,675,0,0,0,12,0,0,7,0,0,0,0,0,0,0,0,0,0,0,52,375,127,93,0,9
g361031586061,569,15,0,0,0,0,12,0,0,0,0,0,0,0,33,0,0,0,30,147,216,81,35,0,0
g361031586062,305,0,0,0,0,0,9,0,0,0,0,0,0,0,0,0,0,0,20,70,142,56,8,0,0
g361031586063,376,11,0,0,0,0,5,0,0,0,0,0,0,0,0,0,5,19,82,115,106,25,0,0,8
g361031586071,479,9,0,0,0,0,0,0,0,0,0,0,11,0,0,0,10,11,42,108,251,37,0,0,0
g361031586072,342,8,0,0,5,0,0,0,6,0,0,0,0,0,0,0,34,41,90,42,94,6,8,8,0
g361031586081,98,0,0,0,0,0,0,0,0,0,0,0,0,0,0,0,0,0,14,6,78,0,0,0,0
g361031586082,299,10,0,0,0,0,8,0,0,0,0,0,0,0,0,0,19,17,56,78,111,0,0,0,0
g361031586083,495,13,0,0,7,0,0,0,8,0,0,0,0,0,7,0,0,9,106,98,202,19,20,0,6
g361031586091,538,0,0,0,0,6,0,0,0,0,0,0,0,11,0,0,0,18,77,183,228,10,5,0,0
g361031586092,435,20,0,0,0,0,35,0,0,0,0,0,0,9,0,11,0,0,0,27,269,58,0,6,0
g361031586093,245,11,0,0,0,5,0,0,0,0,0,0,0,0,19,0,0,0,13,19,133,36,0,0,9
g361031587041,303,0,0,0,0,0,0,0,0,0,0,0,0,0,15,0,0,0,85,61,108,34,0,0,0
g361031587042,216,0,0,0,15,0,0,0,0,0,0,0,16,0,0,0,0,0,80,0,91,14,0,0,0
g361031587043,648,0,0,0,0,0,14,0,0,33,0,0,13,120,70,20,77,17,81,65,125,0,13,0,0
g361031587044,511,0,0,0,14,0,0,0,0,0,0,0,0,0,0,0,0,0,70,182,226,11,8,0,0
g361031587045,565,32,0,0,0,0,0,0,0,0,0,0,0,0,48,0,32,45,301,80,15,12,0,0,0
g361031587051,165,0,0,0,0,0,0,0,0,0,0,0,0,0,0,0,10,9,38,95,13,0,0,0,0
g361031587052,445,0,0,0,0,0,0,0,0,0,0,0,0,0,53,0,16,43,65,169,71,0,0,21,7
g361031587053,161,0,0,0,0,0,0,0,0,0,0,0,0,0,0,0,15,8,71,30,37,0,0,0,0
g361031587071,510,0,0,0,0,0,0,0,0,0,0,0,0,0,11,6,7,4,71,82,167,78,71,13,0
g361031587081,197,0,0,0,0,0,0,0,0,33,0,11,20,10,22,20,10,48,12,0,0,0,11,0,0
g361031587082,406,0,0,0,0,0,0,0,0,0,11,13,13,25,55,107,24,10,58,35,35,20,0,0,0
g361031587083,312,0,0,0,0,0,0,47,0,0,0,0,0,0,0,0,0,0,63,29,84,53,16,0,20
g361031587091,758,19,0,0,0,0,0,0,0,0,12,0,0,0,0,0,4,8,270,238,126,41,40,0,0
g361031587101,398,8,0,0,0,0,0,0,0,9,0,0,0,0,0,0,9,14,28,50,207,65,8,0,0
g361031587102,251,0,0,0,0,0,0,9,0,0,0,0,0,0,0,0,13,27,54,26,122,0,0,0,0
g361031587103,310,0,0,0,0,12,0,0,0,0,0,0,17,0,0,9,0,11,71,44,115,31,0,0,0
g361031587104,0,0,0,0,0,0,0,0,0,0,0,0,0,0,0,0,0,0,0,0,0,0,0,0,0
g361031587111,426,0,0,0,0,0,0,0,0,0,0,0,0,0,0,0,0,0,24,94,126,182,0,0,0
g361031587112,629,9,0,0,17,0,0,0,0,0,0,0,0,0,0,7,27,57,262,196,30,9,15,0,0
g361031587113,356,0,0,0,0,0,0,0,0,0,0,0,0,0,0,4,0,50,55,67,127,31,22,0,0
g361031587121,537,0,0,0,0,0,0,14,0,0,0,0,0,0,98,14,0,0,205,147,8,10,41,0,0
g361031587122,574,0,0,0,0,0,0,0,0,0,0,0,0,0,0,19,0,0,82,161,194,80,38,0,0
g361031587123,272,0,0,0,0,0,0,0,12,0,0,0,0,12,0,0,0,0,63,71,96,9,9,0,0
g361031587124,317,0,0,17,0,0,0,0,0,0,0,0,0,0,0,0,60,0,88,32,108,0,0,12,0
g361031587125,398,0,0,0,0,0,0,0,0,0,0,0,0,0,0,16,0,16,186,90,90,0,0,0,0
g361031588021,523,0,0,0,0,0,0,7,0,0,0,0,0,0,0,0,0,11,8,101,166,169,61,0,0
g361031588022,573,0,0,0,0,0,0,0,0,0,10,0,0,0,0,14,0,0,15,78,219,152,76,9,0
g361031588023,317,0,0,0,0,0,0,0,0,8,0,0,0,0,0,0,0,0,0,15,96,64,97,37,0
g361031588031,456,0,0,0,0,0,0,0,14,0,0,0,0,0,0,0,0,0,13,99,214,99,17,0,0
g361031588032,279,0,0,0,0,0,0,0,0,0,9,0,0,0,0,0,0,0,7,42,93,74,45,0,9
g361031588033,763,0,0,0,0,0,0,0,0,0,0,13,0,0,10,0,0,23,0,0,165,125,409,18,0
g361031588034,345,15,0,0,0,0,0,0,0,0,13,0,0,0,43,112,49,48,35,0,30,0,0,0,0
g361031588041,510,0,0,0,0,0,0,0,0,11,0,0,0,0,0,0,0,103,135,114,128,10,9,0,0
g361031588042,302,0,0,0,0,0,0,0,0,0,0,0,0,0,0,0,0,0,49,39,94,55,46,7,12
g361031588043,302,0,0,0,0,0,0,0,0,0,0,0,0,0,0,24,21,0,12,44,128,8,14,0,51
g361031588044,323,0,0,0,0,0,0,0,0,0,0,9,0,0,0,42,0,11,66,52,131,12,0,0,0
g361031588045,260,40,0,0,0,0,0,0,0,0,0,0,0,0,0,12,22,11,66,66,33,10,0,0,0
g361031588046,327,12,0,0,0,0,0,0,0,0,0,0,0,0,0,0,11,22,15,117,122,28,0,0,0
g361031589001,285,0,0,0,0,0,0,19,0,0,0,0,0,0,0,0,17,0,62,50,93,44,0,0,0
g361031589002,170,0,0,0,0,0,0,0,0,0,0,0,0,0,0,0,0,0,45,13,100,12,0,0,0
g361031589003,271,0,0,0,0,0,0,0,0,0,0,0,0,0,0,0,0,0,0,66,141,50,14,0,0
g361031589004,163,0,0,0,0,0,0,0,0,0,0,0,0,0,14,0,0,0,31,72,0,46,0,0,0
g361031589005,616,0,0,14,0,0,0,14,0,0,0,0,27,49,45,39,0,14,78,65,182,73,0,0,16
g361031590001,463,0,0,0,0,11,0,0,0,0,0,0,0,0,0,0,20,7,56,153,111,69,36,0,0
g361031590002,404,0,0,0,0,0,0,0,0,0,0,0,0,0,7,7,10,20,82,88,151,39,0,0,0
g361031590003,252,0,0,0,0,0,0,0,0,0,0,0,0,0,67,59,15,14,10,53,12,7,8,0,7
g361031591021,136,0,0,0,0,0,17,0,0,0,0,0,0,0,0,0,0,24,70,13,12,0,0,0,0
g361031591022,220,0,0,0,0,0,0,0,0,0,0,0,0,0,0,0,11,0,72,61,76,0,0,0,0
g361031591023,363,0,0,0,0,0,0,0,0,14,0,0,0,0,0,0,15,16,100,78,96,44,0,0,0
g361031591024,169,0,0,0,0,0,0,0,0,0,0,0,0,0,0,0,0,0,46,21,69,19,0,14,0
g361031591025,170,0,0,0,0,0,0,0,0,0,0,0,0,0,0,0,47,12,0,0,89,7,15,0,0
g361031591031,233,0,0,0,0,0,0,0,0,0,0,0,0,0,0,0,0,0,33,54,55,32,59,0,0
g361031591032,118,0,0,0,0,0,0,0,0,23,0,0,0,0,0,0,32,7,32,0,0,0,24,0,0
g361031591033,489,0,0,0,0,0,0,0,0,0,0,0,18,0,23,44,17,48,141,117,70,0,11,0,0
g361031591034,180,0,0,0,0,0,0,0,0,0,0,9,0,0,10,0,56,53,46,6,0,0,0,0,0
g361031591051,489,0,0,0,0,0,0,0,13,0,0,0,0,0,0,0,0,0,52,146,263,15,0,0,0
g361031591052,13,0,0,0,0,0,0,0,0,0,0,0,0,0,0,0,0,0,0,0,0,13,0,0,0
g361031591053,597,0,0,0,0,0,0,0,0,0,0,0,0,0,0,0,0,0,44,133,394,26,0,0,0
g361031591054,434,0,0,0,0,0,0,0,0,0,0,0,0,0,0,0,0,12,17,63,282,39,21,0,0
g361031591061,434,0,0,0,0,0,0,0,0,0,0,0,0,0,8,0,0,0,87,116,195,28,0,0,0
g361031591062,341,0,0,0,0,0,0,11,0,0,0,0,0,0,0,0,0,0,48,85,144,48,5,0,0
g361031591063,369,0,0,0,0,0,0,0,0,0,0,0,0,0,0,0,0,0,16,81,165,103,4,0,0
g361031591071,409,0,0,0,0,0,0,0,0,0,0,0,0,0,0,0,9,8,48,57,235,43,0,0,9
g361031591072,300,0,0,0,0,0,0,0,0,0,0,0,0,0,0,0,0,11,31,14,178,58,8,0,0
g361031591073,416,0,0,0,0,0,0,0,0,0,0,0,0,0,0,0,10,8,34,82,170,88,10,14,0
g361031591081,190,0,0,0,0,0,0,0,0,0,0,0,0,0,0,0,0,0,50,41,69,19,0,0,11
g361031591082,891,0,0,0,0,0,0,0,0,0,0,0,0,0,0,0,0,0,135,339,337,80,0,0,0
g361031591083,369,14,0,0,0,0,0,0,0,0,0,0,0,0,0,0,8,0,64,159,91,33,0,0,0
g361031591084,329,24,0,0,0,0,0,0,0,21,0,0,0,0,0,0,0,0,0,39,125,80,0,0,40
g361031591085,290,0,0,0,0,8,0,0,0,0,0,0,0,0,0,0,0,34,15,15,144,26,48,0,0
g361031592011,424,8,0,0,9,0,0,0,0,0,0,0,0,0,0,0,0,11,18,90,163,59,66,0,0
g361031592012,472,8,0,0,0,0,0,0,0,0,0,0,0,12,0,0,10,36,44,162,160,24,16,0,0
g361031592031,544,15,0,0,0,0,0,23,0,0,0,0,0,0,0,46,16,0,99,99,122,68,42,0,14
g361031592032,778,0,0,0,0,0,0,0,0,0,0,11,0,0,0,0,14,69,40,165,319,90,70,0,0
g361031592033,438,32,0,0,0,0,0,0,0,0,0,0,0,0,0,0,0,0,52,84,144,32,81,13,0
g361031592041,227,0,0,0,0,8,0,0,0,0,0,0,0,7,0,0,11,9,19,70,75,21,7,0,0
g361031592042,239,0,0,0,0,0,0,0,0,0,0,0,0,0,0,0,0,0,29,19,171,8,8,4,0
g361031592043,317,0,0,0,0,0,0,0,0,0,0,0,0,0,0,0,0,0,0,45,93,70,109,0,0
g361031592044,340,0,0,0,0,0,0,0,0,0,0,0,0,0,0,0,0,8,0,72,76,100,76,0,8
g361031593001,240,0,0,0,0,0,0,0,0,0,0,0,0,0,0,0,0,0,0,0,11,40,86,35,68
g361031593002,537,0,0,5,0,0,0,10,4,6,0,0,0,0,0,0,0,5,37,28,256,120,57,4,5
g361031594041,104,0,0,0,0,0,0,0,0,0,0,0,0,0,0,0,0,0,0,8,33,17,33,0,13
g361031594042,190,0,12,0,0,0,0,0,0,0,0,0,0,0,18,24,42,18,13,20,15,15,13,0,0
g361031594043,335,0,22,0,0,0,0,0,0,0,0,0,0,0,37,0,0,68,62,85,61,0,0,0,0
g361031594044,497,0,0,0,0,0,17,0,0,0,0,0,0,0,0,32,62,33,114,75,30,134,0,0,0
g361031594045,247,0,0,0,0,0,0,0,0,0,0,0,0,0,29,13,13,52,41,50,49,0,0,0,0
g361031594061,252,8,0,0,0,0,0,0,0,0,0,0,0,0,0,0,0,0,0,78,75,22,69,0,0
g361031594062,195,0,0,0,0,0,0,0,0,0,0,0,0,0,0,0,0,0,17,45,79,29,15,10,0
g361031594063,369,10,0,0,0,0,0,9,0,0,0,0,0,0,0,0,0,8,0,26,209,53,54,0,0
g361031594071,674,10,0,0,0,13,0,0,0,8,0,12,0,0,9,14,8,37,126,188,245,0,4,0,0
g361031594072,395,13,0,0,0,10,0,0,0,0,0,0,0,0,0,6,0,39,139,58,84,30,10,0,6
g361031594073,711,14,0,0,0,0,11,0,0,0,0,0,0,6,0,33,0,8,210,264,127,28,10,0,0
g361031594081,787,25,0,0,0,0,0,0,11,0,0,0,0,0,0,22,25,68,230,208,177,10,11,0,0
g361031594082,292,0,0,0,0,0,0,0,0,0,0,0,8,0,0,0,15,22,92,58,83,6,8,0,0
g361031594101,466,0,0,16,0,0,0,0,0,0,0,0,0,0,0,0,0,0,0,38,184,121,74,33,0
g361031594102,565,0,0,0,0,0,0,0,0,0,16,0,16,0,51,0,116,0,33,32,73,69,159,0,0
g361031594103,1316,40,0,0,0,0,0,0,0,0,0,48,0,0,0,0,0,15,16,74,221,439,442,21,0
g361031594111,576,4,0,0,0,7,0,0,0,0,0,0,4,0,0,0,13,47,92,255,126,10,18,0,0
g361031594112,398,0,0,0,0,0,0,0,0,0,0,0,0,0,0,0,0,9,89,155,123,0,14,0,8
g361031594121,260,0,0,0,0,0,0,0,0,0,0,0,0,13,0,0,0,0,0,14,80,73,65,0,15
g361031594122,714,0,0,0,14,0,0,0,0,0,0,0,0,0,0,0,0,10,177,96,210,89,118,0,0
g361031594123,1008,18,15,0,0,0,0,11,13,0,31,61,53,0,50,44,102,0,31,31,101,271,156,20,0
g361031594124,283,0,0,0,0,0,0,17,0,0,0,0,0,0,0,0,0,0,0,55,58,99,21,0,33
g361031595051,441,0,0,0,0,0,0,0,16,0,0,0,0,0,0,0,0,21,103,161,140,0,0,0,0
g361031595052,331,13,0,0,0,0,0,0,0,0,0,0,0,0,17,0,0,40,33,140,88,0,0,0,0
g361031595053,350,0,0,0,0,0,0,0,0,0,0,0,0,0,0,0,0,61,126,15,94,27,27,0,0
g361031595054,394,33,0,0,0,0,0,0,0,0,0,0,6,40,0,0,24,15,124,90,23,27,12,0,0
g361031595055,569,0,0,0,0,0,0,0,0,0,0,0,0,0,11,0,87,19,132,190,98,12,20,0,0
g361031595061,451,0,0,0,0,0,0,0,0,0,0,0,0,0,0,17,117,80,51,63,93,30,0,0,0
g361031595062,637,0,0,0,0,0,0,0,0,0,0,0,0,0,14,40,49,180,91,77,147,12,27,0,0
g361031595063,386,14,0,0,0,0,0,0,0,0,0,0,0,16,0,16,42,69,119,61,36,0,13,0,0
g361031595064,557,0,0,0,13,0,0,0,0,0,0,0,0,0,0,14,127,141,88,117,57,0,0,0,0
g361031595081,483,0,0,0,0,10,0,0,0,0,0,0,0,0,0,56,83,94,137,62,23,18,0,0,0
g361031595082,440,0,0,0,11,0,0,0,0,0,0,0,0,11,44,62,28,81,78,125,0,0,0,0,0
g361031595083,357,0,0,0,0,0,0,0,0,0,17,48,0,0,16,43,77,23,25,28,38,0,42,0,0
g361031595084,535,12,0,12,0,0,0,0,0,0,9,15,0,18,79,41,125,29,36,83,76,0,0,0,0
g361031595091,209,0,0,0,0,0,0,0,0,0,0,0,20,0,6,0,0,53,34,46,43,0,7,0,0
g361031595092,230,0,0,0,0,0,0,0,0,0,0,8,0,0,29,15,57,49,30,25,0,17,0,0,0
g361031595093,161,0,0,0,0,0,0,0,0,0,0,8,0,0,13,6,0,0,74,44,0,0,7,9,0
g361031595101,58,0,0,0,0,0,0,0,0,0,10,0,10,0,1,0,0,0,2,2,11,3,6,13,0
g361031595102,3,0,0,0,0,0,0,0,0,0,0,0,0,0,0,0,0,0,0,1,1,0,1,0,0
g361031595111,480,0,0,0,0,0,0,0,0,0,0,0,17,0,0,21,14,155,166,0,94,13,0,0,0
g361031595112,433,14,1,2,0,0,0,4,5,8,7,0,2,0,2,25,31,14,171,23,69,43,1,0,11
g361031595113,260,0,0,0,0,0,0,0,0,0,0,0,0,0,0,0,55,35,38,81,51,0,0,0,0
g361031595114,563,0,0,0,0,0,0,0,0,0,0,0,0,17,6,52,42,63,179,88,116,0,0,0,0
g361031595121,524,0,0,0,0,0,0,0,0,0,0,0,0,0,45,11,73,77,175,52,69,11,11,0,0
g361031596011,458,0,0,0,0,0,0,0,0,0,0,0,0,0,12,0,0,0,18,29,114,121,148,16,0
g361031596012,454,0,0,0,0,0,14,0,13,0,0,0,0,0,26,0,17,14,51,108,96,60,44,0,11
g361031596013,230,14,0,0,0,0,0,0,0,0,0,0,0,0,16,13,0,12,0,85,60,30,0,0,0
g361031596014,440,0,0,0,0,0,0,0,0,0,0,0,0,0,0,0,0,0,0,15,154,99,96,76,0
g361031596015,534,13,0,0,0,0,0,0,0,0,0,0,0,0,0,0,0,0,0,14,241,142,69,55,0
g361031596021,859,0,0,0,0,0,0,0,10,0,0,0,25,0,0,0,0,0,38,37,365,225,92,67,0
g361031596022,466,17,0,0,0,0,0,0,0,0,0,0,0,0,0,0,0,20,27,99,123,99,56,9,16
g361031697011,399,0,0,0,0,0,0,0,0,20,0,0,0,0,0,0,0,0,14,0,75,154,91,45,0
g361031697012,331,0,0,0,0,0,0,0,0,0,0,0,0,0,0,0,0,0,12,131,147,0,41,0,0
g361031697013,723,0,0,0,0,25,0,0,13,36,0,36,0,0,0,0,0,24,101,20,232,121,115,0,0
g361031697014,463,0,0,0,0,0,0,0,9,0,0,0,0,0,14,0,0,0,0,18,87,167,111,57,0
g361031697015,618,0,0,0,0,0,0,11,0,0,0,0,0,12,0,24,0,0,12,0,143,285,131,0,0
g361031697031,595,6,0,0,0,4,0,0,0,0,0,0,0,0,0,0,16,5,8,69,217,133,79,48,10
g361031697041,302,0,0,0,18,0,18,0,0,0,0,0,0,0,17,35,0,0,0,15,48,70,62,0,19
g361031697042,353,0,0,0,0,0,12,0,0,0,0,0,0,0,0,0,0,0,11,0,167,111,52,0,0
g361031697043,262,18,0,0,0,0,0,0,0,0,0,0,0,0,0,0,0,0,0,40,131,0,18,39,16
g361031697044,621,15,17,0,76,0,20,37,35,19,37,74,50,35,54,21,58,0,55,18,0,0,0,0,0
g361031697045,256,0,18,48,0,0,58,0,17,0,0,0,17,0,0,38,0,0,0,45,0,15,0,0,0
g361031697046,631,0,19,0,0,0,0,0,0,16,0,16,0,0,0,29,32,20,124,17,163,154,41,0,0
g361031698001,396,0,0,0,0,0,0,0,0,0,0,0,0,0,0,0,6,90,86,54,111,30,19,0,0
g361031698002,271,0,0,0,0,0,0,0,0,0,0,9,0,0,0,0,0,0,64,72,119,7,0,0,0
g361031698003,442,12,9,0,9,0,51,0,0,0,0,0,0,0,0,0,56,8,11,68,169,49,0,0,0
g361031698004,56,0,0,0,0,0,0,0,0,0,0,0,0,0,0,0,9,11,0,21,0,0,0,9,6
g361031699011,342,0,24,0,0,7,0,0,0,0,0,0,7,0,0,0,12,25,31,56,71,34,75,0,0
g361031699012,1056,7,0,0,0,0,0,0,0,0,0,0,0,0,18,0,0,23,85,198,405,229,83,8,0
g361031699021,563,0,0,0,0,0,0,0,0,0,0,0,0,0,0,0,0,0,0,0,225,94,77,101,66
g361031699022,250,0,0,0,0,0,0,0,0,0,0,0,0,0,49,0,0,0,0,0,24,68,28,81,0
g361031699023,245,0,0,0,0,0,0,0,0,0,0,0,0,0,50,0,0,0,0,0,151,0,28,16,0
g361031699024,104,0,0,0,0,0,0,0,0,0,0,0,0,0,0,0,0,0,0,0,45,47,12,0,0
g361031699025,419,0,0,0,0,0,0,0,0,0,0,0,0,0,0,0,50,0,0,0,82,174,84,29,0
g361031700011,580,0,0,0,0,0,0,0,0,0,0,0,9,0,0,0,0,0,16,33,189,124,70,96,43
g361031700012,493,0,0,0,0,0,0,0,0,0,0,0,0,0,13,0,0,0,21,27,142,71,69,97,53
g361031700013,229,0,0,0,0,0,0,0,0,0,0,0,0,0,0,0,0,0,16,0,0,96,83,22,12
g361031700014,208,0,0,0,0,0,0,0,0,0,0,0,0,0,0,0,0,0,0,0,34,156,18,0,0
g361031700015,449,0,0,0,0,0,0,0,0,0,0,0,0,0,0,0,0,23,0,0,39,98,172,15,102
g361031700021,252,0,0,0,0,0,0,0,0,0,0,0,0,0,0,0,29,0,15,15,8,48,60,32,45
g361031700022,414,9,0,0,0,0,0,0,0,0,0,0,0,0,10,0,0,0,0,29,55,123,53,72,63
g361031700023,273,0,0,0,0,0,0,0,0,0,0,0,0,0,0,0,0,0,0,0,58,33,86,37,59
g361031700024,263,0,0,0,0,0,0,0,10,0,0,0,0,0,0,0,9,0,0,0,21,125,74,15,9
g361031700025,253,0,11,0,0,0,0,0,0,0,0,0,0,0,0,0,0,0,2,0,5,67,72,56,40
g361031701011,228,0,0,6,0,0,0,0,0,0,0,0,0,0,2,0,0,6,14,6,66,87,35,0,6
g361031701012,210,0,0,0,0,0,0,0,0,0,0,0,0,0,0,0,0,0,6,9,46,23,62,52,12
g361031702011,569,23,0,0,0,0,0,0,0,0,0,23,0,17,0,0,0,0,0,0,82,110,234,66,14
g361031702012,505,39,0,0,0,0,0,0,0,0,0,0,0,0,0,0,0,0,0,20,47,177,200,0,22
g361031702013,289,0,0,0,0,0,0,0,0,0,0,0,0,0,0,0,0,0,0,18,55,18,155,43,0
g361031702014,219,0,0,0,0,0,0,0,0,0,0,0,0,0,0,0,0,0,0,0,15,75,99,30,0
g361031702015,194,18,0,0,0,0,0,15,0,0,0,26,0,0,0,15,0,0,0,0,16,16,58,19,11
g361031702016,318,0,0,0,0,0,0,0,0,0,0,0,0,0,0,0,0,0,0,0,59,82,51,27,99
g361031702017,241,15,0,0,0,0,0,0,0,0,0,0,0,0,0,38,0,0,0,0,48,58,56,26,0
g361031702021,144,0,0,0,0,0,0,0,0,0,0,0,0,0,0,0,0,0,0,0,37,55,33,19,0
g361031702022,111,0,0,0,0,0,0,0,0,0,0,0,0,0,0,0,2,0,0,5,0,5,36,3,60
g361031702023,404,4,0,0,0,0,0,0,0,0,0,0,0,0,0,0,4,0,14,9,68,120,107,16,62
g361031702024,330,4,0,0,0,0,0,0,0,0,0,0,11,0,0,0,0,4,0,0,18,48,107,81,57
g361031702025,587,7,0,0,0,0,0,0,0,0,0,0,0,0,0,0,0,0,0,44,209,84,167,44,32
g361031803001,498,0,0,0,0,0,0,0,0,0,0,0,0,0,0,0,0,0,0,19,9,49,162,70,189
g361031803002,443,0,0,0,0,0,0,0,0,0,0,0,0,0,0,0,0,0,19,0,17,43,201,91,72
g361031904011,346,0,0,0,0,0,0,0,0,0,0,0,0,0,21,0,0,0,60,132,108,25,0,0,0
g361031904012,72,0,0,0,0,0,0,0,0,0,0,0,0,0,0,0,4,34,0,14,20,0,0,0,0
g361031904013,427,0,0,58,19,0,24,0,19,16,51,81,0,64,0,0,0,0,0,21,48,15,11,0,0
g361031904014,0,0,0,0,0,0,0,0,0,0,0,0,0,0,0,0,0,0,0,0,0,0,0,0,0
g361031904015,159,27,0,0,0,0,0,0,0,0,12,0,0,13,21,0,0,23,5,8,30,20,0,0,0
g361031904016,273,0,0,0,0,0,0,0,0,0,0,0,12,0,0,0,0,17,14,18,122,56,16,18,0
g361031904017,544,0,0,0,0,0,20,0,0,0,0,0,0,0,35,0,7,10,38,109,154,162,9,0,0
g361031904021,337,0,0,0,0,0,0,0,12,5,0,0,0,0,10,0,0,0,28,17,92,10,118,26,19
g361031904022,351,0,0,0,0,0,0,0,0,0,0,0,0,5,0,0,0,0,29,5,63,77,57,50,65
g361031904031,264,0,0,0,0,0,0,0,0,0,0,0,0,0,0,0,0,0,0,0,69,22,65,40,68
g361031904032,244,0,0,0,0,0,0,0,0,6,0,8,0,0,0,0,0,8,0,45,58,58,44,17,0
g361031904033,272,0,0,0,0,0,8,0,0,0,0,0,0,0,0,0,7,0,0,56,103,3,78,9,8
g361031905021,197,10,0,0,0,8,0,0,0,9,0,0,0,0,0,0,0,0,22,0,0,28,70,12,38
g361031905022,279,3,0,0,0,2,0,0,0,0,0,0,0,0,0,0,0,0,4,3,36,70,72,38,51
g361031905023,348,0,0,0,0,0,0,0,0,0,0,0,3,0,0,4,0,0,7,16,35,18,46,67,152
g361031905031,168,0,0,0,0,0,0,0,8,0,0,0,0,0,0,0,0,0,0,10,50,31,41,21,7
g361031905032,231,0,0,0,0,0,0,0,0,0,0,0,0,0,0,0,23,6,0,10,28,83,62,5,14
g361031905033,324,0,0,0,0,0,0,0,0,0,0,0,0,0,0,0,0,0,8,0,30,33,128,37,88
g361031905034,160,0,0,9,0,0,0,0,0,0,0,0,0,0,0,0,0,0,0,0,0,41,48,41,21
g361031905041,218,16,4,0,0,0,0,0,2,0,0,0,0,0,7,0,0,0,0,0,0,30,33,44,82
g361031905042,188,0,0,0,0,0,6,0,0,0,0,0,0,0,0,6,0,0,0,6,0,24,50,22,74
g361031905043,204,0,0,0,0,0,0,0,0,0,0,0,0,0,0,0,0,0,0,0,6,34,60,61,43
g361031906011,163,0,0,0,0,0,0,0,0,0,0,0,0,0,0,0,0,0,0,0,16,9,32,49,57
g361031906012,311,0,0,10,0,0,0,0,31,0,11,0,0,0,0,0,0,7,29,0,74,110,39,0,0
g361031906013,406,10,0,0,0,0,0,0,0,0,0,0,0,0,0,0,0,0,0,24,10,87,161,48,66
g361031906014,300,0,0,0,0,0,0,0,8,0,0,0,0,0,0,0,0,0,0,0,98,77,117,0,0
g361031906015,140,0,0,0,0,0,0,0,0,0,0,0,0,0,0,0,0,0,0,11,43,70,7,0,9
g361031906016,176,0,0,0,0,0,0,0,0,0,0,0,0,10,8,0,0,0,0,0,0,0,36,35,87
g361031906031,324,8,0,0,0,0,0,0,0,28,7,0,0,0,10,0,0,0,10,0,80,95,68,18,0
g361031906032,553,10,0,0,0,0,10,0,10,0,0,0,0,0,0,0,31,11,46,31,151,160,76,17,0
g361031906033,398,9,0,0,0,0,0,0,10,0,0,0,0,0,0,0,0,0,0,26,75,35,178,47,18
g361031906041,654,7,0,0,0,0,0,14,8,0,0,0,0,0,0,0,0,19,31,0,270,157,143,5,0
g361031906042,454,0,0,0,0,0,0,0,16,0,0,0,0,0,0,0,0,0,0,0,164,139,90,36,9
g361031906043,185,0,0,0,0,0,0,0,0,0,0,0,0,12,0,0,11,0,11,0,14,46,60,11,20
g361031907041,287,0,0,0,0,0,0,0,0,0,0,18,0,0,0,0,0,0,0,0,0,12,37,145,75
g361031907042,148,0,0,0,0,0,0,0,0,0,0,0,0,0,0,0,0,0,0,0,11,7,32,29,69
g361031907043,107,0,0,0,0,0,0,0,0,0,0,0,0,0,0,0,0,0,0,2,4,0,0,18,83
g361031907044,180,0,0,0,0,0,4,0,0,0,0,0,0,0,0,0,3,0,0,0,9,29,10,0,125
g361031907045,306,0,0,0,0,0,0,0,0,0,0,0,0,0,32,10,0,0,0,0,0,0,0,13,251
g361031907051,60,0,0,0,0,0,0,7,3,3,0,0,0,0,5,0,3,0,0,3,7,0,16,0,13
g361031907052,394,10,0,0,0,0,0,0,0,0,0,0,0,0,0,0,12,0,0,0,63,18,90,38,163
g361031907053,135,0,0,0,0,0,0,0,0,0,0,0,0,0,0,0,0,0,0,11,12,10,58,22,22
g361031907054,294,0,0,0,0,0,0,0,0,0,0,0,9,0,0,0,0,0,0,0,43,35,106,26,75
g361031907055,168,0,0,0,0,0,0,0,0,0,0,0,0,0,0,0,0,0,8,0,0,10,105,23,22
g361031907061,411,17,0,0,0,0,0,0,0,0,0,0,0,0,0,0,0,0,0,0,0,23,166,121,84
g361031907062,388,0,0,0,0,0,0,0,0,0,0,0,0,0,0,0,0,0,0,0,108,34,123,71,52
g361031907063,241,0,0,0,0,0,0,0,0,0,0,0,0,0,31,0,0,0,0,0,0,0,0,58,152
g361031907064,206,0,0,0,0,0,0,0,0,0,0,0,0,0,12,0,0,0,0,10,0,14,42,55,73
g361031907065,160,0,0,0,0,0,0,0,0,0,0,0,0,0,0,0,0,0,6,0,13,2,72,33,34
g361031907071,505,18,0,0,0,0,0,0,0,0,0,13,0,0,0,0,0,0,25,8,0,25,126,124,166
g361031907072,296,0,0,0,0,0,0,0,0,0,0,0,0,0,0,0,0,0,0,0,10,37,126,52,71
g361031907073,226,0,0,0,0,0,0,0,0,0,0,0,0,0,0,0,0,0,0,0,0,18,29,59,120
g361031907074,297,3,0,0,0,0,0,0,0,0,0,0,0,0,0,0,0,0,0,0,8,0,126,100,60
g361031907075,499,0,0,0,0,0,0,0,0,0,0,0,0,0,0,0,14,0,0,0,55,36,171,168,55
g361031907081,331,2,0,0,0,0,0,2,0,0,0,0,0,0,2,0,0,0,0,3,0,2,47,87,186
g361031907082,339,0,0,0,0,0,0,0,0,0,0,4,0,0,0,0,0,0,0,32,0,11,62,106,124
g361031908001,201,0,0,0,0,0,0,0,0,0,0,0,0,0,8,0,0,0,0,0,21,0,22,89,61
g361031908002,297,8,0,0,0,0,0,0,0,0,0,0,0,0,0,0,0,0,20,0,0,0,10,34,225
g361031908003,270,0,0,0,0,0,0,0,0,0,0,0,0,13,0,0,0,0,0,0,0,0,23,64,170
g361031908004,140,0,0,0,0,0,0,0,0,0,0,0,0,17,9,0,0,0,4,0,0,0,0,0,110
g361032009011,204,3,0,0,0,0,0,0,0,0,0,0,0,0,0,0,5,3,0,0,0,5,12,54,122
g361032009012,220,0,0,0,0,0,0,0,0,0,0,0,0,0,0,0,0,0,4,0,6,6,3,8,193
g361032009021,558,0,0,0,0,0,0,0,0,0,0,0,0,0,0,0,0,0,0,0,18,0,74,150,316
g361032009022,291,0,0,0,0,0,0,0,0,0,0,0,0,0,0,0,0,0,0,0,0,13,74,71,133
g361032009023,259,19,0,0,0,0,0,0,0,0,0,17,0,0,0,0,0,0,0,0,0,18,62,58,85
g361032009024,190,0,0,0,0,0,0,0,0,0,0,0,0,0,0,0,0,0,20,0,0,35,24,57,54
g361032009025,223,0,0,0,0,0,0,0,0,0,0,0,0,0,12,0,0,2,4,2,0,0,16,56,131
g361032009026,573,16,0,0,0,0,0,0,14,0,0,0,0,0,0,0,0,17,0,0,40,28,67,169,222
g361032009027,279,0,0,0,0,0,0,0,0,0,0,0,0,0,0,0,0,0,0,0,6,24,66,89,94
g361032010011,418,0,0,0,0,0,0,0,0,0,0,0,0,0,0,0,0,0,0,0,28,43,183,118,46
g361032010012,263,0,0,0,0,0,14,0,0,0,0,0,0,0,0,0,0,0,0,0,0,32,30,88,99
g361032010013,410,0,0,0,0,0,0,0,0,0,0,0,0,0,0,0,22,0,0,0,56,0,212,51,69
g361032010014,282,0,0,0,0,0,0,0,0,16,0,0,0,0,0,0,0,0,0,0,14,31,108,65,48
g361032010015,524,0,0,0,0,0,0,0,0,0,0,21,0,0,0,0,15,27,0,0,31,29,252,132,17
g361032010031,285,0,0,0,0,0,12,0,0,0,0,0,0,0,0,0,0,0,0,5,48,30,54,102,34
g361032010032,174,0,0,0,0,0,0,0,0,0,0,0,0,0,0,0,9,0,0,7,0,0,51,19,88
g361032010033,74,0,0,0,0,0,0,19,0,0,0,0,0,0,0,0,0,0,14,0,3,0,9,13,16
g361032010034,235,0,0,0,0,0,0,0,0,0,0,0,0,0,4,0,0,0,0,0,18,3,14,16,180
g361032010035,312,0,0,0,0,0,0,0,0,0,0,0,0,0,0,0,0,0,0,0,0,72,115,25,100
g361032010041,95,0,0,0,0,0,0,0,0,0,0,0,0,0,0,0,0,0,0,0,0,15,0,11,69
g361032010042,183,0,0,0,0,0,0,0,0,0,0,0,0,0,0,0,0,0,0,0,65,0,19,22,77
g361032010043,216,0,0,0,0,0,0,0,11,0,13,0,0,0,0,0,39,0,0,0,0,0,79,29,45
g361032010044,150,0,0,0,0,0,0,0,0,0,0,0,0,0,0,0,0,0,0,10,0,20,35,31,54
g361032010045,465,0,0,0,0,0,0,0,0,0,0,0,0,0,0,0,0,0,11,15,0,8,216,135,80
g361032010046,267,0,0,0,0,0,0,0,0,0,0,0,0,0,0,0,0,0,0,0,0,0,73,75,119
g361032011001,498,10,0,0,0,5,0,0,0,0,0,0,0,0,0,52,12,36,87,204,72,10,4,6,0
g361032011002,308,0,0,0,0,0,0,0,0,0,0,0,0,0,0,0,9,60,30,52,95,9,37,0,16
g361032011003,0,0,0,0,0,0,0,0,0,0,0,0,0,0,0,0,0,0,0,0,0,0,0,0,0
g361032011004,378,0,0,0,0,0,0,0,0,0,0,0,0,0,0,7,50,71,154,24,59,0,13,0,0
g361039901000,0,0,0,0,0,0,0,0,0,0,0,0,0,0,0,0,0,0,0,0,0,0,0,0,0
