GEOID,SE_T007_001,SE_T007_002,SE_T007_003,SE_T007_004,SE_T007_005,SE_T007_006,SE_T007_007,SE_T007_008,SE_T007_009,SE_T007_010,SE_T007_011,SE_T007_012,SE_T007_013
g361031101011,1463,37,52,197,118,169,41,102,334,174,140,54,45
g361031101012,2221,71,181,302,194,126,51,200,433,326,170,112,55
g361031101021,1874,100,137,134,162,134,113,229,335,283,107,95,45
g361031101022,1064,0,48,90,53,125,66,88,181,190,144,67,12
g361031101023,992,134,56,76,18,34,20,122,259,105,100,35,33
g361031101024,1111,58,82,110,39,27,55,157,183,197,128,42,33
g361031102001,1158,22,78,179,64,55,136,110,232,122,97,45,18
g361031102002,640,0,0,0,17,59,54,76,109,199,94,32,0
g361031102003,656,0,33,33,32,38,88,94,39,209,74,16,0
g361031102004,1345,68,73,30,31,99,64,123,307,197,131,169,53
g361031102005,1031,20,18,98,65,237,0,41,252,223,61,16,0
g361031103001,610,5,17,7,16,33,46,41,86,195,83,56,25
g361031103002,1582,65,119,116,46,82,58,251,119,471,113,109,33
g361031103003,943,18,26,75,32,58,181,91,177,135,28,72,50
g361031103004,1191,47,38,104,41,20,137,129,365,135,157,18,0
g361031103005,831,15,56,80,42,59,55,83,146,158,64,67,6
g361031104011,861,44,44,54,82,68,63,114,119,181,74,11,7
g361031104012,2019,110,128,165,76,145,136,215,384,242,202,138,78
g361031104021,1682,125,90,169,75,49,125,257,250,279,121,73,69
g361031104022,1454,71,87,94,72,162,97,203,303,211,97,41,16
g361031105011,2581,129,264,280,169,204,73,385,432,301,242,94,8
g361031105012,691,27,50,72,30,11,53,104,121,111,52,60,0
g361031105021,1450,85,67,113,99,124,71,175,351,166,116,60,23
g361031105022,1421,24,58,216,107,76,34,199,304,140,129,62,72
g361031106001,1723,97,183,91,23,56,187,210,252,371,97,122,34
g361031106002,1822,19,157,234,113,69,48,344,328,231,156,95,28
g361031106003,1988,25,72,210,35,79,217,238,327,381,276,122,6
g361031106004,1224,30,52,68,39,139,145,145,221,206,86,81,12
g361031106005,660,64,21,55,0,33,44,111,0,153,109,26,44
g361031108011,1374,56,53,145,42,64,140,90,213,239,210,96,26
g361031108012,576,25,13,29,26,42,27,65,76,149,79,22,23
g361031108031,1270,58,33,134,56,93,63,82,226,277,110,62,76
g361031108032,2265,58,87,176,233,258,228,226,544,244,122,58,31
g361031108033,1171,0,36,69,91,153,17,29,290,190,95,186,15
g361031108034,1104,15,150,117,75,50,40,153,283,53,100,16,52
g361031109011,947,36,34,49,31,25,310,80,169,136,60,17,0
g361031109012,430,22,34,0,32,19,10,59,45,61,106,42,0
g361031109013,1362,83,103,12,0,25,292,321,211,133,83,76,23
g361031109021,1134,96,167,85,66,85,149,215,92,65,56,45,13
g361031109022,1465,97,80,84,87,175,112,258,203,89,191,56,33
g361031109023,1270,70,46,98,27,94,202,178,191,217,68,45,34
g361031110011,1147,71,66,84,16,55,154,111,175,172,126,81,36
g361031110012,1121,44,62,87,57,56,188,120,252,150,53,35,17
g361031110021,602,38,0,48,39,110,61,81,105,17,78,16,9
g361031110022,985,10,53,39,22,68,167,93,260,154,81,30,8
g361031110023,2651,239,384,293,181,270,342,553,196,107,63,16,7
g361031110024,1464,187,144,48,22,43,270,311,115,150,113,53,8
g361031111001,3030,214,222,241,49,398,278,421,393,343,180,108,183
g361031111002,2138,162,239,299,106,350,282,269,237,108,66,20,0
g361031111003,1089,29,86,93,85,79,110,193,142,142,92,38,0
g361031111004,1795,126,28,29,85,303,201,184,411,155,176,24,73
g361031111005,1060,196,0,34,91,149,133,78,343,18,18,0,0
g361031112011,2064,90,185,121,49,100,487,528,49,289,132,27,7
g361031112012,1676,58,144,157,78,244,248,297,257,75,71,40,7
g361031112013,844,112,33,0,33,50,87,112,115,113,109,56,24
g361031112021,2476,66,116,136,139,290,233,386,576,255,148,104,27
g361031112022,594,53,87,13,8,0,55,185,80,86,27,0,0
g361031112023,1264,105,91,88,68,102,124,225,197,107,93,56,8
g361031113001,1786,82,84,150,112,80,213,166,423,170,141,116,49
g361031113002,1852,35,193,153,132,64,100,196,419,240,135,116,69
g361031113003,1080,23,95,102,30,109,50,149,149,202,100,55,16
g361031114011,1290,66,112,43,37,68,97,276,164,176,185,39,27
g361031114021,1683,77,151,126,80,157,123,298,273,205,114,79,0
g361031114022,1671,171,85,131,35,116,210,131,323,268,133,48,20
g361031114023,805,16,40,42,0,21,83,106,72,253,65,41,66
g361031114024,955,66,40,33,64,65,132,126,104,179,81,48,17
g361031115031,757,16,37,83,43,51,28,102,129,95,66,94,13
g361031115032,2293,138,221,203,103,319,236,214,336,254,152,109,8
g361031115033,1498,98,121,104,35,74,98,117,204,120,190,199,138
g361031115041,1430,142,90,121,64,89,51,196,385,62,163,55,12
g361031115051,2849,126,227,360,135,126,102,465,412,265,251,138,242
g361031115052,1054,95,41,67,44,128,175,111,182,100,53,50,8
g361031115053,841,214,11,49,12,94,123,71,138,86,0,43,0
g361031115054,2026,91,26,230,107,186,218,195,443,255,106,149,20
g361031115061,1804,20,189,127,135,63,67,315,440,172,176,54,46
g361031115062,1805,197,125,182,43,183,277,118,185,271,101,68,55
g361031116011,1479,101,117,87,34,23,203,224,209,227,111,94,49
g361031116012,2210,26,208,155,95,150,202,231,413,518,127,78,7
g361031116021,1785,115,85,112,138,135,168,206,358,270,105,82,11
g361031116022,1474,99,75,79,70,82,141,161,356,117,179,106,9
g361031117011,819,17,62,59,92,80,50,90,74,168,112,15,0
g361031117012,1596,40,163,164,30,102,118,411,157,251,106,16,38
g361031117013,829,45,22,39,66,74,150,64,194,118,39,18,0
g361031117014,977,64,41,71,28,98,94,175,200,92,54,47,13
g361031117015,1558,65,47,104,37,158,263,187,174,330,110,72,11
g361031117031,899,45,50,92,30,115,44,172,147,124,29,51,0
g361031117032,2242,73,118,251,100,172,114,294,401,239,208,167,105
g361031117041,1160,54,116,89,119,112,37,147,204,139,86,35,22
g361031117042,935,97,49,14,27,46,39,139,177,137,95,91,24
g361031117043,1054,38,92,53,41,129,76,114,205,126,141,20,19
g361031118011,918,0,30,88,127,0,16,136,192,128,105,69,27
g361031118012,1554,63,111,151,199,35,45,217,281,207,103,119,23
g361031118013,2515,191,77,179,76,297,222,217,619,326,97,167,47
g361031118014,807,57,52,54,25,15,92,125,89,100,109,89,0
g361031118021,1785,88,84,107,91,116,227,198,241,335,176,107,15
g361031118022,1103,30,44,100,107,116,59,98,267,149,73,54,6
g361031118031,1512,49,67,195,100,115,52,260,226,239,133,63,13
g361031118032,1163,34,110,132,77,57,110,143,203,115,79,78,25
g361031118041,2322,63,160,279,163,126,211,255,484,217,199,146,19
g361031119001,1165,29,67,79,57,61,66,127,153,284,163,40,39
g361031119002,862,79,75,27,22,23,61,86,202,98,108,64,17
g361031119003,736,37,41,58,22,23,127,81,170,118,37,7,15
g361031119004,1182,39,52,150,52,76,66,103,226,205,114,72,27
g361031119005,1179,18,50,63,71,112,134,95,307,118,114,84,13
g361031120011,1695,30,40,92,99,230,139,229,396,179,129,112,20
g361031120012,2889,235,108,213,56,216,479,326,409,470,235,93,49
g361031120021,2160,98,126,87,114,183,221,196,359,345,187,143,101
g361031120022,1203,89,10,70,45,129,116,104,250,109,146,100,35
g361031120023,1515,28,73,175,10,145,84,181,310,160,186,100,63
g361031121021,2520,9,139,236,143,180,229,275,424,455,264,97,69
g361031121022,1421,61,80,72,75,149,198,155,191,248,147,38,7
g361031121031,976,87,23,81,49,39,85,146,296,44,67,29,30
g361031121032,1841,99,143,116,131,127,139,243,393,154,204,84,8
g361031121033,1657,59,31,77,0,74,95,86,172,186,134,347,396
g361031121041,2491,121,156,98,205,222,249,289,560,306,232,46,7
g361031122041,1297,19,134,125,26,106,100,98,286,220,97,75,11
g361031122042,1132,108,55,73,7,44,65,273,131,159,109,68,40
g361031122043,1398,101,126,67,61,118,114,266,247,93,99,62,44
g361031122061,3139,147,122,260,193,212,205,508,483,204,303,274,228
g361031122062,1833,132,163,170,135,120,64,311,345,137,139,96,21
g361031122063,2670,44,269,87,66,244,157,179,613,485,143,270,113
g361031122064,488,38,37,27,15,21,0,136,83,15,57,47,12
g361031122101,1108,22,25,156,45,31,26,49,327,182,104,90,51
g361031122102,2096,15,236,115,159,80,82,280,472,233,287,82,55
g361031122103,2272,31,230,113,173,280,202,145,629,249,69,117,34
g361031122104,1810,75,253,89,92,172,91,259,449,143,46,118,23
g361031122111,2285,130,105,174,217,253,189,260,524,252,96,85,0
g361031122112,1513,58,167,46,93,154,128,200,303,168,94,78,24
g361031122113,959,41,88,76,23,43,46,158,194,138,60,55,37
g361031122121,922,0,53,88,27,70,67,70,145,214,109,79,0
g361031122122,2373,119,107,237,220,325,169,193,411,246,206,120,20
g361031122131,2593,138,238,200,211,213,175,314,518,304,183,67,32
g361031122132,1225,13,9,44,25,127,237,120,148,300,103,60,39
g361031122133,1381,100,93,119,142,49,69,162,299,127,166,55,0
g361031122141,993,0,0,57,192,24,39,129,181,83,251,13,24
g361031122142,2900,129,215,369,154,303,64,294,703,459,147,50,13
g361031122143,2505,34,57,8,31,113,12,70,156,263,1019,652,90
g361031122144,873,24,94,66,49,0,57,250,147,119,67,0,0
g361031223001,1903,24,66,170,109,543,272,51,254,228,100,61,25
g361031223002,2556,134,202,99,116,290,310,461,430,296,145,73,0
g361031224031,1412,62,51,130,65,121,96,275,261,183,96,58,14
g361031224032,1066,72,49,116,29,134,143,157,154,122,58,27,5
g361031224041,2250,155,161,170,46,263,307,319,360,241,113,92,23
g361031224042,1392,68,91,163,91,108,117,327,134,156,51,80,6
g361031224051,2892,89,232,217,207,444,249,301,608,273,205,59,8
g361031224052,907,70,113,82,12,79,90,155,97,137,44,28,0
g361031224061,1575,209,146,68,67,121,354,167,162,95,131,39,16
g361031224062,1963,180,85,134,61,345,282,310,308,105,143,0,10
g361031224063,1930,79,84,184,93,271,287,258,356,272,35,11,0
g361031225011,1130,35,129,137,33,236,129,205,124,22,47,14,19
g361031225012,1362,79,107,133,14,179,118,153,194,192,97,96,0
g361031225013,1380,56,75,89,104,172,186,230,166,161,75,58,8
g361031225021,2940,131,220,271,107,319,331,438,594,233,158,107,31
g361031225022,703,98,57,52,0,140,89,44,142,30,33,8,10
g361031225023,979,0,45,128,12,114,128,121,118,112,69,83,49
g361031226011,2066,123,150,122,74,193,302,256,361,273,103,33,76
g361031226012,1660,98,175,142,65,95,181,267,209,150,104,99,75
g361031226013,1922,89,146,93,59,239,336,126,299,355,62,67,51
g361031226021,2504,113,280,125,88,196,206,328,562,294,158,148,6
g361031226022,2438,85,152,172,85,219,259,308,368,356,234,155,45
g361031226031,1454,130,148,116,0,94,364,205,61,249,37,20,30
g361031226032,2149,237,201,98,55,130,247,448,344,190,86,76,37
g361031226033,829,63,39,8,9,9,218,123,73,115,83,75,14
g361031226034,1452,46,46,127,15,147,100,201,262,186,128,166,28
g361031227041,781,75,41,36,9,117,218,56,139,67,15,3,5
g361031227042,1275,38,45,124,41,68,42,177,246,195,141,150,8
g361031227051,1620,47,51,104,82,118,260,177,184,334,180,49,34
g361031227052,1103,36,66,153,20,110,131,220,124,74,68,96,5
g361031227061,891,8,19,19,11,130,75,87,177,170,89,93,13
g361031227062,2218,147,128,227,58,171,306,326,343,163,252,86,11
g361031227063,447,39,39,38,23,35,41,46,80,51,42,13,0
g361031227071,1902,106,96,128,43,113,330,255,295,174,178,131,53
g361031227072,1296,130,116,55,12,88,145,281,261,70,58,61,19
g361031228011,1570,44,51,133,18,133,258,168,232,192,212,117,12
g361031228012,1430,59,40,106,44,72,188,239,133,244,147,89,69
g361031228013,628,21,27,0,0,0,35,65,107,174,69,76,54
g361031228014,2320,196,265,238,288,60,92,413,372,256,78,62,0
g361031228021,2098,112,186,174,71,224,245,294,380,153,124,81,54
g361031228022,2016,103,115,157,106,137,114,340,487,151,149,99,58
g361031229011,2615,184,272,217,20,115,377,361,428,325,170,146,0
g361031229012,1182,22,124,128,46,118,105,175,175,201,53,26,9
g361031229013,1157,9,64,83,47,99,140,191,114,200,164,32,14
g361031229014,1445,185,133,38,36,102,80,262,298,149,84,52,26
g361031229021,1761,86,49,65,130,264,93,236,251,338,166,56,27
g361031229022,1364,42,52,27,41,154,122,151,289,276,86,97,27
g361031229023,1549,151,129,84,56,86,186,224,215,302,32,66,18
g361031230011,1944,109,149,155,89,120,410,162,420,151,53,91,35
g361031230012,1313,87,113,86,13,73,182,169,96,213,184,90,7
g361031230013,1506,60,44,20,142,327,203,141,258,191,78,15,27
g361031230014,1368,30,86,104,51,178,145,163,310,91,122,68,20
g361031230021,2048,54,135,181,135,195,197,211,446,204,149,125,16
g361031230022,1141,30,118,27,109,45,158,188,218,127,57,60,4
g361031230023,1454,39,160,54,32,37,286,296,138,164,180,47,21
g361031231011,1308,64,153,97,51,56,89,320,165,118,119,61,15
g361031231012,565,16,13,15,48,47,74,48,104,93,46,40,21
g361031231013,1705,57,11,173,74,150,168,296,263,249,174,82,8
g361031231021,1250,59,41,30,59,164,137,151,262,208,67,26,46
g361031231022,1633,47,65,129,110,142,223,193,377,212,53,63,19
g361031231023,803,29,68,24,14,134,47,73,145,92,83,86,8
g361031232011,1930,75,211,50,77,230,234,275,291,173,149,113,52
g361031232021,1826,75,138,65,53,89,420,449,130,235,87,66,19
g361031232022,1104,64,32,27,32,41,199,0,60,84,59,172,334
g361031232023,3180,384,321,453,82,389,292,571,259,201,111,57,60
g361031232024,3273,206,206,214,148,464,462,445,416,338,286,88,0
g361031233011,1378,37,57,0,70,137,203,235,164,313,147,15,0
g361031233012,1766,178,156,156,0,246,274,185,195,126,165,47,38
g361031233013,759,18,13,93,42,29,116,107,126,167,23,25,0
g361031233014,1207,7,17,124,24,236,154,171,229,96,106,43,0
g361031233015,2161,160,56,125,100,407,343,230,318,246,92,67,17
g361031233016,1220,240,157,50,0,105,172,195,105,156,29,11,0
g361031233021,1674,178,79,177,102,217,211,184,240,157,51,46,32
g361031234011,1289,114,79,101,61,102,172,156,230,152,43,44,35
g361031234012,1670,100,83,165,65,181,263,162,305,179,94,63,10
g361031234013,1287,24,123,80,13,160,174,151,200,206,77,71,8
g361031234021,1718,129,88,170,53,254,78,416,316,90,64,36,24
g361031234022,1679,41,221,138,17,111,260,241,183,280,104,57,26
g361031234023,1176,150,96,81,13,144,125,88,330,125,16,0,8
g361031234024,762,53,15,42,66,0,175,42,158,43,53,108,7
g361031234025,1753,91,125,164,10,62,190,152,309,227,243,144,36
g361031235001,1848,169,30,183,58,133,299,187,214,282,189,80,24
g361031235002,1266,36,114,71,64,41,112,176,104,95,75,124,254
g361031235003,1430,147,91,50,53,182,108,272,213,131,95,56,32
g361031235004,1797,171,82,54,43,254,151,207,277,456,73,29,0
g361031236001,1273,12,17,47,38,58,46,75,186,320,303,139,32
g361031236002,825,65,67,34,39,68,65,77,139,166,89,8,8
g361031236003,1172,19,33,42,79,72,72,92,254,293,120,52,44
g361031237011,2080,194,159,120,62,153,243,450,309,213,81,67,29
g361031237012,1630,144,101,158,136,157,252,206,206,145,77,25,23
g361031237013,1668,36,69,106,30,162,275,225,314,252,79,78,42
g361031237014,1428,45,62,112,75,178,195,360,142,106,81,48,24
g361031237021,3187,305,75,288,128,417,531,420,406,439,92,56,30
g361031237022,2023,87,8,88,69,308,165,187,499,262,187,57,106
g361031237023,1225,97,37,76,69,88,231,178,204,122,15,67,41
g361031237024,1821,62,133,122,78,137,184,71,458,376,38,150,12
g361031238011,990,54,0,8,22,23,102,182,184,170,142,43,60
g361031238012,984,57,35,16,143,145,36,69,217,176,51,39,0
g361031238013,2173,59,108,124,63,77,297,244,474,382,202,103,40
g361031238021,1402,18,119,48,57,92,166,202,219,228,154,68,31
g361031238022,1916,54,57,95,69,223,288,237,368,348,125,37,15
g361031239001,1533,71,39,97,61,217,178,152,394,141,119,54,10
g361031239002,879,53,87,44,55,96,25,181,189,78,41,22,8
g361031239003,775,16,7,51,12,82,115,35,180,128,129,20,0
g361031239004,1567,83,92,136,63,185,172,355,179,159,78,59,6
g361031239005,447,26,14,12,10,21,77,42,72,97,41,20,15
g361031240011,2378,83,85,60,119,193,401,303,566,315,151,90,12
g361031240012,1849,63,168,56,80,182,176,289,343,205,122,107,58
g361031240013,325,9,26,22,0,8,33,45,10,74,52,46,0
g361031240021,1488,63,85,136,106,125,119,224,263,202,91,62,12
g361031240022,2043,64,51,165,80,194,180,204,396,444,143,67,55
g361031241011,2320,70,126,77,88,315,338,282,371,369,193,83,8
g361031241012,1375,31,78,63,108,165,209,157,314,94,58,64,34
g361031241013,1445,34,11,119,37,134,189,232,287,234,98,62,8
g361031241021,1398,16,83,123,60,110,225,155,222,215,101,55,33
g361031241022,1951,117,62,135,62,287,215,244,394,271,80,73,11
g361031242001,1155,25,156,15,18,169,280,87,183,101,108,13,0
g361031242002,858,45,38,45,0,96,65,64,122,65,152,101,65
g361031242003,540,22,25,26,64,0,17,123,80,52,61,38,32
g361031242004,1630,52,90,70,83,140,201,127,322,389,113,32,11
g361031242005,1347,38,66,209,164,12,104,151,312,43,121,35,92
g361031243001,1225,26,105,51,48,60,151,141,74,211,146,70,142
g361031243002,1646,13,88,140,81,130,135,389,239,179,57,133,62
g361031243003,1383,0,0,94,78,188,65,10,402,278,108,103,57
g361031243004,1631,38,55,105,64,245,124,259,173,240,180,134,14
g361031243005,602,0,0,16,76,20,112,75,154,40,41,33,35
g361031244011,631,4,9,39,0,27,144,138,88,9,85,56,32
g361031244012,960,36,57,57,18,131,81,123,197,110,69,7,74
g361031244013,2411,174,91,150,71,204,136,397,389,342,168,167,122
g361031244021,2081,106,91,145,134,234,211,301,397,248,71,98,45
g361031244022,1044,32,0,32,51,62,132,127,163,230,118,69,28
g361031244023,630,46,0,0,58,28,52,95,74,170,75,9,23
g361031245001,1165,47,69,66,59,84,124,148,203,201,18,99,47
g361031245002,998,37,56,26,40,22,115,235,160,199,84,6,18
g361031245003,1355,140,111,7,54,135,194,176,299,151,34,35,19
g361031245004,1831,51,181,209,55,109,268,295,222,183,137,62,59
g361031246011,1019,31,24,53,44,145,100,136,174,188,71,39,14
g361031246012,902,55,51,53,40,90,63,155,108,171,53,44,19
g361031246013,766,36,72,63,8,28,95,103,118,131,51,36,25
g361031246021,617,23,41,22,47,44,115,67,127,110,9,12,0
g361031246022,1256,75,62,63,33,126,94,142,233,236,124,68,0
g361031246023,1520,51,101,133,28,101,182,73,382,180,189,22,78
g361031246024,748,34,31,0,7,25,154,61,167,164,46,47,12
g361031347021,1966,93,146,142,97,199,249,177,470,112,114,160,7
g361031347022,2390,108,118,153,114,204,215,424,501,202,140,183,28
g361031347023,628,13,14,0,0,24,0,30,44,31,176,159,137
g361031347024,797,81,18,12,0,98,60,148,133,83,75,45,44
g361031347031,1196,80,65,204,43,37,105,117,217,134,133,61,0
g361031347032,1044,49,52,77,63,98,63,84,250,126,123,32,27
g361031347033,1238,35,36,209,76,23,73,168,243,164,135,76,0
g361031347034,607,8,7,43,34,33,55,22,98,130,148,29,0
g361031347041,1504,63,70,190,90,68,132,170,252,269,139,35,26
g361031347042,1058,9,29,62,14,104,120,70,185,151,173,60,81
g361031349021,1170,19,38,111,72,113,79,163,255,238,57,22,3
g361031349022,1144,38,110,89,70,84,71,140,223,106,95,108,10
g361031349023,2558,104,226,104,112,224,147,337,423,295,237,219,130
g361031349031,1297,53,124,79,108,67,169,194,172,143,101,74,13
g361031349041,1720,156,168,77,63,174,199,169,421,159,39,62,33
g361031349042,1850,124,56,227,122,134,72,176,336,227,155,109,112
g361031349043,1965,101,204,210,135,75,134,302,332,224,147,86,15
g361031349044,1198,59,29,59,28,117,105,80,171,247,167,107,29
g361031349061,1738,133,167,199,121,82,193,254,228,107,90,138,26
g361031349062,1079,48,72,63,18,44,99,199,134,196,125,51,30
g361031349063,1725,44,29,99,100,187,155,118,434,210,69,267,13
g361031349064,1293,10,35,46,52,69,41,40,213,73,298,282,134
g361031349071,2017,39,89,96,43,122,319,240,418,308,207,103,33
g361031349072,2792,203,192,265,124,182,250,396,483,269,347,66,15
g361031350021,1164,70,87,140,38,51,125,163,155,245,47,32,11
g361031350022,2236,141,60,203,103,177,177,285,400,323,270,64,33
g361031350023,1920,120,147,133,140,193,128,334,224,286,108,67,40
g361031350031,1449,107,115,116,52,114,114,209,320,162,60,72,8
g361031350032,1550,98,104,96,82,141,159,152,360,201,78,68,11
g361031350033,1542,44,98,101,82,149,154,187,242,299,110,76,0
g361031350041,1692,75,100,145,103,121,98,116,379,239,202,93,21
g361031350042,682,19,35,38,51,90,21,88,160,92,51,20,17
g361031350043,604,18,31,31,30,52,28,51,98,106,73,79,7
g361031350051,1511,100,78,114,62,117,51,149,304,172,153,150,61
g361031350052,1184,0,11,0,0,24,11,33,31,84,232,487,271
g361031350053,718,40,30,54,39,81,83,111,176,78,23,2,1
g361031351011,1129,59,58,87,98,43,73,181,171,118,87,146,8
g361031351012,2735,234,113,128,83,266,295,346,439,402,136,219,74
g361031351021,1346,70,125,121,66,134,28,216,197,191,119,61,18
g361031351022,1783,31,111,78,70,156,207,257,307,238,173,123,32
g361031351023,1255,77,134,81,92,79,88,198,252,163,41,39,11
g361031351031,1520,110,42,118,92,99,164,125,334,131,111,162,32
g361031351032,1245,25,64,120,99,92,90,69,365,238,32,51,0
g361031351033,1953,36,107,195,143,173,93,305,441,252,110,89,9
g361031351041,1765,54,61,198,141,163,85,239,411,131,169,101,12
g361031351042,2335,182,212,168,104,170,187,365,412,241,131,102,61
g361031351043,1166,48,150,97,88,93,47,152,214,136,91,22,28
g361031352011,2148,89,192,172,122,90,164,309,461,235,156,129,29
g361031352041,1699,34,84,119,108,245,80,96,473,140,134,173,13
g361031352042,1920,60,141,48,124,122,118,350,311,293,212,77,64
g361031352043,995,85,68,81,30,33,48,114,209,177,117,32,1
g361031352051,2318,152,165,160,153,165,244,388,504,132,81,137,37
g361031352052,1436,117,87,100,66,76,113,199,241,195,161,81,0
g361031352053,1234,70,77,73,76,119,111,70,286,122,106,106,18
g361031352081,1441,18,86,92,158,82,99,67,308,216,150,157,8
g361031352082,1585,78,117,94,139,74,110,232,166,151,250,158,16
g361031352091,1762,65,168,56,99,127,114,166,372,284,178,115,18
g361031352092,1241,121,74,39,61,95,36,198,164,159,116,143,35
g361031353011,1919,44,136,294,59,96,78,223,403,321,133,92,40
g361031353012,1307,90,98,67,77,105,57,199,141,232,130,77,34
g361031353013,759,24,62,66,29,77,49,102,130,104,80,28,8
g361031353031,2979,243,217,214,235,235,281,455,525,174,245,96,59
g361031353032,1319,127,58,85,24,103,133,174,279,222,85,8,21
g361031353041,2858,246,156,215,71,210,255,405,635,266,212,149,38
g361031353042,529,0,0,9,18,20,27,29,43,141,65,159,18
g361031354011,1214,37,75,116,41,149,213,188,188,137,70,0,0
g361031354012,2505,80,300,298,97,110,159,399,474,247,152,105,84
g361031354013,3161,136,53,198,156,261,579,174,530,485,195,266,128
g361031354021,2969,28,190,308,273,410,207,415,472,324,264,53,25
g361031354022,2141,45,124,193,139,214,53,417,323,292,306,11,24
g361031354023,832,16,162,85,31,10,60,81,249,78,49,10,1
g361031354024,1258,32,88,240,22,27,83,309,108,92,200,57,0
g361031354031,1110,96,111,40,92,49,112,181,221,141,52,15,0
g361031354032,2109,52,158,135,91,246,212,295,445,207,162,96,10
g361031354033,1131,110,124,22,39,41,134,245,95,203,25,65,28
g361031456021,1696,145,173,139,55,111,197,388,197,123,70,82,16
g361031456022,1510,127,174,151,89,140,101,346,104,132,123,23,0
g361031456023,2756,202,144,219,108,359,338,471,472,215,115,95,18
g361031456031,2969,164,328,298,78,251,643,473,394,231,44,44,21
g361031456032,1361,123,150,88,44,109,342,244,59,63,103,36,0
g361031456033,2869,240,246,228,105,272,485,524,373,160,161,45,30
g361031456041,3620,241,443,258,134,410,669,612,382,238,153,80,0
g361031456042,1629,79,132,123,49,153,330,371,222,73,54,26,17
g361031456051,1426,102,81,102,68,263,155,129,306,107,59,29,25
g361031456052,2322,181,216,150,130,198,444,303,200,245,111,58,86
g361031457011,770,25,21,33,29,127,104,85,175,65,91,15,0
g361031457012,1507,78,72,139,62,71,86,186,202,240,67,209,95
g361031457013,1448,106,133,72,35,155,372,334,152,30,49,0,10
g361031457014,1690,143,67,102,116,184,52,270,353,148,129,126,0
g361031457021,1210,12,151,113,63,105,212,225,122,84,53,55,15
g361031457022,1822,186,148,134,55,170,402,130,282,174,122,0,19
g361031457023,3319,235,214,81,135,492,613,439,432,424,144,103,7
g361031457031,1088,95,99,39,37,121,190,190,138,158,0,13,8
g361031457032,2719,323,156,122,125,258,318,445,367,341,175,81,8
g361031457033,2086,131,217,183,17,203,286,464,298,164,78,16,29
g361031457041,2180,202,172,159,130,248,304,416,252,62,167,68,0
g361031457042,942,103,0,51,17,212,81,48,167,164,60,39,0
g361031457043,3246,328,191,380,53,200,770,469,297,286,97,175,0
g361031457044,1068,205,34,35,18,78,214,131,183,91,55,24,0
g361031458031,1419,23,93,87,57,46,69,135,306,222,244,116,21
g361031458032,1644,114,81,56,91,127,213,87,246,376,213,29,11
g361031458033,1764,81,151,81,85,124,97,243,336,233,218,53,62
g361031458041,1870,39,85,131,96,226,147,287,412,171,174,84,18
g361031458042,1476,76,79,98,85,143,155,163,308,185,122,50,12
g361031458051,895,42,10,0,24,0,224,222,198,67,55,27,26
g361031458052,1396,59,12,76,72,159,125,255,184,141,238,75,0
g361031458053,1843,57,178,128,75,188,217,195,467,176,74,77,11
g361031458054,1722,33,38,188,112,324,232,155,409,144,10,46,31
g361031458071,2114,30,257,187,76,103,197,335,340,232,170,154,33
g361031458072,2311,74,133,177,124,226,240,384,420,302,118,69,44
g361031458081,2004,120,109,94,122,298,137,239,343,293,207,35,7
g361031458082,1305,59,83,152,97,38,88,291,178,152,115,45,7
g361031459011,1661,148,118,115,100,219,417,220,175,60,58,23,8
g361031459012,2262,169,113,203,52,249,235,287,395,302,98,128,31
g361031459021,2517,108,365,107,67,480,340,547,220,189,64,30,0
g361031459022,1590,207,183,57,14,229,320,67,323,99,43,40,8
g361031459023,1690,83,116,87,137,261,270,228,293,122,62,31,0
g361031459024,2676,269,186,62,170,275,308,283,561,252,177,44,89
g361031459031,1569,106,63,171,45,126,214,201,249,229,105,27,33
g361031459032,1503,137,127,9,69,74,303,183,204,176,84,71,66
g361031459033,1291,100,137,64,43,195,110,185,296,72,38,27,24
g361031459034,1721,64,89,52,79,262,275,336,249,155,89,71,0
g361031460011,3273,243,272,362,165,424,268,512,436,364,104,104,19
g361031460012,2659,239,274,174,100,245,487,419,332,201,138,33,17
g361031460021,1942,133,86,114,44,224,475,193,265,218,94,42,54
g361031460022,1345,123,154,72,17,125,275,172,108,173,116,0,10
g361031460023,2688,269,181,167,231,358,473,466,172,226,105,30,10
g361031460031,2151,123,57,259,179,181,199,534,201,246,63,31,78
g361031460032,1825,171,40,94,201,296,257,186,327,107,106,30,10
g361031460033,2684,41,357,147,94,179,512,479,273,237,283,82,0
g361031460034,1762,53,0,75,79,193,358,239,324,230,44,63,104
g361031461021,2274,154,206,105,136,206,401,284,308,275,88,81,30
g361031461031,1345,76,36,46,54,183,110,196,317,85,169,64,9
g361031461032,2475,77,57,303,179,238,205,275,511,315,206,109,0
g361031461051,1114,40,23,44,45,54,241,178,95,119,122,101,52
g361031461052,3112,149,206,291,204,201,673,490,428,301,85,84,0
g361031461053,2242,245,231,212,69,286,311,408,275,88,55,42,20
g361031461061,2613,130,114,116,88,264,363,362,285,160,312,193,226
g361031461062,1512,44,101,175,42,145,255,255,319,100,41,30,5
g361031462011,2573,242,75,170,46,507,382,436,387,200,64,54,10
g361031462012,2174,160,219,79,57,174,371,398,331,250,54,74,7
g361031462021,2731,310,170,152,46,258,541,352,450,196,186,22,48
g361031462022,2799,231,286,327,137,356,542,463,176,125,103,44,9
g361031462031,2167,184,225,126,132,210,382,137,359,256,80,34,42
g361031462032,1153,86,80,76,83,174,71,175,236,110,49,13,0
g361031462033,2434,438,207,137,60,339,477,289,227,173,39,37,11
g361031462041,2352,166,126,190,248,223,285,279,428,159,86,145,17
g361031462042,2932,439,268,131,132,338,568,401,298,206,81,58,12
g361031462043,1090,145,44,27,16,11,415,159,113,106,31,10,13
g361031462051,868,98,64,25,67,95,133,87,140,93,37,25,4
g361031462052,1291,92,70,59,26,103,117,193,144,250,115,100,22
g361031462061,1034,81,51,130,106,139,118,66,168,104,21,40,10
g361031462062,1713,81,83,177,49,122,259,198,281,253,138,68,4
g361031463001,1156,24,43,19,31,55,139,112,154,248,133,116,82
g361031463002,1237,83,7,12,0,116,254,116,87,235,187,100,40
g361031464021,2112,136,97,114,136,138,253,264,493,281,145,49,6
g361031464022,1079,33,36,53,35,185,19,98,217,164,119,84,36
g361031464023,942,37,101,57,0,102,100,119,183,85,61,77,20
g361031464031,2122,140,62,190,101,359,257,279,273,186,178,67,30
g361031464032,1384,48,175,71,34,179,283,179,205,151,34,25,0
g361031464033,1715,119,162,111,83,92,367,210,235,203,65,29,39
g361031464041,2001,174,111,172,133,269,211,361,282,120,121,40,7
g361031464042,2005,143,81,128,27,319,305,230,346,242,129,34,21
g361031465001,1288,70,68,107,15,88,102,189,262,66,225,96,0
g361031465002,993,18,46,82,63,172,67,71,284,143,26,13,8
g361031465003,1427,92,112,163,60,62,207,225,268,138,48,21,31
g361031465004,1424,83,64,67,55,139,210,150,217,249,60,110,20
g361031466041,1425,90,102,28,48,159,267,190,284,205,8,44,0
g361031466042,1767,45,62,290,86,74,131,352,237,236,222,32,0
g361031466043,1224,38,95,72,56,102,103,184,210,175,142,23,24
g361031466051,972,65,22,101,70,67,128,106,129,152,71,61,0
g361031466061,1646,55,84,64,146,106,127,250,279,127,323,85,0
g361031466062,1965,132,82,171,111,147,76,288,386,154,170,71,177
g361031466063,1693,62,157,211,99,197,94,206,368,211,63,25,0
g361031466064,2427,108,229,213,115,250,132,314,481,235,147,87,116
g361031466071,1104,56,43,37,77,100,47,152,165,180,160,62,25
g361031466072,1440,143,74,35,39,139,314,66,326,149,86,38,31
g361031466081,1725,93,69,125,54,103,284,254,210,248,222,28,35
g361031466082,980,12,71,66,82,34,242,156,173,74,22,28,20
g361031466111,1912,220,109,148,46,173,273,291,300,198,115,32,7
g361031466112,1450,96,59,100,99,130,126,263,234,132,107,96,8
g361031466121,1081,66,94,118,33,97,76,225,83,173,60,42,14
g361031466122,2339,61,128,112,130,203,285,427,453,276,208,56,0
g361031466123,1908,61,113,262,48,111,114,356,272,213,302,46,10
g361031466131,1268,70,95,96,93,54,130,230,193,134,103,49,21
g361031466132,2749,120,244,198,114,349,223,485,479,257,153,105,22
g361031466141,2307,69,100,301,169,143,93,397,545,162,241,87,0
g361031466142,1196,74,144,98,46,99,118,172,245,183,17,0,0
g361031466143,2374,128,40,135,70,152,378,211,311,510,315,90,34
g361031466151,1429,29,56,106,67,83,117,213,209,329,164,21,35
g361031466152,1746,98,120,158,20,176,227,210,231,123,253,109,21
g361031466153,1728,76,59,160,67,109,247,353,229,251,135,31,11
g361031467031,2101,106,201,170,148,123,288,342,331,193,115,39,45
g361031467032,1657,74,74,135,68,94,204,244,323,242,147,32,20
g361031467041,1823,102,71,192,60,111,136,250,298,215,148,193,47
g361031467051,1769,119,109,177,53,148,187,266,307,172,93,127,11
g361031467052,1800,144,71,107,118,215,96,204,370,207,176,51,41
g361031467061,1100,42,91,81,28,97,105,124,221,184,70,46,11
g361031467062,1532,71,134,108,44,177,147,229,247,164,109,75,27
g361031468001,2176,100,193,109,76,208,171,322,435,266,105,114,77
g361031468002,2204,212,176,156,129,157,181,436,394,162,113,50,38
g361031468003,995,33,24,38,70,133,84,63,302,167,49,32,0
g361031468004,540,7,109,31,13,72,18,90,44,71,31,38,16
g361031469011,2132,82,72,185,89,211,313,241,394,286,104,155,0
g361031469012,1563,59,45,112,136,173,217,77,357,224,111,37,15
g361031469013,820,9,52,100,68,30,137,64,138,100,96,16,10
g361031469014,871,46,141,68,7,77,40,216,110,28,73,59,6
g361031469021,1718,42,28,182,142,137,83,98,478,255,129,83,61
g361031469022,1375,32,154,50,36,10,90,152,152,179,110,186,224
g361031469023,821,9,61,27,42,39,92,63,156,164,91,53,24
g361031470011,964,57,50,99,63,80,77,128,156,98,116,40,0
g361031470012,758,26,53,88,39,44,8,197,64,166,32,32,9
g361031470013,2584,136,120,166,79,336,317,290,508,251,268,88,25
g361031470031,2030,205,131,92,44,82,326,176,311,237,260,119,47
g361031470032,1680,161,84,92,110,155,97,223,358,168,116,84,32
g361031470033,861,91,48,6,3,0,107,73,144,144,87,144,14
g361031470041,243,29,8,18,6,16,25,29,30,17,44,20,1
g361031471001,1172,33,88,90,41,89,104,155,202,236,77,31,26
g361031471002,913,64,63,65,20,100,201,103,86,122,23,51,15
g361031471003,1032,26,49,125,71,42,84,59,223,184,83,45,41
g361031472001,2840,156,124,179,92,365,479,417,497,256,216,59,0
g361031472002,540,19,19,18,16,106,74,14,192,66,16,0,0
g361031472003,1407,149,134,89,26,45,310,82,229,201,113,29,0
g361031472004,903,20,0,57,13,217,61,97,158,204,58,0,18
g361031472005,674,22,11,47,0,0,211,52,0,92,143,79,17
g361031473001,1382,166,123,56,66,203,188,238,88,189,14,19,32
g361031473002,536,19,16,37,0,68,77,58,60,165,0,25,11
g361031473003,1340,67,85,82,65,107,273,91,269,207,58,36,0
g361031473004,1666,288,169,114,168,97,295,133,236,17,94,55,0
g361031473005,1299,98,246,0,19,60,305,128,143,122,53,125,0
g361031473006,1790,151,78,14,80,127,104,164,275,359,298,127,13
g361031474011,2042,148,117,41,60,96,430,157,320,285,144,174,70
g361031474012,1226,64,53,16,37,101,119,135,345,257,50,49,0
g361031474013,2002,11,37,86,168,319,246,224,459,171,228,29,24
g361031474014,688,54,0,19,32,31,184,188,116,46,18,0,0
g361031474021,1213,50,78,93,66,75,84,179,225,140,153,17,53
g361031474022,1206,36,46,103,57,84,79,89,304,167,202,12,27
g361031474023,1126,23,87,89,47,111,96,138,208,159,76,92,0
g361031475011,872,0,102,97,87,109,65,39,164,161,39,9,0
g361031475012,2170,107,95,131,47,283,167,401,550,159,111,77,42
g361031475013,606,78,56,80,25,0,132,91,73,0,71,0,0
g361031475014,709,60,26,114,46,40,52,74,111,106,36,44,0
g361031475015,1753,41,99,154,189,181,46,273,243,373,105,36,13
g361031475016,1321,13,62,19,80,74,155,69,264,291,161,59,74
g361031475021,1157,90,62,63,84,37,128,189,190,112,51,77,74
g361031475022,1232,81,119,134,75,68,60,194,287,80,72,42,20
g361031475023,1680,106,119,152,115,74,183,206,245,249,88,84,59
g361031475024,1649,32,110,110,93,225,123,406,232,147,121,50,0
g361031475025,840,22,46,53,91,37,81,104,170,137,56,16,27
g361031475031,1636,77,147,125,64,117,84,192,374,205,134,108,9
g361031476011,1240,132,65,53,19,193,147,154,155,196,93,33,0
g361031476012,1159,55,47,87,48,97,62,169,201,206,143,37,7
g361031476021,1503,0,0,123,21,156,83,257,143,255,192,191,82
g361031476022,1787,98,182,180,88,60,64,313,435,243,104,11,9
g361031476023,802,0,27,97,0,42,56,103,103,93,115,90,76
g361031476024,1060,12,34,41,46,104,164,66,148,361,47,11,26
g361031477011,2226,123,77,195,109,202,219,254,397,188,208,147,107
g361031477012,1228,89,72,52,0,37,191,174,194,250,77,78,14
g361031477021,1586,72,120,100,87,158,70,236,263,216,98,99,67
g361031477022,850,16,31,74,26,71,64,83,138,108,118,54,67
g361031477023,1518,109,136,39,37,124,296,120,307,216,76,38,20
g361031477024,731,28,45,43,29,64,92,50,101,161,72,27,19
g361031478021,894,44,12,56,54,121,82,78,205,206,27,9,0
g361031478022,1404,147,145,86,22,70,57,244,174,180,139,102,38
g361031478023,1361,21,66,81,88,98,59,162,317,241,85,78,65
g361031478031,1892,90,127,125,27,70,133,255,227,207,269,244,118
g361031478032,1229,75,118,58,44,90,158,201,215,194,26,41,9
g361031478041,2410,99,186,291,194,141,140,301,676,190,46,100,46
g361031478042,1085,52,157,55,49,62,86,175,224,100,53,72,0
g361031478043,1554,22,103,139,54,79,120,185,191,194,207,90,170
g361031478044,1028,8,76,108,48,61,41,143,185,192,76,71,19
g361031479011,1990,53,111,214,123,134,119,228,372,319,164,72,81
g361031479012,834,0,11,18,8,30,26,66,25,253,176,183,38
g361031479013,1361,30,163,100,51,114,179,176,293,116,66,63,10
g361031479021,681,0,12,78,12,45,55,70,96,184,45,66,18
g361031479022,1076,42,0,99,141,119,82,129,252,79,46,79,8
g361031479023,1432,66,92,179,159,67,118,187,307,135,83,32,7
g361031479024,981,68,48,99,36,60,102,81,239,94,88,59,7
g361031580011,919,27,27,89,45,56,31,88,159,229,95,64,9
g361031580012,958,53,50,72,44,60,53,119,178,177,114,29,9
g361031580013,752,0,0,29,66,91,17,21,119,201,112,87,9
g361031580014,982,46,135,64,13,81,53,128,190,145,74,21,32
g361031580015,642,0,9,95,76,22,9,76,179,84,81,11,0
g361031580021,1174,46,73,95,16,103,58,160,132,250,121,120,0
g361031580022,803,20,55,88,33,17,49,51,146,148,104,76,16
g361031580023,1482,93,58,6,123,181,162,69,354,110,227,67,32
g361031580024,858,15,183,54,13,0,125,170,107,109,67,0,15
g361031580025,759,90,57,59,13,29,51,95,180,125,46,14,0
g361031580026,1255,51,125,117,53,72,35,185,242,190,116,53,16
g361031580061,2510,201,48,103,163,136,114,245,375,500,173,348,104
g361031580062,2922,35,239,257,124,307,104,351,461,452,207,212,173
g361031580063,971,67,36,76,7,133,147,149,147,11,46,92,60
g361031580064,378,14,0,35,24,20,100,42,93,22,14,0,14
g361031580071,2862,0,0,0,87,2709,66,0,0,0,0,0,0
g361031580072,1033,0,12,26,22,398,126,44,12,3,24,135,231
g361031580073,974,0,0,0,41,885,38,0,0,0,0,0,10
g361031580074,4128,0,0,0,68,3901,135,19,5,0,0,0,0
g361031580091,1280,55,73,111,111,133,66,117,302,166,73,43,30
g361031580092,1521,53,146,131,86,108,162,186,254,171,155,37,32
g361031580101,1939,105,76,191,133,98,52,226,420,284,307,34,13
g361031580102,926,78,55,67,58,84,38,179,187,71,72,37,0
g361031580103,794,7,44,83,42,66,34,50,129,123,183,33,0
g361031580111,1841,100,187,8,48,60,190,181,253,402,277,103,32
g361031580112,2104,97,170,290,153,182,95,248,523,214,81,43,8
g361031580113,775,113,20,0,16,42,151,173,76,106,61,17,0
g361031581021,2795,175,126,187,81,231,394,430,431,278,254,132,76
g361031581022,2146,157,81,129,94,280,161,320,423,333,161,0,7
g361031581031,3107,177,186,333,138,326,243,545,450,409,161,68,71
g361031581032,1275,95,60,76,28,189,40,248,179,160,71,94,35
g361031581041,2223,179,196,106,99,175,334,480,279,147,158,61,9
g361031581042,1885,69,81,120,90,242,167,313,318,238,119,100,28
g361031581043,1643,83,69,106,76,132,205,209,387,161,169,46,0
g361031581071,1476,50,69,47,25,126,192,182,172,217,224,162,10
g361031581072,2599,116,122,251,127,236,354,385,391,318,120,172,7
g361031581081,2995,114,233,332,158,205,311,429,684,268,186,71,4
g361031581101,2214,203,109,88,106,235,361,306,396,185,134,86,5
g361031581102,1398,17,21,23,58,295,233,150,268,170,134,29,0
g361031581111,1772,103,69,121,77,244,201,164,367,209,134,57,26
g361031581112,1535,124,105,150,68,136,170,187,290,126,104,75,0
g361031581121,2059,77,122,162,67,327,383,194,332,217,110,57,11
g361031581122,2345,116,174,241,88,162,369,346,207,372,234,36,0
g361031581141,3430,159,255,400,116,188,205,465,434,460,494,179,75
g361031581151,3118,258,149,178,198,281,342,292,423,252,213,291,241
g361031581152,1840,91,136,102,126,161,190,164,213,317,252,47,41
g361031581153,1889,180,61,43,67,212,266,272,255,246,237,50,0
g361031581161,1413,57,106,69,54,165,120,214,230,202,79,105,12
g361031581162,585,66,19,47,7,55,67,81,88,89,30,27,9
g361031582021,1364,137,38,101,67,131,139,369,229,68,61,24,0
g361031582022,2781,309,276,13,14,674,331,555,318,82,116,47,46
g361031582023,1565,64,134,53,19,159,293,175,179,233,185,54,17
g361031582024,1120,40,76,102,36,34,138,130,219,153,106,86,0
g361031582025,1998,52,273,63,51,188,158,259,362,160,312,107,13
g361031582031,1561,31,50,118,103,96,155,81,225,380,205,105,12
g361031582051,844,73,19,85,44,68,89,107,187,95,53,24,0
g361031582052,1185,103,110,74,66,69,71,218,179,155,112,21,7
g361031582061,1122,25,91,70,20,136,129,93,267,149,102,40,0
g361031582062,1311,0,37,78,67,89,278,148,172,147,183,36,76
g361031582063,1375,112,70,75,31,63,274,146,183,109,161,84,67
g361031582071,834,32,62,99,54,26,24,91,155,143,98,43,7
g361031582072,1755,90,48,177,72,30,216,212,237,162,344,144,23
g361031582073,493,24,0,20,10,29,122,64,48,98,70,8,0
g361031582074,1733,13,97,186,124,117,104,204,347,347,109,84,1
g361031583041,1521,80,79,71,137,85,140,122,231,265,279,14,18
g361031583042,2471,214,223,298,83,139,154,288,484,400,146,39,3
g361031583043,1737,87,96,295,96,43,160,185,344,282,144,0,5
g361031583044,1462,98,26,128,106,119,106,154,325,207,143,50,0
g361031583061,2571,308,217,175,113,222,308,359,416,245,142,66,0
g361031583062,1426,29,31,46,11,72,65,106,98,347,339,211,71
g361031583063,1812,148,121,34,43,92,214,275,326,251,214,57,37
g361031583081,1405,146,117,50,31,69,176,58,160,272,199,96,31
g361031583082,1735,169,161,88,127,137,345,167,326,101,64,35,15
g361031583083,3030,78,108,245,149,464,305,374,476,412,284,97,38
g361031583084,2086,96,121,213,72,160,201,346,336,236,113,138,54
g361031583091,3563,348,190,149,196,369,492,532,503,499,124,94,67
g361031583092,1446,46,22,66,8,132,207,176,280,275,131,47,56
g361031583101,1635,138,122,64,68,139,124,263,273,256,91,85,12
g361031583102,2546,24,60,103,108,43,174,267,313,244,425,588,197
g361031583151,2351,91,65,79,81,298,322,279,571,171,232,154,8
g361031583152,2284,96,197,175,89,302,260,349,361,241,184,30,0
g361031583171,2106,134,150,55,112,113,353,280,335,292,138,72,72
g361031583172,2045,276,230,26,22,145,283,264,354,256,68,86,35
g361031583173,1591,378,57,138,42,102,127,256,247,186,33,25,0
g361031583181,1738,92,163,169,69,130,192,344,255,218,93,12,1
g361031583182,1192,98,120,98,85,38,159,218,71,153,124,28,0
g361031583183,1494,59,61,81,73,225,135,135,275,198,177,56,19
g361031583191,1881,94,90,183,104,119,277,299,250,109,92,146,118
g361031583192,920,79,90,41,39,41,132,109,123,112,64,79,11
g361031583193,905,44,27,47,40,87,120,79,187,130,124,20,0
g361031583201,1364,0,121,180,75,145,116,151,246,194,132,4,0
g361031583202,1839,42,100,167,55,174,117,231,419,280,254,0,0
g361031583203,1320,24,18,0,17,80,239,344,272,192,75,56,3
g361031583204,1489,36,177,134,132,111,50,306,171,232,95,45,0
g361031583211,3654,234,298,270,200,163,699,578,529,331,256,71,25
g361031583212,1878,162,93,98,94,18,201,284,345,214,268,55,46
g361031583213,1287,85,43,104,31,165,181,144,294,150,90,0,0
g361031583214,3636,309,192,185,31,258,769,635,519,475,223,40,0
g361031583221,2311,163,226,124,81,181,212,244,250,306,329,171,24
g361031583231,1414,41,258,161,44,158,127,297,247,70,10,1,0
g361031583232,1065,26,99,99,20,174,101,156,228,74,69,19,0
g361031583233,2139,141,240,175,4,208,158,292,347,244,264,51,15
g361031583234,2445,79,278,226,209,103,250,432,418,136,193,66,55
g361031584011,1381,102,116,79,47,86,163,209,212,217,81,53,16
g361031584021,2420,163,255,101,60,252,202,301,323,418,303,14,28
g361031584022,468,16,11,28,10,19,34,46,34,87,107,70,6
g361031584023,1575,57,99,242,71,126,45,179,333,205,124,60,34
g361031584031,1150,98,69,87,29,65,159,190,174,176,77,26,0
g361031584032,928,59,74,91,26,28,95,165,176,129,44,18,23
g361031584051,2039,103,103,84,59,179,308,233,514,280,116,35,25
g361031584052,1119,80,110,114,67,56,101,186,186,91,128,0,0
g361031584053,1522,61,152,137,31,134,153,142,381,231,82,18,0
g361031584071,1439,33,132,158,67,96,69,278,244,175,123,50,14
g361031584072,1897,199,175,174,43,176,414,199,149,218,125,25,0
g361031584073,940,46,39,60,75,50,135,63,255,116,65,36,0
g361031584074,1669,78,85,204,63,226,98,386,252,221,41,15,0
g361031584081,2272,115,170,143,85,298,345,329,379,276,47,61,24
g361031584082,1861,98,164,125,87,183,177,242,468,149,74,85,9
g361031584091,1327,108,39,29,23,239,289,151,206,221,9,13,0
g361031584092,1703,0,64,138,62,63,45,184,175,141,413,297,121
g361031584093,814,59,43,137,7,105,39,124,155,127,18,0,0
g361031584101,1540,17,58,62,23,93,54,70,181,157,318,351,156
g361031584102,1078,0,0,0,0,58,0,0,79,155,280,308,198
g361031584103,643,1,1,2,4,1,0,1,2,56,207,292,76
g361031585021,1804,158,152,77,64,216,250,304,265,203,51,51,13
g361031585022,768,30,18,26,42,136,75,78,146,158,24,35,0
g361031585023,1217,49,22,0,9,8,73,37,53,105,373,252,236
g361031585051,2847,175,93,363,111,305,238,339,574,234,250,101,64
g361031585052,991,51,80,71,65,75,107,128,179,112,98,25,0
g361031585053,686,8,16,20,45,59,212,89,155,37,8,11,26
g361031585061,1893,145,128,125,77,198,252,286,256,268,133,21,4
g361031585062,743,61,68,42,16,60,133,124,101,102,27,9,0
g361031585071,876,30,13,32,56,163,75,144,217,46,74,17,9
g361031585072,1164,66,35,86,38,166,122,91,256,220,30,20,34
g361031585073,1927,146,100,205,105,205,159,248,415,137,77,123,7
g361031585081,1299,0,102,68,123,88,69,161,245,221,213,9,0
g361031585082,1709,218,93,167,58,174,282,306,112,173,83,26,17
g361031585083,1464,34,37,83,54,178,189,187,260,194,226,3,19
g361031585084,620,19,18,60,18,73,31,89,173,92,15,32,0
g361031585085,1289,89,145,51,110,101,111,224,235,160,55,8,0
g361031585091,1291,79,75,50,99,115,117,179,179,217,181,0,0
g361031585092,1535,57,83,49,61,215,287,180,345,139,44,75,0
g361031585093,2109,290,107,97,91,228,278,391,367,120,89,32,19
g361031585101,2813,112,262,253,27,368,431,526,498,164,121,37,14
g361031585102,1378,38,158,137,122,15,302,159,94,138,108,92,15
g361031585103,1558,16,62,94,38,72,499,121,247,293,78,38,0
g361031585104,1510,56,70,53,99,185,314,55,370,239,44,25,0
g361031585111,1665,42,172,46,77,177,84,231,401,254,126,40,15
g361031585112,2824,138,240,190,105,281,490,365,365,288,270,71,21
g361031585113,2410,130,102,179,51,331,414,278,396,297,137,69,26
g361031585121,1891,152,104,110,136,142,93,386,338,221,199,10,0
g361031585122,1590,89,81,86,178,239,36,221,354,140,103,63,0
g361031586041,1489,61,97,71,114,97,113,215,208,274,140,44,55
g361031586042,1035,104,82,73,55,117,109,169,150,109,58,9,0
g361031586043,2411,111,156,151,91,208,362,263,481,236,203,134,15
g361031586051,2753,92,184,259,189,109,341,474,485,208,312,90,10
g361031586052,2493,95,155,160,108,291,221,351,521,348,119,115,9
g361031586061,1727,103,70,156,86,226,46,321,357,163,83,100,16
g361031586062,1103,30,81,89,44,104,79,164,179,158,149,26,0
g361031586063,1974,42,136,153,52,229,284,350,283,154,154,76,61
g361031586071,1599,51,51,127,63,55,251,204,368,167,153,79,30
g361031586072,1387,94,38,121,61,124,178,220,265,197,63,22,4
g361031586081,983,56,93,46,0,67,188,134,97,95,40,72,95
g361031586082,1205,66,52,26,35,129,216,231,123,226,74,27,0
g361031586083,1586,142,142,89,42,53,184,326,297,188,84,10,29
g361031586091,1882,76,106,137,48,290,296,260,317,122,114,71,45
g361031586092,1560,85,108,95,53,156,118,216,384,148,155,42,0
g361031586093,1097,159,95,107,30,24,123,283,86,108,70,12,0
g361031587041,2143,159,104,325,186,242,270,286,435,106,30,0,0
g361031587042,1044,78,16,125,0,47,254,16,113,174,106,67,48
g361031587043,1576,158,0,185,83,14,108,233,301,271,187,0,36
g361031587044,2800,232,85,94,164,257,323,343,324,353,468,111,46
g361031587045,1259,25,29,15,24,13,43,199,83,229,302,244,53
g361031587051,1433,98,184,174,80,135,195,175,238,109,23,22,0
g361031587052,1393,47,124,40,110,205,138,248,158,168,105,29,21
g361031587053,1092,166,20,119,24,126,100,160,140,137,16,48,36
g361031587071,1606,148,65,95,42,112,248,309,241,167,129,40,10
g361031587081,599,9,29,11,11,43,55,201,35,122,51,18,14
g361031587082,1974,295,128,121,11,72,441,255,259,300,81,10,1
g361031587083,1198,34,34,140,27,107,98,212,236,133,91,86,0
g361031587091,2188,168,68,127,96,127,250,367,335,307,262,43,38
g361031587101,1537,226,72,102,96,106,171,261,188,216,66,33,0
g361031587102,799,32,65,69,15,26,120,101,153,135,58,8,17
g361031587103,1441,181,46,103,121,133,175,200,190,190,88,14,0
g361031587104,40,0,0,0,0,35,5,0,0,0,0,0,0
g361031587111,1358,83,96,128,99,136,57,112,197,200,190,60,0
g361031587112,1250,15,95,5,30,17,207,192,78,225,211,146,29
g361031587113,2587,78,247,70,98,245,678,382,264,375,68,47,35
g361031587121,2006,89,143,18,84,153,311,395,272,259,147,124,11
g361031587122,1725,112,137,110,23,247,218,110,333,368,67,0,0
g361031587123,923,66,24,122,14,52,141,123,92,52,168,57,12
g361031587124,1316,185,55,55,133,14,89,180,167,114,113,95,116
g361031587125,1747,185,252,121,65,195,397,239,111,148,18,16,0
g361031588021,2106,232,155,197,58,160,92,404,406,239,83,59,21
g361031588022,1569,86,112,72,57,97,159,143,335,188,150,139,31
g361031588023,927,0,56,28,39,54,87,148,96,134,207,69,9
g361031588031,1832,74,62,205,77,205,181,389,264,317,50,8,0
g361031588032,1472,42,65,33,77,213,257,73,264,98,110,81,159
g361031588033,2695,91,178,356,106,253,204,549,499,256,163,40,0
g361031588034,734,73,36,0,0,16,103,104,134,75,116,60,17
g361031588041,1686,83,138,148,137,143,254,174,264,179,87,79,0
g361031588042,863,10,42,33,2,163,47,133,148,196,89,0,0
g361031588043,1064,130,48,82,48,65,41,236,179,84,133,18,0
g361031588044,889,151,0,40,52,11,174,21,178,112,64,13,73
g361031588045,1113,22,12,20,88,224,77,181,229,190,47,0,23
g361031588046,1120,161,75,89,27,44,38,252,58,217,124,35,0
g361031589001,1357,151,143,0,0,116,177,323,126,200,68,35,18
g361031589002,2269,144,398,155,33,25,936,279,130,80,75,14,0
g361031589003,901,92,37,87,97,35,84,93,200,74,75,0,27
g361031589004,611,0,16,27,0,135,83,50,108,28,55,65,44
g361031589005,2109,160,83,75,46,259,283,310,380,217,109,100,87
g361031590001,2105,200,168,82,64,163,438,265,260,257,119,37,52
g361031590002,1660,157,90,136,29,38,283,260,171,329,61,44,62
g361031590003,1033,18,13,66,13,63,149,252,214,136,94,15,0
g361031591021,1404,0,0,61,42,63,29,127,197,261,199,272,153
g361031591022,1525,133,110,63,138,171,137,210,357,61,97,13,35
g361031591023,1094,95,0,31,15,121,82,253,80,279,62,51,25
g361031591024,1599,280,142,39,34,44,351,208,263,143,55,40,0
g361031591025,840,0,0,21,0,0,0,46,70,79,293,241,90
g361031591031,954,103,99,84,43,64,150,62,67,116,143,0,23
g361031591032,792,101,7,107,71,26,138,105,131,65,41,0,0
g361031591033,2892,441,245,237,150,363,483,210,414,217,108,13,11
g361031591034,1994,94,232,313,134,301,160,414,147,114,85,0,0
g361031591051,1866,169,144,160,13,184,254,178,305,262,102,58,37
g361031591052,1596,68,67,38,28,73,278,214,216,232,165,110,107
g361031591053,2253,53,66,360,179,113,335,516,289,177,104,44,17
g361031591054,1213,0,46,0,91,133,116,204,140,274,139,15,55
g361031591061,1518,65,156,102,68,152,102,240,258,200,100,75,0
g361031591062,2865,234,66,201,116,331,531,354,487,388,113,44,0
g361031591063,2112,72,87,101,47,294,242,353,460,201,153,55,47
g361031591071,1356,24,127,107,50,194,63,219,216,185,134,21,16
g361031591072,1026,16,134,82,48,44,80,223,118,169,101,0,11
g361031591073,1433,45,62,85,61,261,122,175,270,184,83,73,12
g361031591081,820,6,40,58,89,93,114,109,192,38,23,49,9
g361031591082,3567,351,144,108,164,463,429,555,546,327,260,182,38
g361031591083,1318,137,51,98,45,103,62,275,142,274,83,48,0
g361031591084,946,19,45,82,44,156,13,145,190,163,77,12,0
g361031591085,1157,101,60,177,28,88,254,90,149,93,117,0,0
g361031592011,1342,75,70,83,63,184,153,206,206,150,100,40,12
g361031592012,1914,119,195,85,35,65,381,380,323,185,84,57,5
g361031592031,1348,23,34,108,0,70,165,174,275,206,163,114,16
g361031592032,2337,250,198,36,50,172,167,314,450,288,265,86,61
g361031592033,1872,151,244,37,128,152,112,306,385,264,62,31,0
g361031592041,862,38,8,120,21,131,135,113,152,71,50,15,8
g361031592042,757,18,45,49,34,61,67,58,162,165,47,27,24
g361031592043,1558,70,49,96,70,52,58,138,315,371,97,105,137
g361031592044,825,20,47,39,17,53,55,95,140,135,119,67,38
g361031593001,586,13,30,18,4,1,59,39,52,163,122,38,47
g361031593002,1384,77,74,29,48,75,79,161,225,287,219,62,48
g361031594041,1475,278,0,99,35,28,399,128,215,204,17,55,17
g361031594042,688,71,25,64,0,132,122,68,92,102,12,0,0
g361031594043,1908,296,233,319,0,157,203,281,103,138,111,30,37
g361031594044,1974,29,72,99,63,231,281,237,617,269,40,36,0
g361031594045,1445,97,274,106,35,41,254,225,145,106,105,57,0
g361031594061,1190,85,87,32,27,90,238,123,200,163,88,31,26
g361031594062,1463,46,38,19,4,59,289,124,202,277,171,139,95
g361031594063,1605,131,237,176,54,63,229,375,186,96,14,44,0
g361031594071,2951,145,221,237,66,319,499,463,515,299,131,30,26
g361031594072,1522,63,155,79,57,122,121,256,241,243,115,58,12
g361031594073,2199,104,167,152,88,276,201,335,480,245,97,44,10
g361031594081,2962,202,190,89,132,280,598,446,490,261,198,76,0
g361031594082,1198,106,34,23,32,243,221,109,142,229,34,9,16
g361031594101,1385,55,74,47,99,194,138,178,315,206,39,40,0
g361031594102,1749,46,57,81,60,279,142,219,235,205,249,120,56
g361031594103,5262,218,670,807,420,447,164,1069,1010,266,112,79,0
g361031594111,2113,87,97,244,165,205,207,267,388,185,172,87,9
g361031594112,1436,84,161,115,55,223,129,233,230,107,36,20,43
g361031594121,978,30,56,47,50,216,95,71,219,105,66,0,23
g361031594122,1889,45,54,97,125,124,278,198,294,249,224,166,35
g361031594123,2856,48,191,212,80,283,195,155,587,405,315,281,104
g361031594124,1799,55,110,144,20,225,474,214,121,329,61,32,14
g361031595051,1719,108,107,123,53,233,306,249,228,214,68,30,0
g361031595052,1857,240,98,76,73,144,360,193,256,347,13,0,57
g361031595053,1172,102,103,34,11,59,188,128,274,161,112,0,0
g361031595054,1923,186,126,151,22,37,475,204,413,151,158,0,0
g361031595055,2213,70,94,212,198,101,248,426,283,373,89,12,107
g361031595061,2160,126,139,149,193,127,247,348,312,328,78,113,0
g361031595062,2541,185,110,334,165,241,223,550,263,318,121,12,19
g361031595063,1526,42,159,49,115,106,110,359,126,300,128,16,16
g361031595064,2311,270,290,130,30,165,239,476,217,310,167,17,0
g361031595081,2044,160,256,93,157,153,245,240,328,239,109,42,22
g361031595082,1532,52,48,66,83,129,159,209,318,279,91,63,35
g361031595083,2252,274,87,168,65,233,571,232,324,214,43,41,0
g361031595084,1898,156,42,237,114,189,228,308,274,214,68,68,0
g361031595091,632,21,23,26,33,56,41,191,140,63,14,16,8
g361031595092,963,8,97,90,55,144,49,114,177,107,62,29,31
g361031595093,941,25,113,104,78,71,98,171,139,123,10,0,9
g361031595101,201,17,8,9,7,19,8,25,22,48,30,6,2
g361031595102,12,3,2,0,0,0,2,4,0,1,0,0,0
g361031595111,2298,132,222,89,89,464,297,298,433,226,48,0,0
g361031595112,1608,176,83,168,30,126,212,256,256,100,174,10,17
g361031595113,1189,73,189,58,74,32,144,206,159,118,61,28,47
g361031595114,1879,116,139,168,86,120,166,359,357,264,12,92,0
g361031595121,2519,261,260,79,134,282,301,283,400,318,125,20,56
g361031596011,1573,37,277,108,27,114,148,413,178,128,76,55,12
g361031596012,779,13,0,0,0,22,66,0,134,146,142,126,130
g361031596013,953,0,58,77,42,81,179,129,94,189,26,46,32
g361031596014,1309,99,117,17,31,48,133,224,250,193,28,141,28
g361031596015,1733,45,86,238,7,244,104,153,221,397,159,39,40
g361031596021,2407,135,83,166,178,274,96,356,395,458,174,74,18
g361031596022,1649,59,57,118,68,239,210,78,448,233,90,43,6
g361031697011,1304,137,27,120,84,0,42,200,279,159,200,33,23
g361031697012,1181,107,40,24,43,151,151,125,36,328,24,46,106
g361031697013,2068,197,214,93,54,102,280,281,286,324,189,37,11
g361031697014,1462,119,140,129,71,134,98,252,271,211,23,14,0
g361031697015,1679,30,73,136,138,54,159,205,234,424,204,22,0
g361031697031,1508,44,59,87,30,115,123,172,329,217,247,72,13
g361031697041,847,39,0,0,18,0,191,37,91,83,146,206,36
g361031697042,1101,68,138,18,0,126,67,187,149,192,67,89,0
g361031697043,2032,32,230,107,109,217,257,177,249,190,234,116,114
g361031697044,1035,0,0,0,0,0,0,0,44,237,483,196,75
g361031697045,433,0,0,0,0,19,33,0,233,92,18,38,0
g361031697046,1584,76,77,50,39,32,49,245,201,211,282,248,74
g361031698001,2149,225,0,58,15,372,535,205,315,237,135,34,18
g361031698002,1081,40,79,44,17,133,195,197,230,88,0,14,44
g361031698003,1732,204,107,93,69,292,209,135,236,167,83,79,58
g361031698004,1169,124,72,75,65,179,303,48,105,110,69,10,9
g361031699011,1478,102,287,127,41,43,184,245,170,90,65,102,22
g361031699012,4713,28,157,360,128,187,575,513,613,642,744,597,169
g361031699021,1574,173,65,42,0,151,173,77,210,267,350,56,10
g361031699022,892,61,12,0,25,182,132,108,92,111,96,73,0
g361031699023,681,0,0,50,51,110,55,0,198,161,42,14,0
g361031699024,234,0,0,0,0,0,0,0,77,39,11,93,14
g361031699025,1778,168,67,62,71,357,353,75,141,362,65,57,0
g361031700011,1368,37,147,9,55,62,43,18,263,284,235,157,58
g361031700012,1649,85,93,213,32,93,51,165,426,256,135,52,48
g361031700013,619,103,0,24,0,0,100,28,67,75,103,74,45
g361031700014,755,81,32,44,80,0,18,162,140,174,6,0,18
g361031700015,1242,0,17,78,56,137,83,157,219,138,263,94,0
g361031700021,452,10,0,0,0,32,12,0,40,150,142,23,43
g361031700022,1086,0,19,43,57,93,9,114,195,244,121,166,25
g361031700023,629,28,50,49,11,12,10,57,90,86,133,52,51
g361031700024,1082,81,69,25,71,72,23,190,151,155,49,185,11
g361031700025,703,0,0,43,43,75,28,22,154,144,68,104,22
g361031701011,1046,72,63,29,63,57,81,115,159,172,94,93,48
g361031701012,1323,160,30,39,16,13,284,330,108,202,67,51,23
g361031702011,1426,53,51,38,25,116,88,62,230,239,257,193,74
g361031702012,1282,54,88,62,67,24,68,212,156,202,257,92,0
g361031702013,711,0,0,0,0,42,0,82,123,207,134,90,33
g361031702014,607,29,151,45,0,0,0,173,24,41,82,62,0
g361031702015,510,13,38,0,0,16,0,74,28,122,48,94,77
g361031702016,1136,31,64,63,125,121,36,146,129,264,18,71,68
g361031702017,651,0,0,34,0,88,39,0,157,177,80,76,0
g361031702021,661,11,24,7,10,41,119,34,90,97,86,39,103
g361031702022,296,0,32,6,4,9,0,59,45,88,50,3,0
g361031702023,932,27,23,17,22,91,13,49,137,187,151,119,96
g361031702024,713,4,8,7,23,54,28,41,68,153,198,82,47
g361031702025,1275,65,34,44,41,36,44,84,117,147,212,213,238
g361031803001,1399,10,96,118,91,136,49,150,209,59,293,141,47
g361031803002,1270,127,67,30,32,77,93,81,227,277,131,71,57
g361031904011,1010,121,55,65,33,72,222,145,110,82,85,20,0
g361031904012,470,0,0,34,0,37,193,74,65,20,33,0,14
g361031904013,685,26,0,53,0,0,43,46,81,109,186,122,19
g361031904014,3195,8,0,8,61,518,1111,708,562,183,29,7,0
g361031904015,1193,131,54,51,32,163,155,255,165,66,81,40,0
g361031904016,941,0,112,163,0,62,51,208,198,52,45,16,34
g361031904017,2900,239,289,275,130,253,380,637,371,58,217,51,0
g361031904021,1409,53,96,93,23,100,128,165,99,241,160,143,108
g361031904022,1096,63,67,97,88,23,100,90,268,125,97,63,15
g361031904031,939,16,127,88,25,49,144,61,118,133,99,69,10
g361031904032,955,11,66,122,59,62,88,190,188,56,45,60,8
g361031904033,1541,56,32,79,98,114,294,119,284,145,79,141,100
g361031905021,651,57,29,25,18,78,82,83,95,80,58,46,0
g361031905022,942,66,40,74,28,20,83,114,134,110,167,52,54
g361031905023,875,13,22,22,7,52,75,24,130,120,196,134,80
g361031905031,774,49,57,0,53,118,73,58,170,79,45,66,6
g361031905032,1063,76,71,131,86,109,132,104,151,159,36,7,1
g361031905033,781,26,23,35,60,31,10,89,171,179,94,63,0
g361031905034,418,27,32,10,4,13,47,60,61,48,58,40,18
g361031905041,585,0,48,55,12,0,42,67,77,140,110,28,6
g361031905042,571,20,19,58,25,47,30,23,68,189,36,32,24
g361031905043,598,23,32,56,32,52,48,60,155,54,80,0,6
g361031906011,462,11,21,46,11,8,6,29,98,108,37,44,43
g361031906012,899,38,109,94,44,0,74,196,92,93,28,122,9
g361031906013,1220,13,23,48,69,87,162,94,269,214,172,55,14
g361031906014,807,51,67,39,28,0,94,72,219,97,87,53,0
g361031906015,468,15,0,101,7,0,34,49,92,44,71,55,0
g361031906016,426,0,0,21,22,0,21,20,49,164,65,61,3
g361031906031,933,104,35,0,0,45,148,144,140,196,45,58,18
g361031906032,2189,28,228,204,82,83,330,489,344,199,91,88,23
g361031906033,1127,57,37,34,85,75,95,98,170,165,212,77,22
g361031906041,1868,151,63,58,80,135,210,298,456,123,160,118,16
g361031906042,1478,49,18,63,41,202,301,109,241,125,171,125,33
g361031906043,627,16,33,0,0,38,108,76,41,120,59,66,70
g361031907041,1083,71,70,69,72,76,109,138,302,128,17,31,0
g361031907042,350,11,10,10,0,33,12,15,38,72,82,44,23
g361031907043,232,0,18,12,16,0,8,10,56,39,58,3,12
g361031907044,481,46,0,6,3,40,11,54,43,152,38,57,31
g361031907045,825,44,45,45,0,78,19,116,16,235,125,56,46
g361031907051,244,17,21,30,7,50,20,18,26,29,7,3,16
g361031907052,1231,53,67,28,16,39,84,226,133,159,315,91,20
g361031907053,329,0,0,12,0,26,35,29,22,37,110,48,10
g361031907054,920,33,24,35,11,81,198,48,88,194,79,84,45
g361031907055,1139,121,12,30,67,284,230,43,111,171,46,24,0
g361031907061,990,23,48,26,4,38,105,82,158,199,247,60,0
g361031907062,1322,36,70,51,46,21,141,228,170,298,174,51,36
g361031907063,627,39,21,30,0,21,31,83,119,86,119,44,34
g361031907064,671,26,62,14,28,16,32,94,62,164,50,123,0
g361031907065,988,33,107,74,0,94,170,158,131,109,69,37,6
g361031907071,1380,64,60,96,65,42,107,103,196,251,264,114,18
g361031907072,1115,46,68,87,35,36,126,86,230,168,156,64,13
g361031907073,552,0,11,28,35,11,0,87,112,173,84,11,0
g361031907074,1048,55,53,50,106,54,115,102,108,304,38,22,41
g361031907075,989,35,29,23,18,24,171,123,138,196,132,89,11
g361031907081,924,53,41,55,35,34,41,118,153,199,101,74,20
g361031907082,1069,103,33,20,17,20,63,145,164,209,167,108,20
g361031908001,822,103,73,6,7,27,164,32,108,129,71,60,42
g361031908002,1046,10,30,66,16,19,31,128,141,189,172,154,90
g361031908003,683,22,0,36,35,45,88,25,97,142,118,55,20
g361031908004,603,23,34,24,10,45,86,54,68,120,53,58,28
g361032009011,681,23,25,24,14,43,76,90,66,98,119,75,28
g361032009012,478,0,9,27,10,0,0,37,45,50,169,79,52
g361032009021,1496,71,98,62,116,0,66,237,196,316,171,163,0
g361032009022,704,0,29,70,32,38,0,23,246,117,40,109,0
g361032009023,1175,62,40,43,169,37,175,218,172,116,111,32,0
g361032009024,600,16,0,52,0,70,43,0,196,95,32,80,16
g361032009025,719,27,21,31,22,46,141,54,85,127,118,37,10
g361032009026,1709,86,36,113,134,41,40,400,307,326,135,61,30
g361032009027,885,35,64,26,47,36,98,134,128,117,115,66,19
g361032010011,1186,61,17,30,72,79,110,98,137,262,171,83,66
g361032010012,850,43,0,134,17,0,106,56,34,285,84,74,17
g361032010013,1087,26,149,20,10,37,94,90,325,220,89,11,16
g361032010014,750,14,40,20,14,34,66,51,31,178,180,103,19
g361032010015,1982,111,147,168,117,37,306,202,438,197,186,73,0
g361032010031,1488,21,161,154,89,58,173,203,249,184,79,82,35
g361032010032,609,57,42,43,32,26,37,85,72,101,98,16,0
g361032010033,172,9,10,0,0,0,9,24,11,56,34,0,19
g361032010034,746,34,30,9,8,0,44,97,95,52,235,122,20
g361032010035,938,51,31,89,0,19,79,194,110,254,45,66,0
g361032010041,182,0,13,12,0,0,0,12,60,25,19,31,10
g361032010042,657,0,9,28,39,92,79,72,105,87,89,37,20
g361032010043,501,0,0,44,0,0,17,19,123,116,80,47,55
g361032010044,521,15,15,37,13,41,0,48,148,106,37,51,10
g361032010045,1004,34,10,0,28,63,114,50,267,252,73,85,28
g361032010046,606,11,36,45,9,0,36,82,41,151,132,42,21
g361032011001,2458,153,240,94,143,204,536,387,326,226,119,21,9
g361032011002,1792,234,228,110,78,82,347,200,216,216,45,27,9
g361032011003,482,0,0,0,8,66,53,11,128,136,45,25,10
g361032011004,1822,120,142,161,57,77,408,378,107,156,137,75,4
g361039901000,0,0,0,0,0,0,0,0,0,0,0,0,0
