GEOID,B25075_002M,B25075_003M,B25075_004M,B25075_005M,B25075_006M,B25075_007M,B25075_008M,B25075_009M,B25075_010M,B25075_011M,B25075_012M,B25075_013M,B25075_014M,B25075_015M,B25075_016M,B25075_017M,B25075_018M,B25075_019M,B25075_020M,B25075_021M,B25075_022M,B25075_023M,B25075_024M,B25075_025M
g361031101011,4,11,11,11,11,11,11,11,11,11,11,11,8,11,11,11,7,11,11,12,11,10,22,78
g361031101012,8,11,11,11,11,11,11,11,11,11,11,11,11,13,11,12,11,9,11,8,11,15,50,65
g361031101021,11,11,11,11,11,11,11,11,11,16,11,14,11,16,11,11,11,11,11,23,21,27,65,70
g361031101022,11,11,11,11,11,11,11,11,11,11,18,11,11,11,11,11,11,11,11,11,11,49,44,47
g361031101023,11,11,11,11,11,11,11,11,11,11,11,11,11,11,11,11,11,11,12,40,34,57,47,19
g361031101024,11,11,11,11,11,11,11,11,11,11,11,11,11,11,11,11,11,11,11,30,30,60,52,17
g361031102001,11,11,11,11,11,11,11,11,11,11,11,11,11,11,11,11,11,28,11,21,43,81,48,22
g361031102002,11,11,11,11,11,11,11,11,11,11,11,11,11,11,11,26,11,28,11,11,56,58,33,11
g361031102003,11,11,11,11,11,11,11,11,11,11,11,11,26,11,11,11,11,11,11,11,25,56,34,15
g361031102004,32,11,11,11,11,11,11,11,11,11,11,11,29,11,11,11,11,69,62,42,42,90,59,36
g361031102005,24,11,11,11,11,11,11,11,11,11,11,11,11,11,11,11,11,11,11,28,29,57,75,11
g361031103001,5,11,11,11,11,11,11,11,11,11,5,11,11,7,11,11,11,11,11,11,9,9,25,39
g361031103002,11,11,11,11,11,11,11,11,11,11,11,11,14,40,11,11,11,15,11,41,39,99,82,11
g361031103003,11,11,11,11,11,11,11,11,11,11,11,11,11,11,11,11,11,11,17,62,83,38,18,11
g361031103004,17,11,11,11,23,11,11,11,15,11,11,11,11,11,11,11,11,16,11,44,45,57,32,11
g361031103005,6,11,11,11,11,11,11,11,11,11,5,11,6,11,11,11,11,11,11,11,10,32,25,36
g361031104011,11,11,11,11,11,11,11,9,11,11,11,11,11,11,11,11,11,11,11,10,16,42,33,13
g361031104012,11,8,11,11,11,11,11,10,11,11,11,11,7,12,11,11,24,7,15,39,32,57,53,37
g361031104021,12,11,11,11,24,11,11,11,11,11,11,11,11,11,11,11,11,11,11,32,70,76,22,11
g361031104022,13,11,11,11,11,11,11,11,11,11,11,11,11,11,11,11,11,11,11,27,73,70,46,11
g361031105011,11,11,11,11,11,11,11,11,11,11,14,11,11,11,11,11,11,11,13,20,26,80,78,42
g361031105012,20,11,11,11,11,11,11,11,11,11,11,11,11,11,11,11,11,11,11,14,29,31,26,15
g361031105021,11,11,11,11,11,11,11,11,11,11,11,11,13,11,11,12,11,19,34,55,38,59,33,11
g361031105022,11,11,11,11,11,11,11,11,11,11,14,11,11,11,11,11,11,11,11,12,49,54,34,33
g361031106001,22,11,11,11,11,11,11,11,31,11,11,11,11,11,11,11,11,11,11,24,85,63,19,32
g361031106002,11,11,11,11,11,11,11,11,11,11,11,11,11,35,46,25,11,11,11,48,72,76,41,11
g361031106003,34,11,11,11,11,11,11,11,11,11,11,11,11,11,11,11,11,11,11,32,72,100,68,28
g361031106004,11,11,11,11,11,11,11,11,11,11,11,11,11,11,11,11,11,36,11,47,64,56,48,26
g361031106005,11,11,11,11,11,11,11,11,11,11,11,11,11,18,11,32,11,11,11,11,35,56,47,29
g361031108011,11,11,11,11,11,11,11,11,11,11,11,11,9,19,11,11,11,11,11,9,28,54,39,39
g361031108012,11,11,11,11,11,11,11,11,11,11,11,11,11,11,11,11,11,4,11,11,11,13,17,23
g361031108031,32,11,11,11,11,11,11,11,11,11,25,11,11,11,11,11,11,11,11,68,37,30,53,53
g361031108032,11,11,11,11,11,11,11,11,11,11,11,11,11,17,11,11,11,19,11,41,69,81,109,40
g361031108033,11,11,11,11,11,11,11,11,11,11,11,11,11,11,11,11,11,25,22,19,68,68,77,33
g361031108034,11,11,11,11,11,11,11,22,11,11,11,11,11,11,11,11,27,11,21,31,54,71,58,51
g361031109011,11,11,11,11,11,11,11,20,11,11,11,11,11,11,11,11,11,11,11,11,35,45,30,22
g361031109012,11,11,11,11,11,11,11,11,15,11,11,11,11,11,11,11,11,11,14,44,32,29,22,11
g361031109013,11,11,11,11,11,11,11,11,16,11,11,11,11,11,11,11,11,11,11,45,85,60,24,11
g361031109021,11,11,11,11,11,11,11,11,11,11,11,11,11,11,11,11,11,13,11,24,26,43,11,11
g361031109022,11,11,12,11,13,11,11,11,11,11,11,11,18,8,11,11,11,13,56,11,11,13,11,11
g361031109023,11,11,11,11,11,11,9,9,11,11,11,11,11,11,11,11,11,15,30,49,61,31,11,11
g361031110011,11,11,11,11,11,11,11,11,11,11,11,11,11,11,11,11,11,11,33,39,33,47,11,11
g361031110012,11,11,11,11,11,11,11,11,11,11,11,11,11,11,9,11,11,11,14,27,65,24,11,10
g361031110021,11,11,11,11,11,11,15,11,11,11,11,11,11,11,11,11,11,14,14,36,9,11,11,11
g361031110022,11,11,11,11,11,11,11,11,11,11,43,11,11,11,11,11,11,11,12,47,53,21,12,11
g361031110023,18,11,11,11,11,11,11,11,11,12,11,11,11,11,47,11,11,50,74,28,11,11,11,11
g361031110024,11,11,11,11,11,11,11,11,11,11,11,11,11,11,11,11,11,20,46,76,24,11,11,11
g361031111001,11,11,11,11,11,11,11,11,11,11,11,83,11,11,11,26,11,94,155,110,34,11,11,11
g361031111002,11,11,11,25,11,11,11,11,11,11,11,11,11,11,11,11,11,11,76,108,27,11,11,11
g361031111003,11,11,11,11,11,11,11,11,11,11,11,11,11,11,11,11,11,11,33,57,89,27,11,11
g361031111004,31,11,11,11,11,11,11,11,11,11,11,11,11,11,11,11,11,30,51,98,58,11,11,11
g361031111005,11,11,11,11,11,11,11,11,11,11,11,11,11,11,11,11,109,25,28,30,68,31,11,11
g361031112011,11,11,11,11,11,11,11,11,11,11,11,11,11,11,11,11,11,11,62,46,11,11,11,11
g361031112012,11,11,11,11,11,11,9,11,11,11,11,11,11,11,11,12,21,39,77,69,51,11,11,11
g361031112013,11,11,11,11,11,11,11,11,11,11,11,11,11,11,11,11,11,19,13,57,41,18,11,14
g361031112021,11,11,11,11,11,11,11,11,11,11,11,11,11,11,11,11,11,22,33,92,51,15,16,15
g361031112022,11,11,11,11,11,11,11,11,11,11,11,11,11,11,11,11,11,25,48,34,18,11,11,11
g361031112023,11,11,11,11,11,11,11,11,11,11,11,11,11,11,11,11,11,23,34,62,39,44,11,11
g361031113001,11,11,11,11,11,11,11,11,11,11,11,11,11,15,11,11,11,17,11,18,57,54,66,5
g361031113002,11,11,11,11,11,11,11,11,11,11,11,11,11,11,11,11,11,9,11,36,38,70,46,30
g361031113003,11,11,11,11,11,11,11,11,11,11,11,11,11,11,11,11,11,11,11,52,11,48,41,56
g361031114011,11,11,11,11,11,11,11,11,6,11,11,11,11,11,11,11,11,3,12,32,48,38,52,11
g361031114021,11,11,11,11,11,11,15,11,45,11,11,11,11,11,11,11,11,27,13,52,78,44,11,13
g361031114022,11,11,11,11,11,11,11,11,20,11,11,11,11,11,93,11,11,11,11,73,66,19,11,11
g361031114023,9,11,11,11,11,11,11,11,11,11,11,11,11,11,11,11,11,17,11,50,82,54,11,11
g361031114024,11,11,11,11,11,14,13,11,11,11,11,11,11,11,11,11,17,11,42,56,41,11,11,11
g361031115031,9,11,11,11,11,11,11,12,11,11,11,11,10,11,11,11,13,11,11,29,54,49,16,11
g361031115032,18,11,11,11,11,11,11,11,14,11,19,11,11,11,11,11,11,24,12,67,72,56,11,11
g361031115033,11,11,11,11,11,11,11,11,11,11,11,11,11,11,11,11,11,11,11,8,36,36,29,50
g361031115041,11,11,11,11,11,11,27,11,11,11,13,11,11,11,11,11,11,11,6,33,47,42,43,19
g361031115051,11,11,11,11,11,11,11,11,44,11,11,11,9,11,11,11,11,11,27,72,63,78,49,11
g361031115052,11,11,11,11,11,11,11,11,11,11,11,11,11,11,11,11,8,23,32,70,25,44,11,11
g361031115053,11,11,11,11,11,11,11,11,11,11,11,11,11,11,11,11,11,20,19,86,41,11,11,11
g361031115054,63,12,11,11,11,11,11,11,11,11,11,11,11,11,11,11,11,15,23,66,78,58,11,11
g361031115061,11,11,11,11,11,11,11,11,11,11,11,11,11,11,11,11,11,11,19,16,51,86,51,30
g361031115062,25,11,11,11,11,11,11,11,11,11,11,11,11,12,11,11,11,41,54,74,39,12,11,11
g361031116011,11,11,11,11,11,11,11,11,11,11,11,11,11,11,11,11,11,14,49,56,71,22,11,11
g361031116012,18,11,11,11,11,11,11,16,11,11,11,11,11,11,11,11,11,11,10,91,84,34,20,11
g361031116021,11,11,11,11,11,11,11,11,11,19,11,11,11,15,11,11,11,20,11,64,67,47,21,11
g361031116022,11,11,11,11,11,16,11,11,11,20,11,11,11,11,11,13,11,22,11,64,56,59,11,11
g361031117011,11,11,11,11,11,11,11,11,11,11,11,11,11,11,11,11,11,11,11,89,46,22,11,11
g361031117012,11,11,11,11,11,11,11,11,11,11,11,11,11,11,11,11,11,52,33,77,71,52,11,11
g361031117013,11,11,11,11,11,11,11,11,11,11,11,11,11,11,11,11,15,11,11,34,60,24,16,11
g361031117014,11,11,11,11,11,11,11,11,11,11,11,11,11,12,11,11,11,11,22,51,105,11,11,11
g361031117015,21,11,11,11,11,11,11,21,29,11,11,11,11,11,11,11,11,28,14,39,94,27,11,11
g361031117031,17,11,11,11,11,11,11,11,11,11,16,11,11,11,11,11,11,11,11,24,29,55,15,11
g361031117032,11,11,11,11,11,11,19,11,11,11,11,11,11,11,11,11,11,11,9,79,72,78,27,14
g361031117041,11,11,11,11,11,11,20,11,11,11,11,11,11,11,11,11,11,11,11,24,31,57,29,17
g361031117042,11,11,11,11,11,11,11,11,11,11,11,11,11,11,11,11,11,11,15,51,50,44,14,11
g361031117043,11,11,11,11,11,16,11,11,11,11,11,11,11,11,14,11,11,10,26,47,63,12,11,12
g361031118011,11,11,11,11,11,11,22,11,11,11,11,11,11,11,11,11,11,11,11,21,49,85,11,11
g361031118012,26,11,11,11,11,11,17,11,11,11,11,11,11,11,11,11,11,11,11,92,78,86,11,16
g361031118013,11,11,11,11,11,11,11,25,11,11,11,11,11,11,11,11,11,11,39,90,102,110,12,11
g361031118014,11,11,11,11,11,11,11,11,11,11,11,11,11,11,11,11,11,8,16,58,51,24,11,22
g361031118021,14,11,11,11,11,11,11,11,11,11,11,11,11,11,8,11,11,11,11,49,53,58,32,16
g361031118022,7,11,11,11,11,11,11,11,11,11,11,11,11,11,11,11,11,11,11,19,26,51,10,11
g361031118031,11,11,11,11,11,11,11,11,11,11,11,11,11,11,11,11,11,11,11,22,55,45,12,11
g361031118032,11,11,11,11,11,11,11,11,11,11,11,11,11,11,11,11,11,25,11,20,37,49,13,11
g361031118041,15,11,11,11,11,11,11,11,11,11,11,10,11,13,11,11,11,15,10,44,57,56,18,16
g361031119001,11,11,11,11,11,11,11,15,11,11,11,11,11,11,11,11,11,11,22,45,30,59,44,11
g361031119002,11,11,11,11,11,11,11,17,11,11,11,11,11,11,22,11,11,13,11,52,61,53,43,11
g361031119003,11,11,11,11,11,11,11,11,11,11,11,11,11,11,11,11,11,11,11,20,38,44,34,11
g361031119004,20,11,11,11,11,11,11,11,15,11,11,11,11,11,11,11,11,16,11,32,60,39,23,48
g361031119005,11,11,11,11,11,11,11,11,11,11,11,11,11,48,16,11,11,11,11,11,21,31,62,42
g361031120011,11,11,11,11,11,11,11,11,11,11,11,11,11,12,11,11,11,21,11,71,47,76,21,11
g361031120012,11,11,11,11,11,11,17,11,14,11,11,11,11,11,11,14,12,51,25,102,86,59,16,11
g361031120021,11,11,11,11,11,11,11,11,11,11,11,11,11,11,11,11,11,11,11,53,59,77,54,26
g361031120022,16,11,11,11,11,11,11,11,11,11,11,11,11,11,11,11,11,11,13,42,52,44,19,11
g361031120023,16,11,11,11,11,11,14,13,11,11,11,11,11,11,11,11,11,16,19,67,49,38,11,11
g361031121021,11,11,11,11,11,11,11,11,11,11,29,11,11,11,12,11,11,11,11,17,31,70,94,34
g361031121022,11,11,11,11,11,11,11,11,11,11,11,11,11,11,11,11,11,11,11,11,11,34,69,67
g361031121031,11,11,11,11,11,11,11,11,11,11,11,11,11,11,11,11,11,11,11,53,66,9,11,11
g361031121032,11,11,11,11,11,11,11,15,22,11,11,11,11,11,11,11,11,11,18,76,71,28,15,15
g361031121033,11,11,11,11,11,11,11,11,11,11,11,11,11,11,11,11,11,11,50,49,37,41,38,11
g361031121041,11,18,11,6,11,11,11,11,11,11,11,11,11,11,11,11,11,11,15,32,20,66,52,62
g361031122041,11,11,11,11,11,11,11,20,11,11,11,11,11,11,11,11,11,11,9,35,65,49,15,11
g361031122042,11,11,11,11,11,11,11,11,11,11,11,11,11,11,11,11,11,11,11,31,70,44,11,11
g361031122043,12,11,11,11,11,11,11,11,11,11,11,11,11,11,11,11,11,11,15,69,75,43,11,11
g361031122061,24,11,11,11,75,11,11,11,11,11,11,31,11,11,11,40,44,17,11,54,66,92,26,11
g361031122062,11,11,11,11,11,11,11,11,11,11,11,11,11,11,39,11,11,11,11,11,62,77,81,56
g361031122063,23,11,11,11,11,11,11,11,11,11,11,24,58,11,43,54,11,75,23,32,21,39,76,139
g361031122064,11,11,11,11,11,11,11,11,11,11,11,11,11,11,11,11,11,11,11,25,33,55,11,19
g361031122101,27,11,11,11,11,11,11,11,11,11,11,11,11,11,11,11,11,11,11,11,35,54,88,77
g361031122102,11,11,11,11,11,11,11,11,11,11,11,11,11,11,11,11,11,11,11,38,71,110,113,54
g361031122103,11,11,11,11,11,11,11,11,11,11,11,11,11,11,11,11,11,11,11,87,62,93,51,14
g361031122104,11,11,11,11,11,11,11,11,11,11,11,11,11,11,11,11,11,11,24,28,71,123,39,50
g361031122111,13,11,11,11,11,11,11,11,11,11,11,11,11,12,11,11,11,11,11,10,11,86,65,27
g361031122112,11,11,11,11,11,11,11,11,11,11,11,11,20,11,11,23,11,11,12,32,29,90,24,22
g361031122113,11,11,11,11,11,11,11,11,11,11,13,11,11,11,11,11,11,11,13,11,32,53,48,11
g361031122121,11,11,11,11,11,18,11,19,11,11,11,11,15,11,11,11,11,11,11,11,11,64,35,28
g361031122122,11,11,11,11,11,11,11,11,11,11,11,11,11,11,11,11,11,11,11,14,36,61,64,79
g361031122131,13,11,11,11,11,11,11,11,11,11,11,11,11,11,11,11,11,11,11,42,50,80,98,38
g361031122132,11,11,11,11,11,11,11,11,11,11,11,11,11,11,11,11,11,11,12,60,53,46,19,11
g361031122133,14,11,11,11,11,21,11,11,11,11,11,11,11,11,11,11,11,11,11,9,11,69,52,58
g361031122141,11,11,11,11,11,11,11,11,11,11,11,11,11,11,31,11,11,11,11,11,19,98,11,51
g361031122142,11,11,11,11,11,11,11,11,11,48,11,11,11,11,11,11,11,11,11,11,40,69,97,82
g361031122143,50,11,33,11,11,11,11,21,11,11,11,11,11,21,11,32,46,20,11,11,46,82,93,115
g361031122144,11,11,11,11,11,11,11,11,11,11,11,11,11,11,11,11,11,11,11,11,58,59,37,21
g361031223001,11,11,11,11,11,11,11,11,11,11,11,11,19,16,11,11,21,21,18,53,45,45,30,11
g361031223002,21,11,11,11,11,11,11,11,11,11,11,11,11,11,11,16,11,25,44,88,77,28,15,18
g361031224031,8,11,11,11,11,11,11,5,5,11,11,11,7,8,16,10,7,7,19,53,55,16,7,11
g361031224032,7,11,11,11,11,11,11,11,11,11,11,11,11,11,11,25,20,32,27,32,6,20,11,15
g361031224041,11,11,11,11,16,11,11,11,21,11,11,11,11,11,11,17,8,10,50,82,39,16,11,11
g361031224042,11,11,11,11,11,11,11,11,11,11,11,11,11,11,11,11,11,18,50,66,54,17,11,11
g361031224051,10,11,11,11,11,11,11,11,11,11,11,11,11,11,11,11,11,18,38,71,62,26,10,11
g361031224052,11,11,11,11,11,11,11,13,11,11,11,11,11,11,11,11,11,11,7,30,31,43,23,11
g361031224061,11,11,11,11,11,11,11,11,11,11,11,11,11,30,11,58,29,39,33,48,11,17,11,11
g361031224062,11,11,11,11,11,11,11,11,11,11,11,11,11,31,29,34,13,40,42,52,16,11,11,17
g361031224063,11,11,11,11,11,11,11,11,11,11,11,11,11,15,28,44,11,57,58,62,25,40,11,11
g361031225011,11,11,11,11,11,11,11,11,11,11,11,17,11,27,11,29,12,29,39,49,11,11,11,11
g361031225012,11,11,11,11,11,11,11,11,11,11,14,11,11,27,19,15,25,61,32,33,11,25,11,11
g361031225013,11,11,11,11,11,11,11,28,11,11,11,15,11,11,27,49,20,13,36,38,11,11,33,11
g361031225021,11,11,11,11,11,11,11,11,11,11,11,11,11,11,11,11,27,76,69,87,54,45,11,11
g361031225022,11,11,11,11,11,11,11,11,11,11,11,22,11,11,11,11,11,27,29,50,18,11,11,11
g361031225023,11,11,11,11,11,11,11,11,11,11,11,11,11,11,11,11,11,16,40,69,31,11,11,11
g361031226011,21,11,11,11,24,13,11,11,11,11,11,11,11,11,11,11,11,53,50,64,40,11,12,11
g361031226012,11,11,11,11,11,11,11,11,11,11,11,15,11,11,11,11,11,13,42,90,62,18,11,11
g361031226013,11,11,11,11,11,17,11,11,11,11,11,11,11,11,11,11,11,20,53,58,62,11,11,11
g361031226021,11,11,11,11,11,11,11,11,11,11,11,11,11,11,11,11,11,19,36,85,59,28,16,11
g361031226022,14,11,11,11,11,11,11,11,11,11,11,11,15,11,13,15,11,44,53,89,56,17,14,11
g361031226031,11,11,11,11,11,11,11,11,11,11,11,11,11,11,11,14,11,11,39,57,39,11,11,15
g361031226032,12,11,11,11,11,14,11,19,11,11,11,11,11,11,11,11,35,44,35,130,47,11,11,11
g361031226033,11,11,11,11,11,11,11,13,11,11,11,11,11,11,11,11,11,14,14,39,11,13,11,11
g361031226034,11,11,11,11,11,11,15,11,11,11,11,11,22,11,11,18,11,44,44,87,46,11,11,11
g361031227041,11,11,11,11,11,11,11,11,11,11,11,11,11,11,11,12,8,16,11,53,6,11,11,11
g361031227042,12,11,11,11,11,11,11,11,11,11,13,11,11,11,11,11,11,8,19,48,49,36,11,11
g361031227051,19,11,11,11,11,8,11,11,11,11,11,11,11,11,11,11,11,8,17,80,46,13,15,11
g361031227052,11,11,9,11,11,11,11,8,11,11,11,11,11,11,11,11,11,9,15,61,46,18,11,11
g361031227061,11,11,11,11,11,11,11,11,24,11,11,11,11,11,11,11,11,11,41,99,40,16,11,11
g361031227062,11,11,11,11,11,17,11,11,11,11,11,11,11,11,11,11,11,17,35,100,47,16,11,20
g361031227063,11,11,11,11,11,11,11,11,11,11,11,11,11,11,37,11,11,11,29,28,24,15,11,23
g361031227071,11,11,11,11,11,11,11,11,11,11,11,11,11,11,11,13,11,44,42,80,44,17,11,11
g361031227072,11,11,11,11,11,11,11,11,11,11,11,11,11,11,11,11,11,12,47,70,50,39,11,11
g361031228011,11,11,11,11,11,11,11,11,11,11,11,11,11,11,11,11,11,11,82,83,64,56,11,11
g361031228012,11,11,11,11,11,11,11,11,11,11,11,11,11,11,11,11,11,11,62,84,96,37,11,11
g361031228013,11,11,11,11,11,11,28,11,11,11,11,11,11,20,11,11,21,11,41,96,14,11,11,11
g361031228014,11,11,11,11,11,11,11,11,11,11,11,11,11,11,11,11,11,11,24,118,31,69,11,28
g361031228021,23,11,11,13,15,19,11,11,11,11,11,11,11,11,11,11,11,48,46,85,25,11,11,11
g361031228022,11,11,11,11,15,11,11,11,11,11,15,11,11,11,14,11,15,55,48,86,24,11,11,11
g361031229011,13,11,11,11,11,11,11,11,14,11,11,11,11,11,31,11,20,17,59,123,93,36,11,11
g361031229012,11,11,11,11,11,11,11,11,11,11,11,11,11,11,11,11,11,12,24,66,71,14,11,11
g361031229013,11,11,11,11,11,11,11,11,11,11,11,11,11,11,11,11,11,14,48,62,49,14,11,11
g361031229014,11,11,13,11,11,13,18,11,11,11,11,11,11,11,11,11,11,21,49,57,63,60,11,11
g361031229021,17,11,11,11,11,11,11,11,11,11,11,11,11,11,11,11,11,29,23,79,42,52,11,11
g361031229022,11,11,11,11,11,11,15,14,11,11,11,11,11,14,23,38,28,38,41,59,35,11,11,11
g361031229023,11,11,11,11,11,11,11,11,11,11,11,11,11,11,11,11,11,24,15,70,55,11,11,11
g361031230011,16,11,11,11,11,24,11,11,11,11,11,11,11,11,23,11,11,32,53,85,40,23,11,11
g361031230012,9,11,11,11,11,11,11,11,11,11,11,11,11,11,11,33,11,15,69,74,30,13,11,11
g361031230013,14,11,11,11,11,11,11,11,11,11,11,11,11,11,16,11,11,44,38,63,26,9,11,11
g361031230014,11,11,11,11,11,11,11,11,11,11,11,11,11,11,11,46,11,33,35,89,21,12,11,11
g361031230021,11,11,11,11,11,11,11,11,11,11,11,11,11,11,11,11,11,33,45,76,39,11,11,11
g361031230022,18,11,11,11,11,11,11,11,11,11,11,11,11,12,11,11,11,33,54,79,14,11,11,11
g361031230023,14,11,11,11,11,11,11,11,11,11,11,11,11,11,11,11,11,22,39,74,13,37,11,11
g361031231011,11,11,11,11,11,11,8,11,11,11,11,11,14,13,11,11,11,13,16,67,71,33,11,11
g361031231012,11,11,11,11,11,11,11,11,11,11,11,11,11,12,11,11,11,11,35,46,59,12,11,11
g361031231013,11,11,11,12,11,11,11,11,11,11,11,11,11,11,11,15,25,21,35,72,52,55,13,11
g361031231021,11,11,11,11,11,11,11,11,11,11,10,11,11,11,11,15,12,13,52,68,61,29,11,11
g361031231022,11,11,20,11,11,11,15,11,11,11,11,11,11,11,33,48,26,9,31,64,84,15,11,11
g361031231023,11,11,11,11,11,11,11,11,11,11,11,11,11,11,16,11,11,13,34,49,26,37,11,11
g361031232011,11,11,11,11,11,11,11,11,11,11,11,11,11,11,11,11,11,10,31,48,34,30,11,11
g361031232021,11,11,11,11,11,11,11,11,11,11,11,11,11,14,20,39,11,66,98,42,58,28,18,11
g361031232022,11,11,11,11,11,11,11,11,11,11,11,11,11,11,11,11,11,27,23,27,11,11,11,11
g361031232023,11,11,11,11,11,11,11,11,11,11,11,11,11,11,11,11,11,37,111,94,16,45,21,11
g361031232024,11,11,11,12,11,11,11,11,30,11,11,11,11,11,11,23,37,69,72,100,107,56,11,11
g361031233011,11,11,11,25,32,11,26,11,11,11,11,11,11,25,11,62,11,18,11,52,11,11,11,11
g361031233012,11,11,11,11,11,11,11,11,11,11,11,11,11,11,11,67,11,61,36,55,41,11,11,11
g361031233013,11,11,11,11,11,11,11,11,11,11,11,11,11,25,11,27,37,45,53,43,11,11,11,11
g361031233014,11,11,11,11,11,11,11,11,11,11,11,11,11,11,11,82,11,51,11,50,11,11,11,11
g361031233015,11,11,11,11,11,11,11,11,11,11,11,11,11,11,11,19,32,67,22,86,61,31,11,11
g361031233016,11,32,55,66,17,74,29,30,11,30,11,11,11,11,11,11,11,11,11,27,11,11,11,11
g361031233021,10,11,11,11,11,11,11,11,11,11,11,26,11,40,11,9,8,35,52,14,36,11,11,11
g361031234011,11,11,10,11,11,11,11,11,11,11,11,11,11,11,23,11,11,14,33,48,70,28,11,11
g361031234012,11,11,11,9,11,11,11,11,11,11,11,11,11,11,11,11,11,11,46,70,11,9,11,11
g361031234013,11,11,11,11,11,11,11,11,11,11,11,11,11,11,11,11,11,11,37,48,59,18,11,11
g361031234021,11,11,11,11,11,11,11,11,11,11,11,11,11,11,11,11,40,11,36,85,32,11,26,11
g361031234022,11,11,11,11,11,11,11,11,11,11,11,11,11,11,11,11,21,39,41,102,33,36,11,11
g361031234023,11,11,11,11,11,11,11,11,11,11,11,11,11,11,11,11,11,37,72,84,11,11,11,11
g361031234024,11,11,11,11,11,11,11,11,11,11,11,11,11,11,11,11,11,12,11,73,52,11,11,11
g361031234025,19,11,11,11,11,11,11,11,11,11,11,11,11,11,11,32,11,33,38,82,56,23,11,11
g361031235001,11,11,11,11,11,11,11,11,11,11,11,11,11,11,11,11,11,27,69,48,50,43,11,11
g361031235002,11,11,11,11,11,11,11,11,11,11,11,11,11,11,11,11,56,26,20,32,37,11,11,11
g361031235003,20,11,11,11,11,11,11,11,11,11,11,11,11,11,11,11,14,27,49,46,44,51,11,11
g361031235004,11,11,11,11,11,11,11,11,11,11,11,11,11,81,11,11,11,32,71,56,17,11,11,11
g361031236001,11,11,11,15,11,11,11,11,11,11,11,11,11,12,9,39,11,46,25,70,59,62,25,11
g361031236002,11,11,11,11,11,11,11,11,11,11,11,11,11,11,11,11,11,11,11,26,39,27,25,11
g361031236003,11,11,11,12,11,11,11,11,11,11,11,12,11,11,11,11,11,11,13,70,47,43,18,15
g361031237011,11,11,11,19,11,11,15,11,11,11,11,11,11,11,11,17,11,58,65,63,36,35,11,11
g361031237012,14,11,11,11,11,11,11,11,11,11,11,11,11,11,29,11,11,12,24,26,7,11,11,12
g361031237013,11,11,11,11,11,11,11,11,11,15,11,11,11,11,11,11,12,40,18,34,15,15,11,11
g361031237014,11,11,11,11,11,13,11,11,11,11,11,11,15,11,13,17,12,11,31,39,13,11,11,11
g361031237021,11,11,11,11,11,11,11,11,11,11,11,11,11,11,11,11,25,31,43,112,83,11,11,25
g361031237022,11,11,11,25,11,11,11,11,11,11,11,11,11,11,11,19,64,60,144,96,27,11,11,11
g361031237023,22,11,11,11,11,11,11,11,11,11,11,11,11,11,11,20,23,57,72,46,36,14,11,11
g361031237024,11,11,11,11,20,11,11,11,11,11,11,11,19,11,11,11,23,96,72,92,30,11,11,11
g361031238011,11,11,11,11,11,11,11,11,11,11,11,11,11,11,11,11,11,52,31,52,61,28,15,11
g361031238012,11,11,11,11,11,11,11,11,11,11,11,11,11,11,11,11,13,19,18,84,11,11,12,11
g361031238013,13,11,11,11,11,11,11,17,11,11,11,11,11,11,11,23,12,26,60,52,64,31,14,19
g361031238021,11,11,11,11,17,11,11,11,11,11,17,11,11,11,11,11,11,37,48,107,20,60,11,11
g361031238022,29,11,11,11,11,11,11,11,11,11,19,11,9,11,11,11,12,29,74,82,97,45,29,11
g361031239001,11,11,11,11,11,11,22,11,16,11,11,11,11,11,11,11,11,52,22,65,23,18,14,11
g361031239002,11,11,14,11,11,11,11,11,11,11,11,11,11,11,9,11,11,11,33,56,30,11,11,11
g361031239003,11,11,11,11,11,11,11,11,11,11,11,11,11,11,11,25,21,14,26,65,14,8,11,14
g361031239004,11,11,11,11,11,11,11,11,11,11,11,11,11,18,11,11,11,26,30,74,43,11,11,11
g361031239005,13,11,11,11,11,14,11,11,11,11,11,11,11,11,11,11,11,16,26,30,27,11,11,11
g361031240011,9,11,11,11,11,11,13,11,11,11,11,11,11,11,11,11,17,9,54,99,44,64,11,11
g361031240012,11,11,11,11,22,11,11,11,11,16,11,11,15,11,9,11,11,20,41,90,48,11,11,11
g361031240013,11,11,11,11,11,11,11,11,11,11,11,11,11,11,11,11,11,23,22,24,21,11,11,16
g361031240021,11,11,11,11,11,11,11,11,11,11,11,11,11,11,11,11,11,16,55,61,54,26,19,11
g361031240022,11,11,11,11,11,11,11,11,11,11,11,11,11,11,11,11,11,57,41,89,51,18,11,11
g361031241011,16,11,11,11,11,11,9,11,11,11,11,11,11,11,11,11,11,31,42,107,73,30,11,11
g361031241012,19,11,11,11,11,11,11,11,11,11,11,11,11,11,11,13,11,19,87,50,41,11,11,11
g361031241013,11,11,11,11,11,11,11,27,11,11,11,11,11,11,11,12,11,24,17,84,45,32,11,11
g361031241021,11,11,11,11,11,11,11,16,18,11,11,11,11,11,11,11,11,17,71,79,36,19,11,18
g361031241022,12,11,11,11,11,11,11,11,11,11,11,11,11,11,27,11,11,16,47,71,29,71,11,24
g361031242001,11,11,11,11,11,11,11,11,11,11,11,11,11,11,11,15,11,23,49,68,45,11,11,11
g361031242002,24,11,11,11,11,28,28,11,11,11,11,11,11,11,11,11,11,41,27,87,16,29,11,11
g361031242003,11,11,11,11,11,20,11,11,11,11,11,11,37,11,11,11,11,23,11,43,11,11,11,11
g361031242004,11,11,11,11,11,11,11,11,11,11,11,11,11,24,11,11,11,35,50,93,76,87,11,11
g361031242005,11,11,11,11,11,11,11,11,11,11,11,11,11,11,11,11,11,11,18,123,98,20,11,28
g361031243001,11,11,11,11,11,11,11,11,11,28,11,11,11,25,11,11,11,25,11,77,56,11,11,11
g361031243002,11,11,11,11,11,11,11,11,11,11,11,11,11,11,11,11,11,27,81,91,63,11,11,11
g361031243003,11,11,11,11,11,11,11,11,11,11,11,11,11,11,11,11,11,11,92,55,48,18,11,11
g361031243004,11,11,11,11,11,22,11,11,11,11,11,11,11,11,11,11,11,11,84,102,45,11,11,11
g361031243005,11,11,11,11,11,11,11,11,11,11,11,11,11,11,31,33,27,69,18,11,11,11,11,11
g361031244011,11,11,11,11,11,11,11,11,11,11,11,11,11,11,11,11,11,11,11,11,11,11,11,11
g361031244012,11,11,11,11,11,11,11,11,11,11,11,11,11,11,11,11,11,11,8,24,28,58,11,15
g361031244013,11,11,11,11,11,11,13,11,11,11,11,11,11,11,11,11,14,30,50,77,41,20,11,11
g361031244021,13,11,11,14,15,11,11,11,11,11,11,11,11,11,23,11,11,38,58,79,23,47,11,11
g361031244022,11,11,11,11,11,11,11,11,11,11,11,11,11,11,11,10,13,14,23,80,50,11,17,11
g361031244023,11,11,11,11,11,11,11,11,11,11,11,11,11,11,11,11,11,11,11,11,42,91,93,16
g361031245001,11,11,11,11,11,11,11,11,11,11,11,11,11,11,11,11,11,25,16,26,55,41,13,11
g361031245002,13,11,11,11,11,11,11,11,11,11,11,11,11,11,11,11,11,11,18,15,57,49,11,11
g361031245003,11,11,11,11,11,11,11,11,11,11,11,11,11,11,11,11,11,19,42,33,49,21,11,11
g361031245004,11,11,11,11,11,11,13,11,11,11,11,11,11,11,14,11,11,16,19,76,49,58,11,11
g361031246011,11,6,11,9,11,7,11,11,17,11,11,11,11,11,11,10,11,21,20,52,46,11,11,11
g361031246012,11,11,11,11,11,11,11,11,11,11,11,11,11,11,11,11,9,11,9,36,39,34,19,23
g361031246013,11,11,11,11,11,11,11,11,11,11,11,11,11,11,11,11,11,11,10,31,26,31,16,25
g361031246021,11,11,11,11,11,11,11,11,11,11,11,11,11,11,11,11,11,10,17,26,30,19,12,44
g361031246022,11,11,11,11,11,11,11,11,11,11,11,11,11,11,11,11,11,18,11,49,54,48,29,17
g361031246023,15,11,11,11,11,11,11,11,11,11,11,11,11,11,11,11,11,17,57,35,47,64,27,17
g361031246024,11,11,11,11,11,11,11,11,11,11,11,11,11,11,11,11,11,18,10,50,14,11,54,11
g361031347021,11,11,11,11,11,11,11,11,11,11,11,11,11,27,11,11,11,24,77,109,91,11,20,11
g361031347022,11,11,11,11,11,18,22,11,11,11,11,11,11,25,11,11,11,19,11,123,96,52,37,11
g361031347023,11,20,11,11,11,11,11,11,11,11,11,11,11,11,11,21,11,11,11,11,11,11,11,11
g361031347024,11,11,11,11,11,20,11,11,11,11,11,11,11,11,11,11,11,21,26,48,54,42,24,11
g361031347031,11,11,11,11,11,11,11,11,11,11,11,11,11,11,11,11,11,11,11,11,11,55,48,63
g361031347032,11,11,11,11,11,11,11,11,11,12,11,11,11,11,11,11,11,11,11,44,33,53,53,35
g361031347033,11,11,11,11,11,11,11,11,11,11,11,11,11,11,11,11,11,11,15,23,14,49,57,31
g361031347034,11,11,11,11,11,11,11,11,11,11,44,11,11,11,11,11,11,11,11,21,15,41,44,12
g361031347041,11,11,11,11,11,11,11,11,11,13,11,11,11,11,11,17,22,11,11,40,41,67,10,11
g361031347042,11,11,11,11,11,11,11,11,11,11,11,11,11,14,11,12,17,35,16,27,32,23,24,11
g361031349021,11,11,11,11,11,11,11,11,11,11,11,11,11,11,11,11,11,11,11,49,44,58,19,11
g361031349022,11,11,11,11,11,11,11,11,11,11,11,11,11,11,11,11,11,11,11,29,33,44,48,35
g361031349023,14,11,11,17,11,11,11,11,11,11,14,11,11,11,11,14,11,23,11,67,70,93,11,14
g361031349031,6,11,11,11,11,11,11,11,11,33,11,11,11,11,18,11,11,11,7,19,36,43,10,11
g361031349041,24,11,11,11,11,11,11,11,11,11,11,11,11,11,11,11,11,11,11,76,93,24,11,11
g361031349042,11,11,11,11,11,11,11,11,11,11,11,11,11,11,11,11,11,11,11,29,80,66,38,61
g361031349043,11,11,11,11,11,11,11,11,11,11,11,11,11,11,11,11,11,11,7,27,51,64,15,11
g361031349044,11,11,11,11,11,11,11,11,11,11,11,11,11,11,11,11,11,11,11,72,43,58,11,26
g361031349061,22,11,11,11,11,11,11,11,11,11,11,11,11,11,11,11,11,11,36,72,83,59,11,11
g361031349062,11,11,11,11,11,11,11,11,11,11,11,11,11,25,11,11,11,11,11,88,58,27,11,11
g361031349063,11,11,11,11,11,11,11,21,11,11,11,11,11,11,11,11,11,11,19,54,104,63,16,24
g361031349064,11,11,11,11,11,11,11,11,11,11,32,11,11,11,11,11,11,11,11,11,42,54,11,11
g361031349071,11,11,11,11,11,11,11,11,15,11,18,11,11,11,11,11,11,11,11,95,72,41,23,11
g361031349072,11,11,11,11,11,11,11,11,11,11,11,11,11,11,13,11,11,17,14,88,96,60,12,11
g361031350021,11,11,11,11,11,11,11,11,11,11,11,11,11,18,11,11,11,42,12,74,45,58,17,11
g361031350022,11,11,11,11,11,11,11,11,11,11,11,11,11,11,11,11,11,11,20,61,64,81,66,14
g361031350023,18,11,11,11,11,11,11,18,17,11,11,11,11,11,11,11,11,11,16,68,80,59,11,11
g361031350031,11,11,11,11,11,19,11,12,11,11,11,11,11,11,45,11,11,11,11,32,75,44,21,21
g361031350032,17,11,11,11,11,11,11,11,11,11,11,41,11,11,11,11,11,19,11,55,49,56,39,19
g361031350033,11,11,11,11,11,11,13,11,11,11,11,11,11,11,11,11,11,12,15,52,56,40,11,15
g361031350041,6,11,11,11,11,11,11,11,11,11,11,11,11,5,11,3,16,11,11,4,4,34,45,45
g361031350042,11,11,11,11,11,11,11,4,11,11,11,11,11,11,11,11,11,11,11,4,29,15,18,26
g361031350043,7,11,11,11,11,11,11,11,11,11,11,11,11,11,11,11,11,4,11,6,7,20,25,30
g361031350051,11,11,11,11,11,11,11,11,11,11,11,11,11,11,11,11,11,11,11,47,53,45,59,14
g361031350052,21,11,11,11,12,11,11,11,11,11,11,11,11,11,11,18,11,37,28,70,44,17,11,11
g361031350053,11,11,11,11,11,11,11,11,11,11,11,11,11,11,11,11,11,11,11,11,41,52,52,11
g361031351011,14,11,11,11,11,11,11,11,11,11,11,11,11,11,11,11,11,11,14,11,50,77,22,11
g361031351012,11,11,11,11,11,11,11,11,11,58,11,11,11,11,11,11,11,15,9,54,104,55,21,11
g361031351021,18,11,11,11,11,11,11,11,11,11,11,11,11,11,11,11,11,21,13,39,45,52,11,11
g361031351022,11,11,11,11,11,11,11,11,11,11,11,11,11,11,11,11,11,11,13,53,87,74,18,14
g361031351023,13,11,11,11,11,11,11,11,11,11,11,11,11,11,11,11,11,11,12,15,61,46,43,11
g361031351031,16,11,11,11,11,11,11,11,11,11,11,11,11,11,11,11,11,11,11,46,85,42,11,17
g361031351032,11,11,11,11,11,11,11,10,11,11,11,11,11,11,11,11,11,14,11,24,43,60,62,11
g361031351033,18,11,11,11,11,11,11,11,11,11,15,11,11,11,11,11,11,11,11,62,63,84,11,11
g361031351041,11,11,11,11,11,11,11,11,11,11,11,11,11,11,11,11,11,16,11,44,64,48,11,11
g361031351042,15,11,11,11,11,11,11,11,11,11,11,24,11,9,11,11,11,11,20,67,56,75,58,11
g361031351043,11,11,11,11,11,11,11,13,11,11,11,11,11,11,11,11,11,11,11,25,63,33,20,21
g361031352011,10,11,11,11,11,11,11,12,11,11,11,11,11,11,11,6,11,14,28,61,62,47,11,11
g361031352041,24,11,11,11,11,11,11,11,11,11,11,11,11,11,19,11,11,11,11,28,46,45,94,11
g361031352042,13,11,11,11,11,11,11,11,11,11,11,11,16,11,11,11,11,13,11,41,90,67,52,22
g361031352043,16,11,11,11,11,11,11,11,11,11,11,11,11,11,11,11,11,11,11,45,65,49,18,11
g361031352051,25,11,11,11,11,11,11,11,11,11,11,11,11,11,15,11,11,11,22,57,89,49,11,11
g361031352052,11,11,11,11,11,11,11,11,19,11,11,11,11,11,11,11,11,11,12,40,58,80,11,11
g361031352053,11,11,11,11,11,11,11,10,11,11,11,11,11,11,11,11,11,20,16,44,35,46,14,18
g361031352081,19,11,11,11,14,11,11,11,11,11,11,11,11,11,11,11,11,11,16,44,62,66,15,11
g361031352082,11,11,11,11,11,11,11,11,11,11,11,11,11,11,11,11,11,11,14,55,57,59,23,38
g361031352091,10,11,11,11,11,11,11,14,11,11,11,11,11,11,11,11,11,11,13,47,89,57,11,11
g361031352092,11,11,11,35,11,11,11,11,11,11,11,11,11,11,11,11,11,11,11,45,71,48,13,11
g361031353011,18,11,11,11,11,11,12,11,11,11,11,11,11,11,11,11,11,50,11,43,69,59,20,11
g361031353012,11,11,11,11,11,11,11,11,11,11,11,11,11,11,11,11,11,12,16,39,52,55,15,11
g361031353013,11,11,11,11,11,11,11,11,11,11,11,11,11,11,11,11,11,48,11,11,39,32,31,58
g361031353031,11,11,11,11,11,14,15,13,11,11,11,11,11,24,16,59,13,11,34,56,83,58,29,11
g361031353032,11,11,11,11,11,11,11,13,11,11,11,11,11,11,16,4,11,12,33,65,60,42,11,17
g361031353041,11,11,11,11,11,11,11,11,11,11,11,13,11,11,11,21,11,11,36,50,106,57,9,11
g361031353042,11,11,11,11,11,16,14,11,11,11,11,11,11,34,11,11,11,11,14,27,45,25,11,15
g361031354011,11,11,11,11,11,11,11,11,11,11,11,11,11,11,11,11,11,11,11,23,65,52,47,11
g361031354012,27,11,11,11,11,11,11,11,11,11,41,11,11,11,25,11,27,35,29,57,102,99,38,11
g361031354013,11,11,11,11,11,32,11,11,11,11,11,11,11,11,11,11,11,11,11,138,111,118,62,11
g361031354021,24,11,11,11,11,11,11,11,11,11,11,11,11,11,11,11,11,11,11,94,81,97,69,11
g361031354022,11,11,11,11,11,11,11,19,11,11,11,11,11,11,11,11,11,18,11,48,107,97,11,11
g361031354023,11,11,11,11,11,11,11,11,20,11,11,11,11,11,11,11,11,11,11,26,58,73,11,11
g361031354024,11,11,11,11,11,11,11,11,73,11,11,11,11,11,11,16,11,11,11,44,51,80,11,11
g361031354031,10,11,11,11,11,11,11,11,11,11,11,11,11,11,11,11,11,22,20,66,58,38,18,11
g361031354032,12,11,11,11,11,11,11,11,11,11,11,11,11,11,11,28,11,24,25,108,79,28,11,11
g361031354033,16,11,11,11,11,11,11,11,11,11,11,11,11,11,11,11,11,11,11,59,59,23,11,11
g361031456021,11,11,11,11,11,11,25,11,11,11,11,11,11,12,11,22,35,60,70,29,12,11,11,11
g361031456022,11,11,11,11,11,11,11,11,11,11,11,11,11,11,11,15,11,32,57,64,13,52,11,11
g361031456023,11,11,11,11,16,11,11,11,12,11,11,11,11,11,6,16,19,82,43,106,23,11,11,11
g361031456031,11,11,11,11,20,11,11,11,11,11,11,11,11,8,46,50,30,73,53,70,25,11,11,14
g361031456032,11,11,11,11,11,11,11,11,11,11,11,11,11,11,21,11,51,29,28,25,14,14,11,11
g361031456033,11,11,11,11,11,11,11,11,11,11,11,11,11,23,11,34,11,58,88,71,6,33,11,11
g361031456041,11,11,11,11,11,11,11,11,11,11,11,11,11,43,50,37,28,70,76,62,19,11,11,11
g361031456042,11,11,11,11,11,11,11,11,11,11,11,11,11,11,11,22,11,61,74,32,25,11,11,11
g361031456051,8,11,11,11,11,11,11,11,11,11,11,11,11,9,11,11,16,36,36,29,11,11,11,11
g361031456052,11,11,11,7,11,11,11,11,11,11,11,11,8,11,11,11,19,41,38,62,18,11,11,11
g361031457011,18,11,11,11,11,11,11,11,11,11,11,11,11,11,11,11,11,11,11,21,52,38,39,16
g361031457012,11,11,11,11,11,11,11,11,11,11,11,11,11,11,11,11,11,16,11,66,80,29,29,11
g361031457013,11,11,11,11,11,11,11,11,11,11,11,11,11,11,11,11,11,19,11,11,24,11,11,11
g361031457014,11,11,11,11,11,11,11,11,11,11,11,11,11,11,11,11,11,13,23,35,54,95,11,11
g361031457021,11,11,11,11,11,11,11,11,11,11,11,11,11,11,11,11,11,68,37,64,11,8,11,11
g361031457022,20,11,11,11,11,11,11,11,11,11,11,11,11,12,11,20,8,16,95,82,17,11,11,11
g361031457023,11,11,11,11,11,11,11,11,11,11,11,11,11,11,11,11,11,99,87,55,56,11,11,14
g361031457031,19,11,11,11,11,11,11,11,11,11,11,11,11,11,11,11,11,20,53,13,11,37,11,11
g361031457032,12,11,11,29,11,11,11,11,11,11,11,11,11,11,10,13,51,88,90,42,54,37,11,11
g361031457033,11,11,11,11,11,11,11,11,11,11,11,11,11,11,11,11,36,52,56,43,21,11,11,11
g361031457041,11,11,11,11,11,11,11,11,11,16,11,11,11,11,11,117,22,84,40,39,42,44,11,11
g361031457042,11,19,11,11,11,11,11,11,11,11,11,30,11,86,11,11,46,67,33,43,20,11,11,11
g361031457043,11,11,11,11,11,11,11,11,11,11,11,11,11,11,11,18,83,96,81,74,21,11,11,11
g361031457044,11,11,11,11,11,11,11,11,11,11,11,11,11,11,11,11,14,11,11,11,11,11,11,11
g361031458031,11,11,11,11,11,11,11,11,11,11,11,11,11,11,11,11,11,53,37,39,49,62,35,16
g361031458032,11,11,11,13,11,11,12,11,11,11,11,11,11,11,11,11,19,11,11,62,81,55,12,45
g361031458033,12,11,11,11,11,11,11,11,11,11,11,11,11,11,11,29,13,24,11,20,71,67,31,17
g361031458041,7,11,11,11,11,7,11,17,11,11,11,11,11,11,11,11,14,27,43,71,30,10,11,13
g361031458042,13,11,11,11,11,11,11,11,11,11,11,11,11,7,9,24,14,27,31,35,31,16,22,11
g361031458051,26,11,11,11,11,11,11,11,11,11,11,11,11,11,11,35,52,83,17,58,20,11,11,11
g361031458052,15,11,11,11,11,11,11,11,11,11,11,11,11,11,11,11,11,44,94,81,39,11,11,11
g361031458053,11,11,11,11,11,20,11,11,11,11,11,11,11,11,11,11,11,29,56,93,51,44,11,11
g361031458054,17,11,11,11,11,11,11,11,11,11,11,28,11,16,30,11,18,38,48,121,15,37,11,11
g361031458071,12,11,11,11,10,11,8,11,11,11,11,11,11,11,11,11,11,32,51,84,43,28,11,11
g361031458072,17,11,11,11,11,11,12,11,11,11,11,11,11,11,11,11,11,52,45,93,37,20,45,11
g361031458081,21,11,11,17,11,11,11,11,11,11,11,11,11,11,11,11,11,11,29,81,55,48,11,11
g361031458082,11,11,11,11,8,11,11,11,11,11,11,11,11,11,11,11,11,59,26,61,49,12,11,11
g361031459011,11,11,11,11,11,11,11,11,11,11,11,11,11,11,11,8,11,35,40,54,26,9,11,14
g361031459012,11,11,11,10,7,9,11,11,11,11,11,11,12,13,11,24,14,53,62,76,32,12,11,8
g361031459021,24,11,11,11,11,11,11,20,11,11,11,11,11,24,11,11,11,68,45,93,46,31,11,29
g361031459022,12,11,11,11,11,11,11,11,11,11,11,11,11,30,11,14,13,86,42,108,42,11,13,18
g361031459023,11,11,11,11,11,11,11,11,11,11,11,11,11,11,11,15,51,81,73,49,11,51,11,11
g361031459024,11,11,11,11,11,11,11,25,11,11,11,11,11,11,28,92,45,56,110,92,11,11,11,11
g361031459031,11,11,11,11,11,11,11,11,11,11,11,11,11,11,13,11,11,21,59,67,65,24,11,11
g361031459032,11,11,11,11,11,11,11,11,11,11,11,11,13,11,11,11,11,21,71,60,27,19,11,11
g361031459033,11,11,11,11,11,11,11,11,11,11,11,11,11,11,29,11,11,46,38,55,53,11,11,11
g361031459034,11,11,11,11,11,11,11,11,11,11,11,11,11,9,14,11,39,43,44,72,31,17,11,11
g361031460011,11,11,11,11,11,11,11,11,11,11,11,11,37,11,11,20,11,47,65,85,19,11,11,11
g361031460012,11,11,11,11,11,11,11,11,11,11,11,11,11,11,11,11,13,25,46,90,28,13,11,11
g361031460021,11,11,11,11,11,11,11,11,11,11,11,11,11,12,11,34,17,76,64,82,11,11,11,11
g361031460022,11,11,11,14,11,11,11,11,11,11,11,11,11,11,11,32,11,28,58,52,11,11,11,11
g361031460023,11,11,11,11,11,11,11,14,11,11,11,11,11,51,11,11,11,35,85,65,32,11,11,11
g361031460031,11,11,11,11,11,11,11,14,30,11,11,11,11,11,11,26,11,34,86,83,94,39,11,11
g361031460032,11,11,11,11,11,11,11,11,11,11,11,11,11,11,11,11,11,47,61,90,11,25,11,11
g361031460033,37,11,30,90,24,31,11,11,11,11,11,11,11,11,11,11,11,61,51,126,11,26,11,11
g361031460034,11,11,11,11,11,11,11,11,11,11,21,11,19,11,11,48,11,99,73,78,11,11,11,19
g361031461021,14,11,11,11,11,11,11,11,11,11,11,11,11,11,11,10,8,57,64,58,12,11,11,11
g361031461031,11,11,11,11,11,11,11,11,11,11,11,11,11,11,11,11,11,23,11,80,51,11,21,11
g361031461032,15,11,11,11,11,23,11,11,11,11,11,11,11,10,11,11,11,32,63,111,55,11,11,11
g361031461051,11,11,11,11,11,11,11,11,11,11,11,11,11,11,11,11,11,24,42,30,33,17,11,11
g361031461052,11,11,11,11,11,11,11,11,11,11,11,11,11,13,11,27,28,63,39,74,11,28,11,15
g361031461053,11,11,11,11,11,11,11,11,11,11,11,11,11,11,11,11,21,84,64,97,20,11,11,14
g361031461061,11,11,11,11,11,11,11,11,11,11,11,11,11,12,11,41,30,41,55,49,63,11,11,11
g361031461062,11,11,11,11,11,11,11,11,11,11,11,11,11,12,11,11,21,41,49,58,54,11,11,11
g361031462011,16,11,11,11,11,11,11,11,11,11,11,11,11,11,11,11,34,37,73,85,34,10,11,11
g361031462012,11,11,11,11,11,13,11,11,11,11,11,11,11,11,11,11,65,52,71,72,16,9,11,11
g361031462021,7,11,11,11,11,11,11,11,11,11,11,11,11,11,11,11,18,84,60,71,33,11,20,11
g361031462022,11,11,11,11,11,11,11,11,11,11,11,11,11,13,11,24,11,38,69,88,21,21,19,11
g361031462031,11,11,11,11,11,11,11,11,11,11,11,11,11,11,14,21,31,59,54,47,14,11,11,11
g361031462032,11,11,11,11,11,11,11,11,11,11,11,11,11,11,11,19,51,52,51,36,11,11,11,11
g361031462033,11,11,11,11,11,13,11,11,11,11,11,11,11,23,11,21,17,43,53,63,11,11,11,11
g361031462041,11,11,11,15,11,11,11,11,11,11,11,11,11,11,11,11,11,70,62,85,11,11,11,11
g361031462042,11,11,11,10,11,11,11,11,11,11,11,11,11,15,11,11,11,17,87,69,43,11,11,11
g361031462043,11,11,11,11,11,11,11,11,11,11,11,11,11,11,11,16,11,47,75,46,10,11,11,11
g361031462051,11,11,11,11,11,5,11,11,14,11,11,11,11,11,11,11,11,11,22,44,13,11,11,6
g361031462052,6,11,11,11,11,7,11,11,11,11,11,11,11,11,11,11,11,15,24,66,32,26,11,11
g361031462061,11,11,7,11,11,11,11,11,11,11,11,11,8,11,11,11,11,11,28,40,25,11,11,14
g361031462062,11,11,11,11,11,11,11,11,7,11,11,11,11,11,11,11,14,20,38,68,39,29,11,11
g361031463001,11,11,11,11,11,11,11,11,11,11,11,11,11,11,19,11,11,43,43,67,11,21,11,11
g361031463002,11,11,11,11,11,11,11,11,11,11,11,15,11,11,11,11,11,55,52,53,25,11,11,11
g361031464021,11,11,11,11,11,11,11,11,11,11,11,11,11,42,11,11,11,11,19,88,97,51,11,11
g361031464022,11,11,11,11,11,11,11,11,11,11,11,11,11,11,22,11,11,11,23,49,49,20,11,11
g361031464023,11,11,11,11,11,11,11,11,11,11,11,11,11,14,11,11,11,6,44,59,34,8,11,10
g361031464031,11,11,24,11,11,11,11,11,11,11,29,11,11,11,11,35,27,64,29,47,24,11,11,11
g361031464032,11,11,11,11,11,11,11,11,11,11,11,11,11,11,17,45,11,73,32,40,11,11,11,11
g361031464033,11,11,11,11,11,11,11,15,11,11,11,11,11,11,15,35,40,45,43,32,11,11,11,11
g361031464041,13,11,21,11,11,11,15,11,9,11,11,11,11,11,11,11,11,80,37,37,20,9,11,11
g361031464042,11,11,11,11,11,11,11,11,11,11,11,11,11,11,11,10,32,47,44,67,21,11,11,11
g361031465001,33,11,11,11,11,11,11,21,11,11,11,11,11,11,11,11,25,18,35,63,35,11,12,11
g361031465002,42,11,11,11,11,11,11,11,11,11,11,11,11,11,11,11,12,11,50,40,17,18,11,11
g361031465003,11,11,11,11,11,11,11,11,11,11,11,11,11,11,11,11,11,14,76,84,37,15,11,11
g361031465004,11,11,11,11,11,11,11,11,11,11,11,11,11,11,11,11,11,11,22,60,54,30,11,11
g361031466041,11,11,11,11,11,11,11,11,11,11,11,11,11,11,11,11,11,11,10,16,13,11,11,11
g361031466042,11,11,11,11,11,14,14,11,11,11,11,11,11,11,11,11,11,10,42,69,70,25,11,11
g361031466043,20,11,11,11,11,11,17,11,11,11,11,11,11,11,11,11,11,12,29,57,28,13,11,11
g361031466051,11,11,11,11,11,11,11,11,11,11,11,11,25,11,11,11,11,13,25,49,37,11,11,11
g361031466061,21,11,11,11,11,11,11,11,11,11,11,11,11,11,11,11,11,24,11,81,105,23,20,16
g361031466062,19,11,11,11,11,11,11,11,11,11,11,11,11,11,11,11,21,19,90,99,47,44,11,11
g361031466063,31,11,11,11,11,11,11,11,11,11,11,11,11,11,11,11,38,11,46,78,94,41,11,11
g361031466064,11,11,11,11,11,11,11,11,11,11,11,11,11,11,11,19,11,11,39,78,93,95,18,16
g361031466071,12,13,11,20,11,11,11,66,25,16,46,37,11,10,25,13,18,11,11,35,24,24,14,11
g361031466072,11,11,11,11,11,11,11,11,11,11,11,11,11,11,11,11,11,13,11,42,32,21,51,11
g361031466081,11,12,11,7,11,11,6,50,43,28,11,11,11,11,11,5,11,25,25,65,32,25,11,11
g361031466082,11,11,11,11,11,11,11,11,11,11,14,11,11,11,11,11,11,11,11,37,24,11,11,11
g361031466111,16,11,11,11,11,11,11,11,11,11,11,11,11,11,11,11,17,33,52,44,21,20,11,11
g361031466112,11,11,11,11,11,15,11,11,11,11,10,11,11,11,11,11,11,19,19,75,54,20,16,11
g361031466121,15,11,11,11,11,15,11,11,11,11,11,11,11,11,11,11,11,11,11,55,33,37,11,11
g361031466122,16,11,11,11,11,11,14,11,11,11,11,11,11,11,11,11,11,18,45,107,42,11,11,11
g361031466123,11,11,11,11,11,11,11,20,11,11,11,11,11,33,11,11,11,19,19,84,64,23,11,11
g361031466131,11,11,11,11,11,11,11,11,11,11,11,11,11,11,11,11,10,11,35,70,38,33,11,11
g361031466132,11,11,11,11,11,11,11,17,11,11,11,11,11,11,14,11,11,20,34,100,72,40,11,11
g361031466141,11,11,11,11,11,11,11,11,11,11,11,11,11,11,11,11,11,17,11,57,81,94,11,11
g361031466142,11,11,11,11,11,11,11,11,11,11,11,11,11,11,11,11,11,11,26,75,48,53,11,11
g361031466143,28,11,11,11,30,11,11,11,11,11,11,11,11,28,11,11,40,51,98,93,73,22,11,28
g361031466151,23,11,11,11,11,11,11,11,11,11,11,11,11,11,11,11,11,11,53,71,34,28,11,11
g361031466152,11,11,11,11,11,11,11,11,11,11,11,11,11,11,11,11,11,11,25,62,45,21,11,11
g361031466153,13,11,11,11,11,11,11,20,11,11,11,11,11,11,11,11,11,11,11,44,36,11,11,11
g361031467031,11,11,11,11,14,11,11,11,11,11,11,11,11,11,11,44,11,46,45,81,54,13,11,11
g361031467032,11,11,11,11,16,15,11,11,11,11,11,11,11,11,11,11,25,51,99,70,29,11,11,11
g361031467041,8,11,11,11,11,12,11,17,11,11,11,11,11,9,11,14,11,19,33,59,54,19,11,11
g361031467051,11,11,11,11,11,11,11,14,11,11,16,11,11,11,11,11,15,10,20,66,62,41,11,11
g361031467052,11,11,11,11,11,11,11,11,11,11,11,11,11,11,11,11,11,11,34,66,65,30,11,11
g361031467061,11,11,11,11,11,11,11,11,11,11,11,11,11,11,11,11,11,9,17,55,52,13,13,19
g361031467062,11,11,11,11,11,11,11,8,11,11,11,11,11,11,20,26,12,14,34,58,46,12,11,11
g361031468001,11,11,11,11,11,11,11,11,11,11,11,11,11,11,11,11,11,11,42,87,100,44,11,11
g361031468002,13,11,11,11,11,11,12,11,11,11,11,11,11,11,11,11,11,11,17,66,101,44,47,11
g361031468003,11,11,11,11,11,11,11,11,11,11,11,11,11,11,11,11,11,11,30,54,77,36,11,11
g361031468004,11,11,11,11,11,11,11,11,11,11,11,11,11,11,11,11,11,11,22,46,28,40,11,11
g361031469011,11,11,11,11,11,11,12,11,11,11,11,11,11,11,11,11,11,11,17,84,77,79,15,11
g361031469012,11,11,11,11,11,11,11,11,12,11,11,11,11,11,11,11,11,19,19,48,69,44,11,11
g361031469013,11,11,11,11,11,11,11,11,11,11,11,11,11,11,11,11,11,11,16,45,41,22,11,11
g361031469014,11,11,11,11,11,11,11,11,11,11,11,11,11,11,11,11,11,16,16,49,43,36,11,11
g361031469021,11,11,11,11,11,11,11,11,24,11,11,11,11,11,11,11,11,14,21,21,23,63,35,76
g361031469022,11,11,11,11,11,11,11,11,11,11,11,11,11,11,11,11,11,11,11,29,26,76,52,29
g361031469023,11,11,11,11,11,11,11,11,11,10,11,11,11,11,11,11,11,11,11,22,20,51,37,45
g361031470011,11,11,11,11,11,11,11,11,14,11,11,11,11,15,11,14,11,11,11,38,42,35,15,11
g361031470012,11,11,11,11,11,11,11,11,11,11,11,16,11,11,11,11,11,11,17,11,11,50,51,34
g361031470013,11,11,11,11,11,11,14,11,11,11,11,11,11,11,11,19,16,12,14,86,109,19,16,11
g361031470031,12,11,11,11,11,11,11,11,11,11,11,11,11,11,11,11,11,11,102,78,67,18,11,11
g361031470032,18,11,11,11,11,11,11,11,11,11,11,11,11,11,11,11,11,11,30,95,51,52,31,13
g361031470033,11,11,11,11,11,11,11,11,11,11,11,11,11,11,11,11,11,11,11,26,36,80,16,11
g361031470041,11,11,11,11,3,11,11,11,11,11,11,4,11,4,11,11,11,11,3,3,11,11,11,11
g361031471001,9,11,11,11,11,11,11,11,11,11,11,11,11,11,11,11,11,14,16,34,47,40,8,11
g361031471002,11,11,11,11,11,11,11,11,11,11,11,11,11,11,11,11,11,11,11,21,31,26,11,11
g361031471003,5,11,11,11,11,11,11,11,11,11,4,9,11,11,11,11,11,11,11,10,26,40,23,19
g361031472001,23,11,11,11,11,11,11,11,11,11,11,11,11,11,11,11,65,31,112,93,22,11,10,57
g361031472002,11,11,11,11,11,11,11,11,11,11,11,11,11,11,11,11,11,26,11,65,11,11,11,11
g361031472003,11,11,11,11,11,11,11,11,11,11,11,11,11,11,11,11,11,11,11,59,34,53,27,20
g361031472004,11,11,11,11,11,11,11,11,11,11,11,11,11,11,11,11,11,11,23,34,59,11,11,23
g361031472005,11,11,11,11,11,11,11,11,11,11,11,11,11,11,11,11,21,11,25,11,11,11,11,11
g361031473001,11,11,11,11,11,11,11,11,11,11,11,11,11,11,11,67,11,11,11,41,11,11,11,11
g361031473002,11,11,11,11,26,11,11,11,11,11,11,11,11,11,11,11,11,11,27,18,11,11,11,11
g361031473003,11,11,11,11,11,11,11,11,11,11,11,11,11,11,11,35,55,72,22,60,11,40,11,11
g361031473004,11,11,11,11,11,11,11,11,11,11,11,11,11,11,32,26,11,11,48,80,11,25,11,11
g361031473005,11,11,11,11,11,11,11,11,11,11,11,11,11,11,11,11,24,11,11,11,23,11,11,11
g361031473006,29,11,11,11,11,11,11,11,18,11,11,26,11,11,11,20,11,11,25,29,86,86,33,11
g361031474011,11,11,11,11,11,11,11,27,11,11,11,11,11,11,11,11,11,11,58,95,44,55,11,11
g361031474012,11,11,11,11,11,11,11,11,11,11,11,20,11,11,48,35,24,48,11,85,19,37,31,11
g361031474013,11,11,11,11,11,11,20,19,11,11,11,11,11,11,11,11,23,11,43,88,121,11,11,11
g361031474014,11,11,11,11,11,11,11,11,11,11,11,11,11,50,44,26,11,39,11,29,24,11,11,11
g361031474021,11,11,11,11,11,11,11,11,11,11,11,11,11,11,11,11,11,11,18,36,53,52,26,19
g361031474022,15,11,11,11,11,11,11,11,11,11,11,11,11,11,11,11,45,18,11,11,25,71,39,26
g361031474023,11,26,11,20,11,11,15,11,11,11,11,11,11,11,11,11,11,11,11,51,51,40,22,22
g361031475011,11,11,11,11,11,11,11,11,11,11,11,11,11,11,11,11,15,11,11,48,43,34,11,11
g361031475012,11,11,11,11,11,30,11,11,11,17,11,11,11,11,11,11,11,34,49,117,73,54,11,11
g361031475013,11,11,11,11,11,40,11,11,11,11,11,11,11,11,11,11,11,30,22,60,41,11,11,11
g361031475014,11,11,11,11,11,11,11,11,11,11,11,11,11,11,11,11,11,17,29,47,36,46,11,11
g361031475015,11,11,11,11,11,11,11,11,11,11,11,11,11,53,11,11,11,11,29,26,61,69,52,115
g361031475016,11,11,11,11,11,11,11,11,11,11,11,11,11,25,21,35,48,15,32,88,32,34,26,11
g361031475021,11,11,11,11,11,11,11,11,11,11,11,11,11,11,11,11,11,11,28,38,67,11,11,21
g361031475022,11,11,22,11,11,11,11,11,11,11,11,11,11,11,11,11,11,11,11,54,57,53,33,11
g361031475023,11,11,11,11,11,11,11,15,11,11,11,11,11,11,11,11,11,11,12,94,81,62,10,15
g361031475024,20,11,11,11,11,11,11,11,11,11,11,11,11,11,11,19,11,11,23,74,49,59,11,67
g361031475025,11,11,11,11,11,11,11,11,11,11,11,11,11,11,11,11,18,11,11,50,29,41,32,15
g361031475031,11,11,11,11,11,11,11,11,24,8,11,11,11,11,11,11,11,15,55,12,35,65,48,37
g361031476011,11,11,11,11,11,11,11,11,11,11,11,11,11,11,11,11,11,7,11,40,45,52,32,9
g361031476012,13,11,11,11,11,11,11,7,11,13,11,11,11,11,11,11,11,11,8,36,42,43,24,24
g361031476021,11,11,11,11,11,11,11,11,11,11,11,21,11,15,45,21,49,51,21,65,75,43,11,11
g361031476022,11,11,11,11,11,11,11,11,11,11,11,11,11,11,11,11,11,11,11,33,89,94,23,11
g361031476023,11,11,11,11,11,16,11,11,11,11,11,11,11,11,11,11,11,11,47,69,74,27,11,49
g361031476024,11,11,11,11,11,11,11,16,11,11,11,11,11,11,11,11,11,11,25,81,65,41,11,11
g361031477011,11,11,12,11,11,11,11,11,11,11,11,11,11,11,10,11,11,25,21,57,49,45,15,11
g361031477012,11,11,11,11,11,11,11,11,11,11,11,11,11,29,22,31,14,15,17,52,63,16,11,19
g361031477021,11,11,11,11,11,11,24,10,11,11,11,11,11,11,12,11,11,11,22,49,62,44,11,11
g361031477022,11,11,14,11,11,11,19,11,11,11,11,11,11,11,11,11,11,20,27,52,30,13,11,11
g361031477023,11,11,11,11,11,11,11,11,11,11,11,11,11,11,11,11,11,11,30,63,63,42,11,11
g361031477024,11,11,11,11,11,11,11,11,11,11,11,11,11,16,11,11,11,11,24,44,43,20,11,11
g361031478021,11,11,11,11,11,11,11,11,11,18,11,11,11,11,11,11,11,11,15,43,37,32,11,11
g361031478022,11,11,11,11,11,11,11,11,11,11,11,11,11,13,11,11,11,13,17,32,31,56,53,16
g361031478023,11,11,11,11,11,11,11,11,11,11,11,11,11,11,11,11,19,47,28,27,53,46,31,13
g361031478031,11,11,11,11,11,11,11,11,11,11,11,11,11,11,11,18,11,27,48,69,43,46,25,11
g361031478032,11,11,11,20,11,11,11,11,11,11,11,11,11,11,11,11,11,11,13,49,31,41,14,11
g361031478041,11,11,11,11,11,11,11,11,11,11,11,11,11,11,11,11,13,14,53,89,69,57,11,11
g361031478042,11,11,11,11,11,11,11,15,11,11,11,11,11,11,11,11,11,11,11,39,54,70,11,11
g361031478043,11,11,11,11,11,11,11,11,11,11,11,11,11,11,11,11,11,20,22,48,45,50,14,11
g361031478044,19,11,11,11,11,11,11,13,11,11,11,11,11,11,11,11,11,13,30,59,56,42,11,16
g361031479011,16,11,11,11,11,19,11,11,11,11,11,11,11,11,11,11,11,19,35,83,77,21,15,10
g361031479012,11,11,11,11,11,11,11,11,11,11,11,11,11,11,11,11,10,11,20,22,11,11,11,11
g361031479013,11,11,11,11,11,11,11,11,11,11,11,11,11,11,11,11,11,11,11,45,20,11,15,11
g361031479021,11,11,11,11,11,11,11,11,11,11,11,15,11,11,11,11,11,13,11,37,35,41,24,11
g361031479022,11,11,11,11,11,11,11,11,11,11,11,11,11,11,11,11,11,11,11,12,40,31,83,20
g361031479023,11,11,11,11,11,11,11,11,11,11,18,11,11,11,11,11,11,11,16,34,67,60,59,12
g361031479024,13,11,11,11,11,11,11,11,11,11,11,11,11,16,11,11,11,19,11,59,34,48,23,11
g361031580011,3,11,11,11,11,11,11,11,11,11,11,11,11,4,11,11,11,11,11,7,4,20,22,46
g361031580012,11,11,11,11,11,5,11,11,11,11,11,11,11,7,5,11,11,6,15,28,20,17,15,18
g361031580013,11,11,11,11,11,11,11,11,11,11,11,11,11,11,11,11,6,11,25,15,31,39,34,28
g361031580014,11,11,11,11,11,11,11,11,11,11,11,11,11,11,11,11,11,11,11,37,30,48,42,57
g361031580015,19,11,11,11,11,11,11,11,11,11,11,11,11,11,11,11,11,11,11,13,12,32,19,36
g361031580021,16,11,11,11,11,11,11,11,11,11,11,11,11,11,11,11,11,11,26,60,55,68,47,11
g361031580022,11,11,11,11,11,11,11,11,11,11,15,11,11,11,11,11,11,11,11,34,98,58,27,11
g361031580023,11,11,11,11,11,11,11,11,11,11,11,11,11,11,11,11,11,11,11,32,83,123,45,29
g361031580024,24,11,11,11,11,11,11,11,11,11,11,11,11,11,11,11,11,11,28,11,32,105,24,11
g361031580025,11,11,11,11,11,11,11,11,11,11,11,11,11,11,11,11,11,11,11,11,51,73,24,11
g361031580026,27,11,11,11,11,11,11,11,11,11,11,11,11,11,11,11,11,31,11,45,32,70,83,47
g361031580061,11,11,11,11,13,11,11,24,11,11,11,11,11,11,11,11,11,24,51,79,123,68,11,11
g361031580062,33,11,11,11,11,11,11,11,11,11,11,11,11,11,11,11,11,41,25,98,104,76,35,11
g361031580063,11,11,11,11,11,11,11,11,11,11,11,11,11,11,11,21,25,29,34,46,72,11,11,11
g361031580064,11,11,11,11,11,11,11,11,11,11,11,11,11,11,11,11,11,11,62,53,29,23,15,11
g361031580071,11,11,11,11,11,11,11,11,11,11,11,11,11,11,11,11,11,11,11,11,11,11,11,11
g361031580072,11,11,11,11,11,11,11,11,11,11,11,11,11,11,11,11,11,11,6,16,13,6,11,6
g361031580073,11,11,11,11,11,11,11,11,11,11,11,11,11,11,11,11,11,11,11,13,11,11,11,11
g361031580074,11,11,11,11,11,11,11,11,11,11,11,11,11,11,11,11,11,11,11,11,11,11,11,11
g361031580091,11,11,11,11,11,11,11,11,11,11,11,11,11,11,11,11,11,11,8,31,47,45,11,14
g361031580092,11,11,11,11,11,11,11,11,11,11,11,11,11,11,11,11,11,11,12,55,56,34,20,7
g361031580101,19,11,11,11,11,11,11,20,11,20,11,13,16,11,11,11,11,9,11,30,84,86,24,11
g361031580102,22,11,11,11,11,11,11,11,11,11,11,11,11,11,11,11,11,11,15,67,48,40,14,11
g361031580103,17,11,11,11,11,11,11,11,11,11,11,11,11,11,11,11,11,11,11,28,43,65,11,11
g361031580111,11,11,11,11,11,11,11,11,11,11,11,11,11,11,16,11,11,32,51,87,76,25,11,11
g361031580112,11,11,11,11,11,11,11,11,11,11,11,11,11,11,11,13,11,13,11,46,54,62,48,17
g361031580113,35,11,11,11,11,11,11,11,11,11,11,55,58,41,58,33,11,36,11,11,11,16,18,11
g361031581021,11,11,11,11,11,11,17,11,11,11,11,11,11,11,11,11,17,51,85,93,50,12,22,11
g361031581022,17,11,11,11,11,11,21,11,11,11,11,11,11,17,11,11,12,19,96,98,35,62,11,11
g361031581031,11,11,11,11,11,11,11,11,11,11,11,11,11,11,46,5,15,47,74,95,78,32,30,11
g361031581032,11,11,11,11,11,11,11,11,11,11,11,11,11,23,11,11,17,45,49,52,35,11,11,11
g361031581041,20,11,11,11,11,11,11,11,11,11,11,11,11,11,11,11,18,24,73,75,60,38,11,11
g361031581042,15,11,11,11,11,11,11,11,11,11,11,11,11,11,11,12,23,51,66,75,11,20,11,11
g361031581043,11,11,11,11,11,11,11,11,11,11,11,11,11,11,17,11,15,39,39,96,18,18,11,17
g361031581071,11,11,11,11,11,11,11,11,11,11,11,11,11,13,11,11,14,42,23,57,65,51,8,10
g361031581072,12,11,11,11,11,11,11,11,11,11,11,11,11,11,11,11,11,11,56,76,68,46,11,11
g361031581081,14,11,11,11,7,11,11,11,11,11,11,8,11,11,11,11,13,15,33,59,33,57,26,42
g361031581101,12,11,11,11,11,11,11,11,11,11,11,11,11,11,12,10,11,49,34,78,36,21,11,13
g361031581102,11,11,11,11,11,11,11,11,11,11,11,11,11,11,11,11,17,28,58,84,35,13,11,11
g361031581111,11,11,11,8,11,10,11,11,11,11,11,11,11,11,11,11,11,47,52,67,17,16,11,11
g361031581112,14,11,11,11,11,11,11,11,11,11,11,11,11,11,11,18,11,44,49,43,9,9,11,11
g361031581121,11,11,11,11,11,11,11,11,11,11,11,11,11,11,11,17,11,37,80,62,51,21,11,11
g361031581122,11,11,11,11,13,11,11,11,11,11,11,11,11,11,11,24,11,75,81,65,61,11,11,11
g361031581141,11,11,11,11,11,11,11,11,11,11,11,11,11,11,11,11,11,51,45,84,52,32,16,17
g361031581151,24,11,11,11,11,11,11,11,11,11,11,11,11,11,11,31,11,11,31,95,110,31,11,11
g361031581152,11,11,11,11,11,19,11,11,11,11,11,11,11,11,11,11,11,22,35,102,64,30,11,11
g361031581153,11,11,11,11,11,11,11,11,11,11,11,11,11,11,11,11,11,30,108,121,18,28,11,11
g361031581161,14,11,11,11,11,11,11,11,11,11,11,11,11,11,11,6,38,21,39,41,56,16,14,11
g361031581162,11,11,11,11,11,11,11,8,11,11,15,14,17,8,11,10,11,13,14,30,9,26,11,23
g361031582021,11,11,11,11,11,11,11,11,11,11,11,11,11,11,11,11,11,60,86,85,23,11,11,11
g361031582022,11,11,11,11,11,11,11,11,11,11,11,11,11,11,11,11,11,49,70,54,97,54,11,11
g361031582023,11,11,11,11,11,11,11,11,11,11,11,11,11,11,11,14,11,20,41,93,53,38,11,11
g361031582024,11,11,11,11,11,11,11,11,11,11,11,11,11,11,11,11,11,19,74,75,61,19,11,11
g361031582025,11,23,11,11,32,11,11,11,11,11,11,28,11,11,11,68,11,77,18,122,78,40,20,11
g361031582031,8,11,11,11,8,11,11,11,11,13,11,11,11,11,11,10,8,11,21,48,50,48,9,12
g361031582051,10,11,11,11,11,11,11,11,11,11,12,11,11,11,11,17,11,11,11,12,15,58,15,10
g361031582052,11,11,11,11,11,11,11,11,11,11,11,11,11,11,11,31,11,11,17,42,41,21,14,11
g361031582061,11,11,11,11,11,11,11,11,11,11,11,11,11,11,11,11,11,11,11,33,59,54,47,11
g361031582062,21,11,11,11,11,11,11,11,11,11,11,11,11,12,11,11,11,11,20,33,33,73,26,11
g361031582063,11,11,11,11,11,17,11,12,11,11,11,11,11,11,11,10,11,11,16,26,54,44,44,11
g361031582071,4,11,11,11,11,11,11,11,11,11,11,11,11,11,11,3,11,11,11,11,6,30,25,29
g361031582072,11,11,11,11,11,11,11,11,11,11,11,11,11,11,11,11,11,16,11,52,39,78,25,37
g361031582073,11,11,11,11,11,11,11,11,11,11,11,11,11,11,11,11,14,9,27,44,21,11,11,11
g361031582074,11,11,11,11,11,11,11,11,11,11,11,11,11,11,11,11,11,15,12,33,66,76,16,11
g361031583041,31,11,11,11,11,11,11,11,11,11,11,11,11,11,11,11,11,26,31,83,121,92,32,51
g361031583042,11,11,11,11,11,11,11,11,11,11,11,11,11,11,11,11,11,11,11,43,91,115,16,24
g361031583043,11,11,11,11,11,11,11,27,11,11,11,11,11,11,11,11,49,28,117,47,106,49,21,11
g361031583044,35,11,11,11,11,11,11,11,11,11,11,28,11,11,11,11,11,11,11,73,128,50,11,11
g361031583061,11,11,11,11,11,11,11,11,11,11,11,11,11,11,11,11,11,21,31,83,70,122,29,11
g361031583062,11,11,20,11,11,11,11,11,11,11,11,11,11,11,11,11,21,31,55,102,90,76,11,34
g361031583063,11,11,11,11,11,11,11,11,11,11,11,11,11,11,11,11,11,15,16,98,101,28,11,11
g361031583081,11,11,11,11,11,11,11,11,11,11,11,11,11,11,11,11,11,11,38,78,28,48,11,32
g361031583082,11,11,11,11,11,11,11,11,11,11,11,11,11,11,11,11,25,39,129,90,32,34,11,11
g361031583083,43,11,11,11,11,38,11,11,11,11,11,11,11,11,11,11,11,27,118,110,39,38,11,11
g361031583084,11,11,11,11,11,11,11,11,11,11,11,11,11,11,11,11,11,90,67,107,57,42,34,11
g361031583091,17,11,11,11,11,11,11,11,11,11,11,11,11,11,18,11,11,58,53,126,46,16,11,14
g361031583092,11,11,11,11,11,11,11,11,11,11,11,11,11,11,11,11,11,12,49,61,14,14,11,27
g361031583101,11,11,11,12,11,11,11,11,11,11,11,11,11,13,11,14,15,38,67,63,27,11,11,18
g361031583102,18,11,11,11,20,11,11,11,13,11,11,11,11,11,9,11,43,49,68,88,46,21,28,8
g361031583151,14,11,12,16,13,11,11,11,11,11,11,11,11,16,18,12,40,62,84,90,25,11,11,11
g361031583152,11,11,11,11,11,11,11,11,11,11,11,11,11,11,11,11,11,78,67,89,24,11,11,11
g361031583171,11,11,11,11,33,11,11,11,11,11,11,11,11,11,11,49,11,78,97,95,95,11,11,11
g361031583172,30,11,11,11,11,11,11,11,11,11,11,11,11,11,26,31,33,54,64,79,35,35,11,40
g361031583173,31,11,11,11,11,11,11,11,11,11,11,11,11,11,11,37,11,59,62,96,82,11,11,11
g361031583181,11,11,11,11,11,11,11,11,11,11,11,11,11,16,11,19,18,35,83,46,10,75,11,17
g361031583182,11,11,11,11,11,11,11,11,15,11,11,11,11,11,11,11,16,18,26,77,46,26,11,13
g361031583183,18,11,11,11,11,11,20,12,11,11,11,11,11,38,11,11,14,16,51,71,28,43,11,11
g361031583191,14,11,11,15,11,11,11,11,11,11,11,11,11,14,11,12,27,82,68,62,15,11,12,11
g361031583192,38,11,11,11,11,11,11,11,11,11,11,11,11,11,11,11,11,21,31,74,37,19,11,11
g361031583193,11,11,11,11,11,11,11,11,11,11,11,11,11,11,11,11,11,9,37,52,22,13,11,11
g361031583201,36,11,11,11,11,11,11,11,11,11,11,11,11,11,11,11,11,11,11,75,74,65,11,11
g361031583202,11,11,11,11,11,11,11,15,11,11,11,11,11,11,11,11,11,11,11,134,81,54,11,11
g361031583203,11,11,11,11,11,11,11,11,11,11,31,99,44,59,55,27,26,22,97,31,11,11,11,11
g361031583204,11,11,11,11,11,11,11,11,11,11,11,11,11,11,11,33,11,18,71,85,63,23,11,11
g361031583211,11,11,11,11,11,11,11,11,11,11,11,11,11,11,11,11,11,23,81,116,103,11,11,11
g361031583212,25,11,11,11,11,11,11,23,11,11,11,23,11,11,11,11,11,11,91,116,32,29,11,11
g361031583213,24,11,11,11,11,11,24,11,11,11,11,21,11,11,11,11,11,11,51,94,74,11,11,11
g361031583214,11,11,11,11,11,11,11,11,11,11,11,11,11,11,29,19,11,11,64,28,11,11,11,11
g361031583221,13,11,11,11,11,56,11,9,21,8,11,11,11,11,11,11,11,11,23,75,40,84,33,11
g361031583231,11,11,11,11,11,32,11,11,11,11,11,11,11,11,11,11,11,11,28,80,100,63,11,14
g361031583232,11,11,11,11,11,11,11,11,11,11,11,11,11,11,11,11,11,38,11,56,112,32,22,11
g361031583233,11,11,11,11,11,11,11,11,11,11,11,11,11,11,11,11,11,29,41,79,108,75,11,11
g361031583234,17,11,11,11,11,11,11,19,11,11,11,11,11,90,11,11,20,11,11,104,93,130,11,21
g361031584011,11,11,11,9,11,11,11,11,11,19,9,12,8,18,10,11,11,7,11,45,46,53,11,11
g361031584021,13,11,8,11,11,11,11,11,11,11,11,11,11,11,11,11,11,14,13,77,81,68,12,19
g361031584022,11,11,11,11,11,11,11,11,11,11,11,11,11,11,11,11,11,5,3,10,23,28,19,9
g361031584023,11,11,11,11,11,11,11,11,11,11,11,11,11,18,11,11,11,11,16,51,43,66,19,11
g361031584031,9,11,11,19,11,11,11,11,11,11,11,11,11,22,20,57,19,43,30,43,14,14,11,10
g361031584032,9,11,11,11,11,11,11,11,11,9,14,25,11,24,11,11,11,27,23,45,15,11,11,26
g361031584051,11,11,11,11,23,11,11,11,11,11,11,11,11,11,11,24,35,65,71,38,65,40,50,11
g361031584052,11,11,11,11,11,11,11,11,11,11,11,11,11,11,11,11,11,11,26,27,51,50,11,14
g361031584053,11,11,11,11,11,11,11,11,19,11,15,11,11,11,11,11,12,36,26,51,63,56,15,11
g361031584071,11,27,11,11,11,11,11,11,11,58,11,11,11,11,11,11,25,35,53,86,50,29,11,22
g361031584072,11,11,33,11,11,11,11,11,11,11,22,11,11,21,26,95,24,48,75,72,11,11,11,11
g361031584073,11,11,11,20,23,11,11,11,11,11,11,11,11,11,11,11,11,58,103,60,21,11,11,11
g361031584074,11,11,11,11,11,11,11,11,11,11,16,11,11,29,11,19,34,84,46,121,20,23,11,23
g361031584081,11,11,11,11,18,15,11,11,11,11,11,11,11,18,11,35,15,74,67,65,24,20,11,11
g361031584082,19,11,11,11,11,11,11,11,11,11,21,11,11,11,11,53,11,76,67,46,11,11,11,11
g361031584091,11,11,11,11,11,11,11,11,11,11,11,11,11,11,11,11,11,13,59,52,52,24,11,14
g361031584092,11,11,11,11,11,11,11,11,11,11,11,21,11,13,32,13,58,84,88,56,33,11,11,15
g361031584093,11,11,11,11,11,11,11,11,11,11,11,11,15,11,11,11,11,23,26,75,32,11,11,11
g361031584101,19,11,11,25,11,11,11,11,11,11,11,40,11,11,11,20,42,53,96,84,60,32,11,11
g361031584102,23,11,11,24,11,11,11,11,11,26,11,60,25,78,50,57,27,83,24,36,25,11,11,11
g361031584103,11,11,11,11,11,11,11,11,11,11,36,11,46,93,61,63,44,11,11,22,11,11,11,11
g361031585021,20,11,11,11,11,11,11,11,11,11,11,11,11,11,11,11,11,49,66,68,38,25,11,11
g361031585022,13,11,11,11,11,11,11,11,11,11,11,11,11,11,11,11,11,11,24,68,38,11,11,11
g361031585023,15,11,11,11,11,11,11,11,11,11,11,11,11,15,11,11,11,12,11,20,24,15,11,14
g361031585051,11,11,11,11,11,11,11,11,15,11,11,11,11,11,11,11,11,26,41,99,71,24,22,11
g361031585052,11,11,11,11,11,11,11,11,11,11,11,11,11,11,11,11,11,10,23,43,54,42,11,11
g361031585053,11,11,11,11,11,11,11,11,11,11,11,11,11,11,11,11,11,11,11,13,11,31,11,11
g361031585061,11,11,11,11,11,11,11,11,13,11,11,11,11,11,13,27,11,20,31,63,42,10,11,11
g361031585062,11,11,11,11,11,11,11,11,11,11,11,11,11,11,14,8,11,32,31,35,23,11,11,11
g361031585071,11,11,11,11,13,11,11,11,11,11,11,11,11,11,11,11,11,27,44,71,13,11,11,11
g361031585072,13,11,11,11,11,11,11,11,12,11,11,11,11,11,11,11,11,28,39,65,26,16,11,11
g361031585073,20,11,11,11,11,13,11,11,11,11,11,11,11,11,11,10,12,63,55,80,7,11,20,29
g361031585081,11,11,11,11,11,11,11,11,11,11,11,11,11,11,11,12,11,19,68,88,14,19,11,11
g361031585082,11,11,11,11,11,11,11,11,11,11,11,11,11,11,11,11,11,11,49,64,65,14,13,11
g361031585083,11,11,11,25,11,11,11,11,11,11,11,11,11,11,11,11,11,24,12,82,71,18,11,11
g361031585084,11,11,11,11,26,11,11,11,11,11,11,11,11,11,11,11,11,40,40,35,43,24,11,11
g361031585085,15,11,11,11,11,11,11,11,11,11,11,11,11,23,11,11,11,16,11,85,66,24,11,11
g361031585091,11,11,11,11,11,11,12,11,11,11,11,11,11,11,11,12,18,29,65,62,19,11,11,11
g361031585092,11,11,11,11,19,14,11,11,11,11,11,19,11,11,52,21,19,28,53,81,17,11,11,11
g361031585093,11,11,11,11,11,11,11,11,11,11,11,11,11,10,11,43,11,33,51,63,11,11,11,11
g361031585101,11,11,11,33,11,11,11,11,11,11,11,11,11,37,41,25,52,79,37,135,88,11,11,11
g361031585102,24,11,11,11,11,11,11,11,11,11,11,11,11,11,11,11,11,67,61,76,29,49,24,12
g361031585103,11,11,11,11,11,26,11,11,11,11,11,11,11,11,29,11,20,19,43,119,57,17,11,11
g361031585104,33,11,11,11,11,11,11,11,11,11,11,11,11,11,11,11,11,70,50,79,73,11,11,11
g361031585111,10,11,11,11,11,11,11,11,11,11,45,11,11,11,11,11,11,64,29,83,54,25,11,11
g361031585112,11,11,11,11,11,11,11,11,11,11,11,11,11,11,24,11,11,44,28,120,52,61,11,11
g361031585113,14,11,11,18,9,11,11,11,11,11,11,11,13,14,11,11,12,55,61,92,38,13,11,11
g361031585121,16,11,11,11,11,10,11,11,11,11,11,11,11,41,11,11,11,12,73,72,73,37,11,21
g361031585122,11,11,11,11,11,11,11,23,11,11,11,11,11,19,11,11,12,33,63,65,44,17,17,11
g361031586041,11,11,11,11,11,11,11,11,11,11,11,11,11,11,11,11,11,33,28,84,25,44,11,11
g361031586042,11,11,11,22,11,11,11,11,11,11,11,11,11,11,11,11,11,28,25,44,11,21,35,11
g361031586043,11,11,11,11,11,11,19,11,11,11,11,11,11,11,11,11,14,35,39,90,48,21,11,20
g361031586051,15,11,11,11,11,11,11,11,11,11,24,11,11,11,11,14,13,11,60,107,72,11,20,11
g361031586052,11,11,11,19,11,11,11,11,11,11,11,11,11,11,11,11,11,11,31,86,54,43,11,14
g361031586061,16,11,11,11,11,19,11,11,11,11,11,11,11,51,11,11,11,44,74,59,42,24,11,11
g361031586062,11,11,11,11,11,15,11,11,11,11,11,11,11,11,11,11,11,22,48,71,46,13,11,11
g361031586063,18,11,11,11,11,9,11,11,11,11,11,11,11,11,11,10,24,45,56,47,23,11,11,14
g361031586071,15,11,11,11,11,11,11,11,11,11,11,17,11,11,11,15,17,60,56,81,38,11,11,11
g361031586072,13,11,11,8,11,11,11,10,11,11,11,11,11,11,11,52,41,63,38,54,11,13,13,11
g361031586081,11,11,11,11,11,11,11,11,11,11,11,11,11,11,11,11,11,24,11,34,11,11,11,11
g361031586082,16,11,11,11,11,12,11,11,11,11,11,11,11,11,11,29,20,33,42,49,11,11,11,11
g361031586083,20,11,11,11,11,11,11,12,11,11,11,11,11,11,11,11,14,52,65,69,22,20,11,10
g361031586091,11,11,11,11,11,11,11,11,11,11,11,11,16,11,11,11,23,46,82,83,15,8,11,11
g361031586092,22,11,11,11,11,40,11,11,11,11,11,11,17,11,17,11,11,11,22,88,43,11,11,11
g361031586093,19,11,11,11,9,11,11,11,11,11,11,11,11,31,11,11,11,20,17,57,29,11,11,14
g361031587041,11,11,11,11,11,11,11,11,11,11,11,11,11,23,11,11,11,53,45,92,40,11,11,11
g361031587042,11,11,11,25,11,11,11,11,11,11,11,26,11,11,11,11,11,47,11,51,25,11,11,11
g361031587043,11,11,11,11,11,24,11,11,35,11,11,22,106,56,33,92,26,104,60,115,11,20,11,11
g361031587044,11,11,11,24,11,11,11,11,11,11,11,11,11,11,11,11,11,82,174,132,18,15,11,11
g361031587045,37,11,11,11,11,11,11,11,11,11,11,11,11,72,11,35,40,98,61,22,20,11,11,11
g361031587051,11,11,11,11,11,11,11,11,11,11,11,11,11,11,11,15,14,36,58,21,11,11,11,11
g361031587052,11,11,11,11,11,11,11,11,11,11,11,11,11,56,11,24,60,45,99,43,11,11,33,12
g361031587053,11,11,11,11,11,11,11,11,11,11,11,11,11,11,11,16,13,61,33,36,11,11,11,11
g361031587071,11,11,11,11,11,11,11,11,11,11,11,11,11,12,10,11,7,40,38,44,36,29,14,11
g361031587081,11,11,11,11,11,11,11,11,47,11,17,29,17,26,22,16,40,18,11,11,11,18,11,11
g361031587082,11,11,11,11,11,11,11,11,11,16,22,20,28,36,55,29,17,41,30,32,21,11,11,11
g361031587083,11,11,11,11,11,11,37,11,11,11,11,11,11,11,11,11,11,47,32,81,36,26,11,23
g361031587091,23,11,11,11,11,11,11,11,11,20,11,11,11,11,11,6,7,67,77,50,28,25,11,11
g361031587101,12,11,11,11,11,11,11,11,17,11,11,11,11,11,11,14,23,46,41,80,40,13,11,11
g361031587102,11,11,11,11,11,11,15,11,11,11,11,11,11,11,11,21,27,42,23,53,11,11,11,11
g361031587103,11,11,11,11,18,11,11,11,11,11,11,27,11,11,14,11,18,63,31,56,26,11,11,11
g361031587104,11,11,11,11,11,11,11,11,11,11,11,11,11,11,11,11,11,11,11,11,11,11,11,11
g361031587111,11,11,11,11,11,11,11,11,11,11,11,11,11,11,11,11,11,38,79,66,81,11,11,11
g361031587112,15,11,11,28,11,11,11,11,11,11,11,11,11,11,10,43,49,93,114,34,14,29,11,11
g361031587113,11,11,11,11,11,11,11,11,11,11,11,11,11,11,8,11,61,67,61,66,35,35,11,11
g361031587121,11,11,11,11,11,11,25,11,11,11,11,11,11,106,22,11,11,88,90,15,19,51,11,11
g361031587122,11,11,11,11,11,11,11,11,11,11,11,11,11,11,30,11,11,48,113,125,63,37,11,11
g361031587123,11,11,11,11,11,11,11,19,11,11,11,11,19,11,11,11,11,54,55,66,15,15,11,11
g361031587124,11,11,29,11,11,11,11,11,11,11,11,11,11,11,11,87,11,70,28,84,11,11,19,11
g361031587125,11,11,11,11,11,11,11,11,11,11,11,11,11,11,25,11,28,108,98,92,11,11,11,11
g361031588021,11,11,11,11,11,11,11,11,11,11,11,11,11,11,11,11,17,13,54,61,60,29,11,11
g361031588022,11,11,11,11,11,11,11,11,11,15,11,11,11,11,18,11,11,17,56,67,60,40,16,11
g361031588023,11,11,11,11,11,11,11,11,12,11,11,11,11,11,11,11,11,11,15,51,49,59,36,11
g361031588031,11,11,11,11,11,11,11,21,11,11,11,11,11,11,11,11,11,21,73,89,63,22,11,11
g361031588032,11,11,11,11,11,11,11,11,11,15,11,11,11,11,11,11,11,13,39,54,41,33,11,16
g361031588033,11,11,11,11,11,11,11,11,11,11,22,11,11,15,11,11,36,11,11,70,61,91,28,11
g361031588034,23,11,11,11,11,11,11,11,11,20,11,11,11,39,86,45,43,39,11,32,11,11,11,11
g361031588041,11,11,11,11,11,11,11,11,18,11,11,11,11,11,11,11,98,105,69,81,15,16,11,11
g361031588042,11,11,11,11,11,11,11,11,11,11,11,11,11,11,11,11,11,61,43,85,64,55,14,20
g361031588043,11,11,11,11,11,11,11,11,11,11,11,11,11,11,42,34,11,21,41,105,15,23,11,65
g361031588044,11,11,11,11,11,11,11,11,11,11,18,11,11,11,68,11,17,73,64,83,20,11,11,11
g361031588045,62,11,11,11,11,11,11,11,11,11,11,11,11,11,21,26,18,63,52,51,18,11,11,11
g361031588046,20,11,11,11,11,11,11,11,11,11,11,11,11,11,11,19,25,25,62,59,41,11,11,11
g361031589001,11,11,11,11,11,11,33,11,11,11,11,11,11,11,11,27,11,45,59,88,34,11,11,11
g361031589002,11,11,11,11,11,11,11,11,11,11,11,11,11,11,11,11,11,54,21,55,20,11,11,11
g361031589003,11,11,11,11,11,11,11,11,11,11,11,11,11,11,11,11,11,11,62,64,60,23,11,11
g361031589004,11,11,11,11,11,11,11,11,11,11,11,11,11,21,11,11,11,39,85,11,65,11,11,11
g361031589005,11,11,22,11,11,11,25,11,11,11,11,34,45,26,37,11,23,79,47,91,49,11,11,25
g361031590001,11,11,11,11,17,11,11,11,11,11,11,11,11,11,11,27,11,38,76,63,56,33,11,11
g361031590002,11,11,11,11,11,11,11,11,11,11,11,11,11,12,11,15,30,45,47,81,40,11,11,11
g361031590003,11,11,11,11,11,11,11,11,11,11,11,11,11,35,58,16,16,16,52,18,11,12,11,13
g361031591021,11,11,11,11,11,28,11,11,11,11,11,11,11,11,11,11,38,72,22,20,11,11,11,11
g361031591022,11,11,11,11,11,11,11,11,11,11,11,11,11,11,11,18,11,50,42,63,11,11,11,11
g361031591023,11,11,11,11,11,11,11,11,22,11,11,11,11,11,11,23,25,78,86,56,48,11,11,11
g361031591024,11,11,11,11,11,11,11,11,11,11,11,11,11,11,11,11,11,48,34,48,32,11,21,11
g361031591025,11,11,11,11,11,11,11,11,11,11,11,11,11,11,11,44,22,11,11,74,13,24,11,11
g361031591031,11,11,11,11,11,11,11,11,11,11,11,11,11,11,11,11,11,23,32,34,28,52,11,11
g361031591032,11,11,11,11,11,11,11,11,37,11,11,11,11,11,11,36,12,39,11,11,11,41,11,11
g361031591033,11,11,11,11,11,11,11,11,11,11,11,20,11,25,47,29,34,85,71,62,11,16,11,11
g361031591034,11,11,11,11,11,11,11,11,11,11,14,11,11,18,11,49,46,46,11,11,11,11,11,11
g361031591051,11,11,11,11,11,11,11,24,11,11,11,11,11,11,11,11,11,48,90,96,22,11,11,11
g361031591052,11,11,11,11,11,11,11,11,11,11,11,11,11,11,11,11,11,11,11,11,23,11,11,11
g361031591053,11,11,11,11,11,11,11,11,11,11,11,11,11,11,11,11,11,41,83,144,32,11,11,11
g361031591054,11,11,11,11,11,11,11,11,11,11,11,11,11,11,11,11,19,28,49,119,49,32,11,11
g361031591061,11,11,11,11,11,11,11,11,11,11,11,11,11,13,11,11,11,48,54,66,34,11,11,11
g361031591062,11,11,11,11,11,11,15,11,11,11,11,11,11,11,11,11,11,39,44,69,64,8,11,11
g361031591063,11,11,11,11,11,11,11,11,11,11,11,11,11,11,11,11,11,19,75,63,53,7,11,11
g361031591071,11,11,11,11,11,11,11,11,11,11,11,11,11,11,11,15,14,47,41,95,35,11,11,13
g361031591072,11,11,11,11,11,11,11,11,11,11,11,11,11,11,11,11,16,47,16,56,39,11,11,11
g361031591073,11,11,11,11,11,11,11,11,11,11,11,11,11,11,11,16,13,26,45,62,54,16,21,11
g361031591081,11,11,11,11,11,11,11,11,11,11,11,11,11,11,11,11,11,56,36,67,23,11,11,19
g361031591082,11,11,11,11,11,11,11,11,11,11,11,11,11,11,11,11,11,62,109,145,64,11,11,11
g361031591083,26,11,11,11,11,11,11,11,11,11,11,11,11,11,11,14,11,50,86,56,48,11,11,11
g361031591084,28,11,11,11,11,11,11,11,36,11,11,11,11,11,11,11,11,11,47,78,55,11,11,52
g361031591085,11,11,11,11,14,11,11,11,11,11,11,11,11,11,11,11,53,18,15,81,27,46,11,11
g361031592011,13,11,11,14,11,11,11,11,11,11,11,11,11,11,11,11,19,16,60,97,38,51,11,11
g361031592012,12,11,11,11,11,11,11,11,11,11,11,11,19,11,11,15,57,38,88,79,24,19,11,11
g361031592031,23,11,11,11,11,11,37,11,11,11,11,11,11,11,70,24,11,82,80,63,42,38,11,23
g361031592032,11,11,11,11,11,11,11,11,11,11,20,11,11,11,11,24,67,42,95,115,61,56,11,11
g361031592033,30,11,11,11,11,11,11,11,11,11,11,11,11,11,11,11,11,59,59,77,26,82,21,11
g361031592041,11,11,11,11,12,11,11,11,11,11,11,11,12,11,11,18,16,22,46,67,23,13,11,11
g361031592042,11,11,11,11,11,11,11,11,11,11,11,11,11,11,11,11,11,27,23,64,13,14,10,11
g361031592043,11,11,11,11,11,11,11,11,11,11,11,11,11,11,11,11,11,11,39,37,54,50,11,11
g361031592044,11,11,11,11,11,11,11,11,11,11,11,11,11,11,11,11,13,11,55,38,54,40,11,13
g361031593001,11,11,11,11,11,11,11,11,11,11,11,11,11,11,11,11,11,11,11,11,38,34,18,27
g361031593002,11,11,7,11,11,11,11,6,8,11,11,11,11,11,11,11,8,29,15,56,31,27,6,7
g361031594041,11,11,11,11,11,11,11,11,11,11,11,11,11,11,11,11,11,11,19,39,19,27,11,21
g361031594042,11,19,11,11,11,11,11,11,11,11,11,11,11,30,39,28,29,22,30,25,25,21,11,11
g361031594043,11,37,11,11,11,11,11,11,11,11,11,11,11,59,11,11,102,56,65,65,11,11,11,11
g361031594044,11,11,11,11,11,26,11,11,11,11,11,11,11,11,36,95,54,76,63,35,125,11,11,11
g361031594045,11,11,11,11,11,11,11,11,11,11,11,11,11,34,24,22,84,46,44,45,11,11,11,11
g361031594061,13,11,11,11,11,11,11,11,11,11,11,11,11,11,11,11,11,11,62,57,26,50,11,11
g361031594062,11,11,11,11,11,11,11,11,11,11,11,11,11,11,11,11,11,18,31,76,29,14,15,11
g361031594063,15,11,11,11,11,11,18,11,11,11,11,11,11,11,11,11,13,11,25,61,39,51,11,11
g361031594071,16,11,11,11,18,11,11,11,12,11,19,11,11,14,18,13,26,53,70,100,11,9,11,11
g361031594072,17,11,11,11,15,11,11,11,11,11,11,11,11,11,11,11,39,57,38,46,25,15,11,11
g361031594073,12,11,11,11,11,18,11,11,11,11,11,11,10,11,40,11,12,93,84,76,25,16,11,11
g361031594081,24,11,11,11,11,11,11,16,11,11,11,11,11,11,17,23,43,79,67,90,15,18,11,11
g361031594082,11,11,11,11,11,11,11,11,11,11,11,12,11,11,11,17,25,55,44,48,10,14,11,11
g361031594101,11,11,26,11,11,11,11,11,11,11,11,11,11,11,11,11,11,11,42,95,98,92,50,11
g361031594102,11,11,11,11,11,11,11,11,11,26,11,25,11,79,11,87,11,36,37,65,58,63,11,11
g361031594103,47,16,16,16,16,16,16,16,16,16,77,16,16,16,16,16,25,27,81,120,130,136,33,16
g361031594111,7,11,11,11,12,11,11,11,11,11,11,8,11,11,11,16,45,47,103,60,16,22,11,11
g361031594112,11,11,11,11,11,11,11,11,11,11,11,11,11,11,11,11,14,54,70,67,11,23,11,12
g361031594121,11,11,11,11,11,11,11,11,11,11,11,11,20,11,11,11,11,11,23,71,52,46,11,26
g361031594122,11,11,11,21,11,11,11,11,11,11,11,11,11,11,11,11,18,96,62,94,75,112,11,11
g361031594123,29,25,11,11,11,11,18,20,11,35,54,62,11,41,41,80,11,36,35,71,114,82,30,11
g361031594124,11,11,11,11,11,11,27,11,11,11,11,11,11,11,11,11,11,11,72,53,69,19,11,53
g361031595051,11,11,11,11,11,11,11,25,11,11,11,11,11,11,11,11,35,62,95,95,11,11,11,11
g361031595052,21,11,11,11,11,11,11,11,11,11,11,11,11,26,11,11,38,44,77,84,11,11,11,11
g361031595053,11,11,11,11,11,11,11,11,11,11,11,11,11,11,11,11,49,74,24,71,40,31,11,11
g361031595054,50,11,11,11,11,11,11,11,11,11,11,11,63,11,11,37,31,89,52,30,46,21,11,11
g361031595055,11,11,11,11,11,11,11,11,11,11,11,11,11,19,11,56,29,77,132,108,19,29,11,11
g361031595061,11,11,11,11,11,11,11,11,11,11,11,11,11,11,27,105,58,55,47,52,34,11,11,11
g361031595062,11,11,11,11,11,11,11,11,11,11,11,11,11,23,38,51,117,57,55,73,19,31,11,11
g361031595063,23,11,11,11,11,11,11,11,11,11,11,11,26,11,27,32,55,60,50,43,11,20,11,11
g361031595064,11,11,11,22,11,11,11,11,11,11,11,11,11,11,21,103,73,57,64,49,11,11,11,11
g361031595081,11,11,11,11,16,11,11,11,11,11,11,11,11,11,51,54,87,87,52,25,29,11,11,11
g361031595082,11,11,11,17,11,11,11,11,11,11,11,11,19,55,88,26,80,63,72,11,11,11,11,11
g361031595083,11,11,11,11,11,11,11,11,11,27,64,11,11,26,41,57,27,29,44,36,11,67,11,11
g361031595084,19,11,21,11,11,11,11,11,11,17,26,11,28,92,68,123,37,29,79,52,11,11,11,11
g361031595091,11,11,11,11,11,11,11,11,11,11,11,24,11,11,11,11,46,47,47,42,11,13,11,11
g361031595092,11,11,11,11,11,11,11,11,11,11,14,11,11,25,18,48,36,28,26,11,27,11,11,11
g361031595093,11,11,11,11,11,11,11,11,11,11,13,11,11,17,11,11,11,62,42,11,11,13,14,11
g361031595101,11,11,11,11,11,11,11,11,11,12,11,12,11,3,11,11,11,4,3,5,3,4,14,11
g361031595102,11,11,11,11,11,11,11,11,11,11,11,11,11,11,11,11,11,11,2,3,11,2,11,11
g361031595111,11,11,11,11,11,11,11,11,11,11,11,27,11,11,34,23,105,78,11,68,20,11,11,11
g361031595112,15,3,4,11,11,11,6,6,11,11,11,4,11,4,32,28,18,84,23,67,60,3,11,13
g361031595113,11,11,11,11,11,11,11,11,11,11,11,11,11,11,11,52,53,37,70,46,11,11,11,11
g361031595114,11,11,11,11,11,11,11,11,11,11,11,11,27,11,86,47,62,136,78,83,11,11,11,11
g361031595121,11,11,11,11,11,11,11,11,11,11,11,11,11,42,15,41,40,56,50,38,13,12,11,11
g361031596011,11,11,11,11,11,11,11,11,11,11,11,11,11,20,11,11,11,29,32,88,62,95,25,11
g361031596012,11,11,11,11,11,22,11,21,11,11,11,11,11,29,11,29,22,39,69,59,42,40,11,18
g361031596013,24,11,11,11,11,11,11,11,11,11,11,11,11,25,20,11,20,11,64,71,36,11,11,11
g361031596014,11,11,11,11,11,11,11,11,11,11,11,11,11,11,11,11,11,11,25,79,88,72,90,11
g361031596015,20,11,11,11,11,11,11,11,11,11,11,11,11,11,11,11,11,11,23,79,104,56,53,11
g361031596021,11,11,11,11,11,11,11,17,11,11,11,39,11,11,11,11,11,36,30,115,100,49,52,11
g361031596022,19,11,11,11,11,11,11,11,11,11,11,11,11,11,11,11,29,29,56,56,58,48,13,18
g361031697011,11,11,11,11,11,11,11,11,31,11,11,11,11,11,11,11,11,23,11,66,79,61,57,11
g361031697012,11,11,11,11,11,11,11,11,11,11,11,11,11,11,11,11,11,18,82,92,11,68,11,11
g361031697013,11,11,11,11,29,11,11,22,59,11,58,11,11,11,11,11,37,89,24,97,75,100,11,11
g361031697014,11,11,11,11,11,11,11,15,11,11,11,11,11,21,11,11,11,11,31,80,89,73,42,11
g361031697015,11,11,11,11,11,11,19,11,11,11,11,11,20,11,36,11,11,20,11,91,124,100,11,11
g361031697031,10,11,11,11,7,11,11,11,11,11,11,11,11,11,11,17,8,10,70,59,64,48,37,17
g361031697041,11,11,11,28,11,28,11,11,11,11,11,11,11,27,38,11,11,11,23,32,91,49,11,32
g361031697042,11,11,11,11,11,20,11,11,11,11,11,11,11,11,11,11,11,16,11,108,74,44,11,11
g361031697043,27,11,11,11,11,11,11,11,11,11,11,11,11,11,11,11,11,11,40,62,11,27,55,26
g361031697044,25,28,11,97,11,32,44,41,30,45,59,47,43,41,34,46,11,53,29,11,11,11,11,11
g361031697045,11,29,46,11,11,93,11,29,11,11,11,27,11,11,58,11,11,11,71,11,26,11,11,11
g361031697046,11,30,11,11,11,11,11,11,25,11,25,11,11,11,33,26,31,70,26,91,72,40,11,11
g361031698001,11,11,11,11,11,11,11,11,11,11,11,11,11,11,11,13,72,51,42,73,43,22,11,11
g361031698002,11,11,11,11,11,11,11,11,11,11,15,11,11,11,11,11,11,44,40,79,12,11,11,11
g361031698003,21,14,11,15,11,55,11,11,11,11,11,11,11,11,11,74,12,17,36,64,39,11,11,11
g361031698004,11,11,11,11,11,11,11,11,11,11,11,11,11,11,11,13,17,11,22,11,11,11,14,10
g361031699011,11,29,11,11,12,11,11,11,11,11,11,11,11,11,11,20,41,42,45,60,30,115,11,11
g361031699012,11,11,11,11,11,11,11,11,11,11,11,11,11,28,11,11,36,61,103,124,82,60,13,11
g361031699021,11,11,11,11,11,11,11,11,11,11,11,11,11,11,11,11,11,11,11,135,90,50,116,81
g361031699022,11,11,11,11,11,11,11,11,11,11,11,11,11,79,11,11,11,11,11,33,107,37,84,11
g361031699023,11,11,11,11,11,11,11,11,11,11,11,11,11,80,11,11,11,11,11,133,11,25,25,11
g361031699024,11,11,11,11,11,11,11,11,11,11,11,11,11,11,11,11,11,11,11,42,41,21,11,11
g361031699025,11,11,11,11,11,11,11,11,11,11,11,11,11,11,11,81,11,11,11,56,108,92,61,11
g361031700011,11,11,11,11,11,11,11,11,11,11,11,17,11,11,11,11,11,27,53,134,69,53,106,42
g361031700012,11,11,11,11,11,11,11,11,11,11,11,11,11,20,11,11,11,33,44,92,55,54,69,40
g361031700013,11,11,11,11,11,11,11,11,11,11,11,11,11,11,11,11,11,26,11,11,58,67,23,19
g361031700014,11,11,11,11,11,11,11,11,11,11,11,11,11,11,11,11,11,11,11,45,111,29,11,11
g361031700015,11,11,11,11,11,11,11,11,11,11,11,11,11,11,11,11,40,11,11,44,71,108,25,72
g361031700021,11,11,11,11,11,11,11,11,11,11,11,11,11,11,11,45,11,23,23,13,36,42,29,37
g361031700022,13,11,11,11,11,11,11,11,11,11,11,11,11,15,11,11,11,11,46,37,61,40,33,40
g361031700023,11,11,11,11,11,11,11,11,11,11,11,11,11,11,11,11,11,11,11,46,28,49,28,46
g361031700024,11,11,11,11,11,11,11,15,11,11,11,11,11,11,11,14,11,11,11,17,71,49,23,15
g361031700025,11,19,11,11,11,11,11,11,11,11,11,11,11,11,11,11,11,3,11,6,57,28,33,26
g361031701011,11,11,9,11,11,11,11,11,11,11,11,11,11,6,11,11,9,16,9,30,44,23,11,9
g361031701012,11,11,11,11,11,11,11,11,11,11,11,11,11,11,11,11,11,9,11,28,18,32,30,13
g361031702011,32,11,11,11,11,11,11,11,11,11,40,11,27,11,11,11,11,11,11,66,72,143,54,22
g361031702012,45,11,11,11,11,11,11,11,11,11,11,11,11,11,11,11,11,11,28,52,95,91,11,33
g361031702013,11,11,11,11,11,11,11,11,11,11,11,11,11,11,11,11,11,11,29,50,30,103,37,11
g361031702014,11,11,11,11,11,11,11,11,11,11,11,11,11,11,11,11,11,11,11,23,83,60,35,11
g361031702015,30,11,11,11,11,11,23,11,11,11,40,11,11,11,23,11,11,11,11,26,25,42,31,18
g361031702016,11,11,11,11,11,11,11,11,11,11,11,11,11,11,11,11,11,11,11,43,50,53,43,102
g361031702017,24,11,11,11,11,11,11,11,11,11,11,11,11,11,53,11,11,11,11,41,57,56,39,11
g361031702021,11,11,11,11,11,11,11,11,11,11,11,11,11,11,11,11,11,11,11,26,47,26,19,11
g361031702022,11,11,11,11,11,11,11,11,11,11,11,11,11,11,11,3,11,11,8,11,7,30,6,34
g361031702023,6,11,11,11,11,11,11,11,11,11,11,11,11,11,11,6,11,11,11,37,52,34,13,29
g361031702024,6,11,11,11,11,11,11,11,11,11,11,9,11,11,11,11,6,11,11,19,24,35,31,25
g361031702025,10,11,11,11,11,11,11,11,11,11,11,11,11,11,11,11,11,11,31,62,45,62,26,28
g361031803001,11,11,11,11,11,11,11,11,11,11,11,11,11,11,11,11,11,11,31,16,44,77,51,87
g361031803002,11,11,11,11,11,11,11,11,11,11,11,11,11,11,11,11,11,22,11,20,33,108,63,45
g361031904011,11,11,11,11,11,11,11,11,11,11,11,11,11,38,11,11,11,88,92,69,39,11,11,11
g361031904012,11,11,11,11,11,11,11,11,11,11,11,11,11,11,11,18,52,11,22,32,11,11,11,11
g361031904013,11,11,47,29,11,27,11,31,27,81,78,11,70,11,11,11,11,11,30,57,23,20,11,11
g361031904014,11,11,11,11,11,11,11,11,11,11,11,11,11,11,11,11,11,11,11,11,11,11,11,11
g361031904015,40,11,11,11,11,11,11,11,11,24,11,11,29,38,11,11,41,10,21,52,33,11,11,11
g361031904016,11,11,11,11,11,11,11,11,11,11,11,19,11,11,11,11,27,21,22,77,52,26,30,11
g361031904017,11,11,11,11,11,30,11,11,11,11,11,11,11,57,11,13,16,47,98,126,152,14,11,11
g361031904021,11,11,11,11,11,11,11,20,8,11,11,11,11,14,11,11,11,19,15,48,11,37,19,14
g361031904022,11,11,11,11,11,11,11,11,11,11,11,11,8,11,11,11,11,34,8,42,44,28,30,34
g361031904031,11,11,11,11,11,11,11,11,11,11,11,11,11,11,11,11,11,11,11,46,20,38,27,63
g361031904032,11,11,11,11,11,11,11,11,10,11,13,11,11,11,11,11,13,11,40,40,30,31,16,11
g361031904033,11,11,11,11,11,12,11,11,11,11,11,11,11,11,11,14,11,11,52,54,7,45,15,13
g361031905021,14,11,11,11,11,11,11,11,13,11,11,11,11,11,11,11,11,35,11,11,22,36,17,47
g361031905022,4,11,11,11,5,11,11,11,11,11,11,11,11,11,11,11,11,6,5,27,37,31,18,33
g361031905023,11,11,11,11,11,11,11,11,11,11,11,4,11,11,6,11,11,9,11,23,12,20,43,47
g361031905031,11,11,11,11,11,11,11,12,11,11,11,11,11,11,11,11,11,11,14,31,25,29,31,12
g361031905032,11,11,11,11,11,11,11,11,11,11,11,11,11,11,11,23,9,11,16,30,48,50,11,22
g361031905033,11,11,11,11,11,11,11,11,11,11,11,11,11,11,11,11,11,12,11,28,24,59,30,54
g361031905034,11,11,15,11,11,11,11,11,11,11,11,11,11,11,11,11,11,11,11,11,32,29,32,17
g361031905041,24,7,11,11,11,11,11,3,11,11,11,11,11,10,11,11,11,11,11,11,30,35,36,38
g361031905042,11,11,11,11,11,8,11,11,11,11,11,11,11,11,9,11,11,11,10,11,21,33,18,38
g361031905043,11,11,11,11,11,11,11,11,11,11,11,11,11,11,11,11,11,11,11,9,27,37,34,33
g361031906011,11,11,11,11,11,11,11,11,11,11,11,11,11,11,11,11,11,11,11,21,14,28,33,37
g361031906012,11,11,15,11,11,11,11,47,11,17,11,11,11,11,11,11,11,23,11,43,71,34,11,11
g361031906013,15,11,11,11,11,11,11,11,11,11,11,11,11,11,11,11,11,11,25,17,57,69,33,45
g361031906014,11,11,11,11,11,11,11,13,11,11,11,11,11,11,11,11,11,11,11,95,52,55,11,11
g361031906015,11,11,11,11,11,11,11,11,11,11,11,11,11,11,11,11,11,11,17,46,50,13,11,14
g361031906016,11,11,11,11,11,11,11,11,11,11,11,11,16,10,11,11,11,11,11,11,11,28,27,45
g361031906031,12,11,11,11,11,11,11,11,31,13,11,11,11,16,11,11,11,17,11,47,56,56,23,11
g361031906032,17,11,11,11,11,16,11,17,11,11,11,11,11,11,11,46,17,58,30,76,83,55,29,11
g361031906033,16,11,11,11,11,11,11,16,11,11,11,11,11,11,11,11,11,11,31,64,31,72,34,20
g361031906041,11,11,11,11,11,11,23,14,11,11,11,11,11,11,11,11,30,38,11,111,110,74,9,11
g361031906042,11,11,11,11,11,11,11,25,11,11,11,11,11,11,11,11,11,11,11,91,66,51,33,14
g361031906043,11,11,11,11,11,11,11,11,11,11,11,11,18,11,11,17,11,17,11,22,36,43,17,22
g361031907041,11,11,11,11,11,11,11,11,11,11,31,11,11,11,11,11,11,11,11,11,19,28,89,65
g361031907042,11,11,11,11,11,11,11,11,11,11,11,11,11,11,11,11,11,11,11,14,13,32,30,31
g361031907043,11,11,11,11,11,11,11,11,11,11,11,11,11,11,11,11,11,11,4,6,11,11,19,37
g361031907044,11,11,11,11,11,7,11,11,11,11,11,11,11,11,11,5,11,11,11,14,25,16,11,74
g361031907045,11,11,11,11,11,11,11,11,11,11,11,11,11,36,14,11,11,11,11,11,11,11,17,83
g361031907051,11,11,11,11,11,11,9,5,5,11,11,11,11,8,11,5,11,11,7,9,11,14,11,11
g361031907052,16,11,11,11,11,11,11,11,11,11,11,11,11,11,11,18,11,11,11,66,16,43,46,71
g361031907053,11,11,11,11,11,11,11,11,11,11,11,11,11,11,11,11,11,11,16,19,16,36,24,24
g361031907054,11,11,11,11,11,11,11,11,11,11,11,15,11,11,11,11,11,11,11,57,33,77,30,58
g361031907055,11,11,11,11,11,11,11,11,11,11,11,11,11,11,11,11,11,15,11,11,17,48,26,26
g361031907061,19,11,11,11,11,11,11,11,11,11,11,11,11,11,11,11,11,11,11,11,20,73,60,52
g361031907062,11,11,11,11,11,11,11,11,11,11,11,11,11,11,11,11,11,11,11,69,39,54,42,39
g361031907063,11,11,11,11,11,11,11,11,11,11,11,11,11,48,11,11,11,11,11,11,11,11,38,82
g361031907064,11,11,11,11,11,11,11,11,11,11,11,11,11,19,11,11,11,11,17,11,20,37,62,39
g361031907065,11,11,11,11,11,11,11,11,11,11,11,11,11,11,11,11,11,11,11,20,13,57,27,32
g361031907071,22,11,11,11,11,11,11,11,11,11,20,11,11,11,11,11,11,31,14,11,30,60,62,62
g361031907072,11,11,11,11,11,11,11,11,11,11,11,11,11,11,11,11,11,11,11,16,26,74,42,55
g361031907073,11,11,11,11,11,11,11,11,11,11,11,11,11,11,11,11,11,11,11,11,25,25,39,61
g361031907074,6,11,11,11,11,11,11,11,11,11,11,11,11,11,11,11,11,11,11,13,11,105,44,35
g361031907075,11,11,11,11,11,11,11,11,11,11,11,11,11,11,11,23,11,11,11,90,30,85,88,49
g361031907081,4,11,11,11,11,11,5,11,11,11,11,11,11,3,11,11,11,11,4,11,3,17,27,47
g361031907082,11,11,11,11,11,11,11,11,11,11,6,11,11,11,11,11,11,11,31,11,11,41,37,44
g361031908001,11,11,11,11,11,11,11,11,11,11,11,11,11,14,11,11,11,11,11,28,11,23,57,37
g361031908002,14,11,11,11,11,11,11,11,11,11,11,11,11,11,11,11,11,22,11,11,11,15,28,85
g361031908003,11,11,11,11,11,11,11,11,11,11,11,11,20,11,11,11,11,11,11,11,11,26,54,62
g361031908004,11,11,11,11,11,11,11,11,11,11,11,11,25,15,11,11,11,9,11,11,11,11,11,59
g361032009011,4,11,11,11,11,11,11,11,11,11,11,11,11,11,11,7,4,11,11,11,6,11,19,30
g361032009012,11,11,11,11,11,11,11,11,11,11,11,11,11,11,11,11,11,6,11,8,8,4,11,44
g361032009021,11,11,11,11,11,11,11,11,11,11,11,11,11,11,11,11,11,11,11,29,11,59,78,132
g361032009022,11,11,11,11,11,11,11,11,11,11,11,11,11,11,11,11,11,11,11,11,22,52,56,70
g361032009023,37,11,11,11,11,11,11,11,11,11,26,11,11,11,11,11,11,11,11,11,27,65,40,51
g361032009024,11,11,11,11,11,11,11,11,11,11,11,11,11,11,11,11,11,30,11,11,50,37,42,50
g361032009025,11,11,11,11,11,11,11,11,11,11,11,11,11,19,11,11,4,6,4,11,11,16,30,42
g361032009026,25,11,11,11,11,11,11,27,11,11,11,11,11,11,11,11,28,11,11,48,42,46,152,124
g361032009027,11,11,11,11,11,11,11,11,11,11,11,11,11,11,11,11,11,11,11,9,19,39,52,45
g361032010011,11,11,11,11,11,11,11,11,11,11,11,11,11,11,11,11,11,11,11,37,42,85,80,45
g361032010012,11,11,11,11,11,23,11,11,11,11,11,11,11,11,11,11,11,11,11,11,36,36,63,83
g361032010013,11,11,11,11,11,11,11,11,11,11,11,11,11,11,11,35,11,11,11,89,11,101,42,57
g361032010014,11,11,11,11,11,11,11,11,25,11,11,11,11,11,11,11,11,11,11,21,34,65,47,45
g361032010015,11,11,11,11,11,11,11,11,11,11,32,11,11,11,11,24,45,11,11,38,33,132,73,29
g361032010031,11,11,11,11,11,19,11,11,11,11,11,11,11,11,11,11,11,11,10,45,30,40,77,34
g361032010032,11,11,11,11,11,11,11,11,11,11,11,11,11,11,11,15,11,11,11,11,11,39,14,44
g361032010033,11,11,11,11,11,11,29,11,11,11,11,11,11,11,11,11,11,18,11,5,11,15,20,21
g361032010034,11,11,11,11,11,11,11,11,11,11,11,11,11,6,11,11,11,11,11,21,5,14,25,58
g361032010035,11,11,11,11,11,11,11,11,11,11,11,11,11,11,11,11,11,11,11,11,53,62,23,43
g361032010041,11,11,11,11,11,11,11,11,11,11,11,11,11,11,11,11,11,11,11,11,25,11,16,41
g361032010042,11,11,11,11,11,11,11,11,11,11,11,11,11,11,11,11,11,11,11,72,11,21,26,58
g361032010043,11,11,11,11,11,11,11,17,11,22,11,11,11,11,11,47,11,11,11,11,11,71,27,36
g361032010044,11,11,11,11,11,11,11,11,11,11,11,11,11,11,11,11,11,11,16,11,22,31,26,43
g361032010045,11,11,11,11,11,11,11,11,11,11,11,11,11,11,11,11,11,17,23,11,14,112,84,46
g361032010046,11,11,11,11,11,11,11,11,11,11,11,11,11,11,11,11,11,11,11,11,11,40,57,70
g361032011001,19,11,11,11,7,11,11,11,11,11,11,11,11,11,56,13,43,66,75,50,18,7,9,11
g361032011002,11,11,11,11,11,11,11,11,11,11,11,11,11,11,11,14,54,29,58,50,19,49,11,18
g361032011003,11,11,11,11,11,11,11,11,11,11,11,11,11,11,11,11,11,11,11,11,11,11,11,11
g361032011004,11,11,11,11,11,11,11,11,11,11,11,11,11,11,13,61,59,63,27,52,11,21,11,11
g361039901000,11,11,11,11,11,11,11,11,11,11,11,11,11,11,11,11,11,11,11,11,11,11,11,11
