GEOID,B11001_003M,B11001_004M,B11001_009M,B11001_008M
g361031101011,70,14,11,39
g361031101012,73,22,10,30
g361031101021,91,45,11,52
g361031101022,55,64,11,46
g361031101023,68,31,28,43
g361031101024,70,23,19,34
g361031102001,80,35,32,72
g361031102002,85,15,26,78
g361031102003,64,32,11,59
g361031102004,82,56,20,111
g361031102005,77,68,32,40
g361031103001,36,26,10,23
g361031103002,93,86,14,61
g361031103003,73,34,36,40
g361031103004,83,41,23,92
g361031103005,39,24,7,25
g361031104011,42,15,11,23
g361031104012,67,31,25,44
g361031104021,92,54,23,41
g361031104022,83,68,11,49
g361031105011,88,49,16,43
g361031105012,49,23,13,24
g361031105021,65,37,33,50
g361031105022,51,25,15,71
g361031106001,108,55,90,81
g361031106002,146,49,11,57
g361031106003,104,55,46,109
g361031106004,102,46,28,98
g361031106005,59,73,11,44
g361031108011,56,26,11,40
g361031108012,33,11,7,15
g361031108031,73,11,22,65
g361031108032,132,59,11,109
g361031108033,86,11,25,70
g361031108034,70,39,11,71
g361031109011,48,61,21,75
g361031109012,34,38,20,63
g361031109013,78,63,41,88
g361031109021,56,70,16,35
g361031109022,65,92,31,49
g361031109023,61,57,33,74
g361031110011,60,29,17,53
g361031110012,69,39,34,46
g361031110021,60,55,13,30
g361031110022,86,42,16,55
g361031110023,106,74,48,11
g361031110024,85,65,49,60
g361031111001,171,128,77,129
g361031111002,128,115,11,65
g361031111003,78,72,11,45
g361031111004,90,85,38,65
g361031111005,174,50,11,99
g361031112011,79,73,64,13
g361031112012,84,87,11,25
g361031112013,72,17,31,52
g361031112021,125,60,63,96
g361031112022,47,55,27,34
g361031112023,61,41,16,59
g361031113001,83,59,27,42
g361031113002,71,33,10,32
g361031113003,61,52,10,30
g361031114011,54,34,23,41
g361031114021,83,29,11,31
g361031114022,89,22,20,60
g361031114023,95,28,18,26
g361031114024,66,49,11,65
g361031115031,62,38,24,19
g361031115032,99,70,25,55
g361031115033,67,30,11,73
g361031115041,46,43,18,28
g361031115051,97,56,12,58
g361031115052,57,53,39,51
g361031115053,61,76,12,30
g361031115054,104,74,21,59
g361031115061,78,12,27,74
g361031115062,63,83,17,52
g361031116011,96,35,34,63
g361031116012,92,69,10,75
g361031116021,71,59,18,56
g361031116022,73,64,22,36
g361031117011,76,58,11,38
g361031117012,97,87,21,56
g361031117013,38,61,11,80
g361031117014,81,50,11,107
g361031117015,88,72,29,32
g361031117031,51,18,11,29
g361031117032,84,58,11,69
g361031117041,52,28,18,38
g361031117042,55,28,20,35
g361031117043,69,32,11,35
g361031118011,90,39,11,28
g361031118012,122,29,17,51
g361031118013,127,46,11,45
g361031118014,55,30,21,46
g361031118021,52,33,18,22
g361031118022,41,30,14,8
g361031118031,63,30,13,34
g361031118032,48,28,11,25
g361031118041,40,27,11,36
g361031119001,72,16,11,56
g361031119002,72,20,15,67
g361031119003,57,11,25,69
g361031119004,65,52,11,33
g361031119005,81,11,20,50
g361031120011,86,82,25,48
g361031120012,99,73,85,87
g361031120021,75,40,24,67
g361031120022,64,35,15,39
g361031120023,71,31,15,43
g361031121021,103,37,12,49
g361031121022,72,18,11,46
g361031121031,69,26,11,28
g361031121032,81,43,11,46
g361031121033,64,51,16,62
g361031121041,65,32,50,55
g361031122041,48,30,9,21
g361031122042,52,53,23,52
g361031122043,79,36,19,39
g361031122061,118,94,75,148
g361031122062,97,69,11,96
g361031122063,141,59,11,59
g361031122064,48,49,11,23
g361031122101,110,11,11,37
g361031122102,103,75,64,67
g361031122103,110,79,28,69
g361031122104,135,39,32,89
g361031122111,85,17,46,21
g361031122112,94,29,11,37
g361031122113,57,20,20,36
g361031122121,62,39,11,18
g361031122122,97,39,40,49
g361031122131,72,36,36,27
g361031122132,65,35,11,58
g361031122133,75,45,11,48
g361031122141,94,73,11,20
g361031122142,112,88,18,47
g361031122143,144,66,69,114
g361031122144,68,11,11,11
g361031223001,70,32,30,81
g361031223002,102,49,48,65
g361031224031,61,32,19,61
g361031224032,55,48,11,31
g361031224041,89,65,11,46
g361031224042,72,57,22,24
g361031224051,79,62,16,30
g361031224052,52,12,11,25
g361031224061,72,93,11,36
g361031224062,70,97,11,38
g361031224063,73,86,18,52
g361031225011,62,63,49,32
g361031225012,72,70,10,55
g361031225013,52,85,11,48
g361031225021,92,97,54,33
g361031225022,41,74,11,31
g361031225023,52,64,14,44
g361031226011,87,52,12,60
g361031226012,89,76,13,25
g361031226013,76,100,20,78
g361031226021,89,69,14,50
g361031226022,90,67,47,57
g361031226031,54,62,42,31
g361031226032,134,55,10,48
g361031226033,65,43,42,67
g361031226034,99,84,12,26
g361031227041,35,51,21,14
g361031227042,54,34,25,61
g361031227051,67,38,35,60
g361031227052,48,32,15,53
g361031227061,107,25,11,41
g361031227062,98,72,72,53
g361031227063,63,27,11,20
g361031227071,63,36,17,49
g361031227072,69,35,33,40
g361031228011,81,117,29,94
g361031228012,109,70,11,84
g361031228013,67,43,24,94
g361031228014,133,143,77,78
g361031228021,79,73,44,50
g361031228022,84,61,24,57
g361031229011,127,54,40,46
g361031229012,79,45,12,32
g361031229013,74,51,11,27
g361031229014,99,62,19,45
g361031229021,100,81,19,65
g361031229022,75,39,25,52
g361031229023,83,27,30,20
g361031230011,72,59,11,44
g361031230012,91,18,40,68
g361031230013,81,82,11,26
g361031230014,89,47,17,64
g361031230021,75,71,16,31
g361031230022,60,79,11,63
g361031230023,88,31,36,36
g361031231011,94,38,21,39
g361031231012,67,16,23,46
g361031231013,89,87,15,37
g361031231021,82,39,19,56
g361031231022,61,48,19,69
g361031231023,56,55,37,47
g361031232011,54,56,50,58
g361031232021,94,76,25,85
g361031232022,52,57,27,97
g361031232023,140,92,11,52
g361031232024,132,159,26,76
g361031233011,83,99,11,165
g361031233012,82,117,30,55
g361031233013,60,53,31,62
g361031233014,93,74,71,11
g361031233015,106,109,16,11
g361031233016,87,114,34,84
g361031233021,69,54,10,47
g361031234011,66,36,15,76
g361031234012,79,34,15,62
g361031234013,55,71,10,26
g361031234021,122,113,11,50
g361031234022,118,63,11,79
g361031234023,113,74,26,25
g361031234024,59,72,11,100
g361031234025,84,53,23,75
g361031235001,105,78,11,50
g361031235002,78,20,20,67
g361031235003,99,33,28,96
g361031235004,122,106,80,98
g361031236001,93,57,11,65
g361031236002,52,29,13,38
g361031236003,77,54,11,52
g361031237011,97,94,14,60
g361031237012,65,83,35,19
g361031237013,75,76,53,74
g361031237014,68,85,33,36
g361031237021,117,156,11,95
g361031237022,155,91,11,113
g361031237023,83,85,11,92
g361031237024,145,100,40,94
g361031238011,77,19,23,62
g361031238012,70,52,37,37
g361031238013,81,70,49,60
g361031238021,91,39,16,115
g361031238022,102,84,29,80
g361031239001,91,70,40,64
g361031239002,65,19,13,34
g361031239003,70,25,11,15
g361031239004,90,64,11,69
g361031239005,36,33,11,25
g361031240011,109,69,57,40
g361031240012,100,53,10,70
g361031240013,29,34,15,34
g361031240021,74,60,32,31
g361031240022,81,74,48,60
g361031241011,114,40,43,76
g361031241012,65,75,11,42
g361031241013,100,44,15,35
g361031241021,89,45,28,56
g361031241022,78,56,9,34
g361031242001,70,118,28,54
g361031242002,67,41,42,78
g361031242003,45,33,11,111
g361031242004,142,99,30,106
g361031242005,103,127,20,79
g361031243001,96,67,76,43
g361031243002,125,91,36,84
g361031243003,114,45,41,98
g361031243004,75,85,11,79
g361031243005,71,32,15,29
g361031244011,36,59,33,86
g361031244012,81,26,10,45
g361031244013,95,70,60,62
g361031244021,53,64,8,47
g361031244022,68,74,22,51
g361031244023,109,11,3,58
g361031245001,51,42,18,59
g361031245002,67,50,68,34
g361031245003,65,30,42,98
g361031245004,81,46,13,53
g361031246011,48,29,16,40
g361031246012,46,19,25,24
g361031246013,45,18,9,18
g361031246021,57,11,26,35
g361031246022,77,43,43,68
g361031246023,82,32,57,56
g361031246024,61,33,59,66
g361031347021,127,88,27,56
g361031347022,142,103,29,72
g361031347023,82,29,11,106
g361031347024,68,23,30,60
g361031347031,50,54,13,13
g361031347032,68,21,17,51
g361031347033,79,14,11,32
g361031347034,53,24,11,22
g361031347041,62,29,8,26
g361031347042,50,34,11,48
g361031349021,78,34,32,46
g361031349022,55,18,26,22
g361031349023,92,54,24,73
g361031349031,45,49,24,33
g361031349041,94,43,11,39
g361031349042,102,30,11,31
g361031349043,78,30,5,21
g361031349044,73,30,76,113
g361031349061,81,76,20,41
g361031349062,80,70,26,39
g361031349063,93,25,33,33
g361031349064,62,21,11,91
g361031349071,97,41,64,46
g361031349072,96,43,22,31
g361031350021,75,44,24,54
g361031350022,87,72,33,43
g361031350023,86,46,28,42
g361031350031,75,34,11,30
g361031350032,68,36,11,29
g361031350033,71,41,25,35
g361031350041,56,33,16,22
g361031350042,32,15,4,24
g361031350043,31,8,4,28
g361031350051,60,30,36,42
g361031350052,59,37,23,75
g361031350053,64,12,11,44
g361031351011,69,48,11,36
g361031351012,87,66,13,45
g361031351021,53,24,11,38
g361031351022,91,46,26,89
g361031351023,63,11,11,22
g361031351031,79,8,11,58
g361031351032,72,21,12,47
g361031351033,86,31,16,57
g361031351041,76,38,11,15
g361031351042,85,41,36,75
g361031351043,49,38,11,56
g361031352011,50,39,5,34
g361031352041,88,33,24,31
g361031352042,91,98,11,63
g361031352043,60,34,18,43
g361031352051,74,45,13,78
g361031352052,83,46,29,31
g361031352053,54,19,11,37
g361031352081,61,58,24,45
g361031352082,71,52,18,24
g361031352091,76,43,10,61
g361031352092,61,50,11,28
g361031353011,86,48,11,47
g361031353012,64,38,12,51
g361031353013,59,50,11,16
g361031353031,102,61,18,76
g361031353032,87,11,14,65
g361031353041,75,59,9,31
g361031353042,45,21,21,52
g361031354011,79,92,18,64
g361031354012,118,65,38,62
g361031354013,151,129,25,77
g361031354021,124,78,11,65
g361031354022,97,123,27,70
g361031354023,86,29,11,42
g361031354024,101,87,11,39
g361031354031,71,51,15,28
g361031354032,104,61,20,44
g361031354033,62,50,14,24
g361031456021,77,79,18,18
g361031456022,72,77,13,40
g361031456023,118,83,52,42
g361031456031,101,94,52,44
g361031456032,64,60,59,31
g361031456033,89,90,28,59
g361031456041,107,112,34,56
g361031456042,61,81,43,54
g361031456051,63,48,26,20
g361031456052,69,45,30,51
g361031457011,52,10,21,51
g361031457012,77,64,11,51
g361031457013,90,83,60,91
g361031457014,75,61,11,32
g361031457021,94,52,11,24
g361031457022,100,69,11,58
g361031457023,125,114,11,18
g361031457031,80,31,25,20
g361031457032,104,90,11,69
g361031457033,74,114,55,63
g361031457041,88,142,67,49
g361031457042,118,89,11,95
g361031457043,188,65,11,67
g361031457044,87,95,45,112
g361031458031,85,59,28,31
g361031458032,79,33,19,58
g361031458033,80,74,17,78
g361031458041,73,48,19,37
g361031458042,47,41,21,48
g361031458051,85,45,68,112
g361031458052,97,86,11,41
g361031458053,101,88,62,47
g361031458054,111,86,31,55
g361031458071,94,28,11,50
g361031458072,85,42,55,59
g361031458081,77,50,11,42
g361031458082,62,84,22,41
g361031459011,53,79,11,32
g361031459012,77,63,26,40
g361031459021,108,130,11,11
g361031459022,79,155,74,56
g361031459023,118,89,88,85
g361031459024,142,130,11,86
g361031459031,81,59,35,28
g361031459032,73,61,38,42
g361031459033,74,77,14,55
g361031459034,87,62,46,85
g361031460011,93,91,12,27
g361031460012,91,93,43,40
g361031460021,98,88,11,58
g361031460022,87,66,31,35
g361031460023,80,106,11,50
g361031460031,153,57,30,16
g361031460032,123,55,15,72
g361031460033,147,112,56,136
g361031460034,118,59,11,113
g361031461021,74,62,11,38
g361031461031,73,87,11,19
g361031461032,116,59,10,62
g361031461051,59,62,44,113
g361031461052,117,74,11,96
g361031461053,100,99,11,11
g361031461061,92,97,37,79
g361031461062,81,43,60,30
g361031462011,104,97,11,85
g361031462012,100,68,13,62
g361031462021,86,111,23,43
g361031462022,101,111,13,26
g361031462031,65,120,24,35
g361031462032,90,37,11,38
g361031462033,117,82,11,44
g361031462041,111,92,42,29
g361031462042,89,126,11,32
g361031462043,54,69,35,36
g361031462051,44,29,11,20
g361031462052,63,36,11,37
g361031462061,45,61,11,20
g361031462062,67,51,16,24
g361031463001,41,79,22,79
g361031463002,87,68,19,104
g361031464021,92,61,12,55
g361031464022,63,39,11,43
g361031464023,69,42,11,27
g361031464031,75,87,37,26
g361031464032,76,71,31,24
g361031464033,67,76,25,39
g361031464041,93,60,71,22
g361031464042,72,62,33,44
g361031465001,64,53,23,43
g361031465002,57,35,33,26
g361031465003,78,78,11,11
g361031465004,66,37,28,59
g361031466041,77,74,26,94
g361031466042,77,51,14,34
g361031466043,46,44,26,26
g361031466051,45,47,16,20
g361031466061,86,59,19,47
g361031466062,108,95,16,131
g361031466063,100,89,11,76
g361031466064,115,89,11,93
g361031466071,43,69,28,61
g361031466072,87,63,54,61
g361031466081,71,80,32,80
g361031466082,60,52,74,26
g361031466111,83,55,36,74
g361031466112,73,43,5,30
g361031466121,55,31,11,18
g361031466122,105,71,42,57
g361031466123,96,68,22,55
g361031466131,63,47,11,43
g361031466132,94,82,26,42
g361031466141,116,52,11,56
g361031466142,71,55,11,11
g361031466143,109,118,26,109
g361031466151,71,66,14,32
g361031466152,74,41,17,85
g361031466153,92,89,26,93
g361031467031,113,74,52,77
g361031467032,90,62,17,58
g361031467041,47,36,20,38
g361031467051,74,43,41,25
g361031467052,70,56,21,27
g361031467061,57,44,19,25
g361031467062,60,47,10,34
g361031468001,96,83,26,42
g361031468002,97,35,11,63
g361031468003,72,44,15,44
g361031468004,47,18,11,33
g361031469011,92,67,59,73
g361031469012,82,36,11,48
g361031469013,49,37,23,15
g361031469014,61,11,18,39
g361031469021,79,20,11,54
g361031469022,69,53,11,30
g361031469023,64,28,9,24
g361031470011,53,28,15,33
g361031470012,53,14,38,41
g361031470013,107,47,27,62
g361031470031,118,46,26,58
g361031470032,79,43,11,34
g361031470033,83,53,16,57
g361031470041,17,6,4,13
g361031471001,50,26,21,20
g361031471002,36,28,35,16
g361031471003,44,17,11,24
g361031472001,144,118,11,98
g361031472002,48,73,24,103
g361031472003,96,98,11,85
g361031472004,68,38,29,32
g361031472005,32,69,41,116
g361031473001,100,119,33,47
g361031473002,11,94,11,69
g361031473003,82,70,40,80
g361031473004,119,116,32,25
g361031473005,122,130,41,134
g361031473006,100,99,76,95
g361031474011,117,33,73,107
g361031474012,101,64,19,107
g361031474013,106,64,62,56
g361031474014,55,43,68,91
g361031474021,50,28,15,29
g361031474022,55,47,20,64
g361031474023,56,28,16,53
g361031475011,90,47,19,59
g361031475012,128,26,33,64
g361031475013,44,56,38,35
g361031475014,82,48,22,43
g361031475015,122,117,20,57
g361031475016,98,37,18,89
g361031475021,61,44,27,15
g361031475022,81,42,14,46
g361031475023,75,47,80,39
g361031475024,76,71,11,18
g361031475025,66,49,11,20
g361031475031,59,38,19,47
g361031476011,59,40,15,32
g361031476012,59,29,11,41
g361031476021,104,66,26,84
g361031476022,97,38,11,48
g361031476023,60,49,11,70
g361031476024,80,47,26,26
g361031477011,62,59,53,39
g361031477012,71,43,36,56
g361031477021,82,42,11,43
g361031477022,48,13,48,48
g361031477023,86,61,17,39
g361031477024,55,19,14,37
g361031478021,53,50,19,36
g361031478022,75,17,11,39
g361031478023,65,27,38,64
g361031478031,65,47,19,81
g361031478032,49,34,11,42
g361031478041,87,64,11,57
g361031478042,83,22,18,25
g361031478043,68,42,23,32
g361031478044,71,21,11,36
g361031479011,85,54,22,46
g361031479012,45,29,32,90
g361031479013,89,72,30,70
g361031479021,55,33,11,23
g361031479022,84,40,14,18
g361031479023,84,27,11,34
g361031479024,66,34,11,36
g361031580011,54,11,4,23
g361031580012,40,15,13,32
g361031580013,50,17,21,32
g361031580014,63,12,11,40
g361031580015,44,23,6,13
g361031580021,76,11,40,33
g361031580022,54,25,11,88
g361031580023,134,32,33,24
g361031580024,81,55,87,39
g361031580025,64,32,11,47
g361031580026,88,36,11,52
g361031580061,122,81,11,105
g361031580062,109,20,66,65
g361031580063,86,32,34,76
g361031580064,75,25,11,23
g361031580071,11,11,11,11
g361031580072,16,17,6,11
g361031580073,11,11,11,13
g361031580074,11,11,11,11
g361031580091,51,17,11,25
g361031580092,56,19,8,31
g361031580101,78,25,11,52
g361031580102,67,43,11,11
g361031580103,50,27,11,32
g361031580111,97,46,19,56
g361031580112,63,41,11,36
g361031580113,59,49,55,91
g361031581021,107,70,14,89
g361031581022,105,88,42,22
g361031581031,97,105,72,41
g361031581032,73,75,20,55
g361031581041,97,50,44,38
g361031581042,78,81,20,45
g361031581043,99,67,10,55
g361031581071,65,34,14,73
g361031581072,81,76,26,54
g361031581081,55,54,11,49
g361031581101,70,70,22,18
g361031581102,68,62,30,45
g361031581111,63,37,13,41
g361031581112,56,57,17,29
g361031581121,97,70,30,21
g361031581122,91,65,19,69
g361031581141,87,69,28,52
g361031581151,112,94,11,120
g361031581152,91,92,36,54
g361031581153,124,99,24,22
g361031581161,61,51,9,38
g361031581162,40,16,17,31
g361031582021,94,100,16,65
g361031582022,166,79,105,93
g361031582023,112,45,73,39
g361031582024,85,41,53,61
g361031582025,127,35,11,81
g361031582031,49,37,18,32
g361031582051,38,39,16,19
g361031582052,44,33,14,32
g361031582061,54,24,82,61
g361031582062,76,33,50,56
g361031582063,87,15,52,50
g361031582071,46,6,5,16
g361031582072,93,32,13,50
g361031582073,28,25,49,49
g361031582074,80,42,11,58
g361031583041,96,92,83,103
g361031583042,117,79,11,25
g361031583043,127,102,11,97
g361031583044,109,88,34,97
g361031583061,112,69,21,83
g361031583062,91,41,11,119
g361031583063,97,39,16,58
g361031583081,96,41,28,94
g361031583082,129,80,36,95
g361031583083,123,92,59,74
g361031583084,141,52,11,66
g361031583091,142,119,34,91
g361031583092,119,63,58,64
g361031583101,82,41,39,56
g361031583102,95,74,49,90
g361031583151,114,72,51,68
g361031583152,98,73,36,46
g361031583171,151,94,42,82
g361031583172,130,64,61,52
g361031583173,120,61,11,45
g361031583181,69,87,64,58
g361031583182,64,25,11,60
g361031583183,94,31,13,38
g361031583191,74,55,58,72
g361031583192,67,44,11,60
g361031583193,75,11,19,35
g361031583201,97,34,35,40
g361031583202,109,30,32,71
g361031583203,94,51,97,130
g361031583204,103,25,27,40
g361031583211,177,87,100,116
g361031583212,99,77,29,78
g361031583213,101,70,27,33
g361031583214,197,136,84,139
g361031583221,61,34,11,37
g361031583231,93,99,26,20
g361031583232,102,51,11,27
g361031583233,113,67,11,18
g361031583234,122,71,11,103
g361031584011,47,31,7,35
g361031584021,73,36,34,32
g361031584022,37,6,3,13
g361031584023,67,36,37,47
g361031584031,68,31,9,46
g361031584032,52,24,36,48
g361031584051,91,42,63,60
g361031584052,64,14,14,15
g361031584053,82,12,45,30
g361031584071,95,79,11,58
g361031584072,109,107,25,47
g361031584073,90,81,11,78
g361031584074,132,50,29,43
g361031584081,101,72,21,84
g361031584082,81,65,40,73
g361031584091,70,105,47,64
g361031584092,106,62,9,69
g361031584093,83,28,20,11
g361031584101,99,43,19,74
g361031584102,83,18,46,114
g361031584103,57,11,11,131
g361031585021,74,62,32,59
g361031585022,65,8,11,55
g361031585023,77,31,13,99
g361031585051,76,55,13,28
g361031585052,68,21,11,36
g361031585053,51,51,32,69
g361031585061,59,28,11,55
g361031585062,40,49,8,36
g361031585071,54,22,21,59
g361031585072,63,44,14,45
g361031585073,96,72,11,53
g361031585081,82,11,11,30
g361031585082,94,94,11,18
g361031585083,88,25,11,24
g361031585084,61,36,11,59
g361031585085,77,8,11,12
g361031585091,70,69,64,23
g361031585092,66,51,53,77
g361031585093,97,79,62,64
g361031585101,147,136,50,62
g361031585102,72,104,24,55
g361031585103,141,53,42,42
g361031585104,117,62,45,43
g361031585111,78,67,46,60
g361031585112,124,82,17,34
g361031585113,101,79,46,41
g361031585121,81,24,10,58
g361031585122,79,34,11,24
g361031586041,87,61,26,30
g361031586042,59,57,11,46
g361031586043,85,74,16,79
g361031586051,101,55,10,57
g361031586052,103,59,21,22
g361031586061,76,77,51,63
g361031586062,84,24,33,79
g361031586063,74,54,24,25
g361031586071,89,73,67,83
g361031586072,85,66,11,38
g361031586081,50,40,33,46
g361031586082,56,70,24,39
g361031586083,82,34,51,59
g361031586091,83,75,30,67
g361031586092,93,25,22,21
g361031586093,68,38,19,36
g361031587041,102,130,78,24
g361031587042,56,134,53,101
g361031587043,143,74,11,161
g361031587044,189,130,77,92
g361031587045,87,86,35,106
g361031587051,69,78,11,57
g361031587052,75,89,17,76
g361031587053,85,53,11,36
g361031587071,55,36,24,47
g361031587081,40,45,11,102
g361031587082,112,65,49,67
g361031587083,88,45,22,30
g361031587091,62,51,35,63
g361031587101,83,77,12,46
g361031587102,70,43,28,32
g361031587103,90,26,52,55
g361031587104,11,11,11,11
g361031587111,91,49,12,84
g361031587112,88,54,29,143
g361031587113,116,115,124,102
g361031587121,110,62,88,66
g361031587122,118,150,24,40
g361031587123,71,54,11,34
g361031587124,145,92,11,35
g361031587125,127,102,49,119
g361031588021,78,52,11,55
g361031588022,84,39,12,49
g361031588023,65,63,11,73
g361031588031,122,63,21,12
g361031588032,68,91,58,87
g361031588033,98,71,15,43
g361031588034,62,32,30,82
g361031588041,143,39,38,46
g361031588042,101,54,39,62
g361031588043,107,41,44,76
g361031588044,91,84,17,69
g361031588045,110,59,21,38
g361031588046,93,34,17,49
g361031589001,90,126,37,125
g361031589002,131,110,86,98
g361031589003,93,74,25,35
g361031589004,45,82,27,92
g361031589005,125,104,55,123
g361031590001,67,106,63,67
g361031590002,101,61,38,39
g361031590003,80,69,49,113
g361031591021,88,69,84,113
g361031591022,95,76,34,115
g361031591023,109,56,11,41
g361031591024,106,97,11,109
g361031591025,54,11,11,139
g361031591031,62,27,11,41
g361031591032,75,62,11,18
g361031591033,112,118,24,24
g361031591034,57,102,11,71
g361031591051,127,50,43,47
g361031591052,156,53,19,141
g361031591053,125,77,28,78
g361031591054,90,105,26,79
g361031591061,86,35,11,22
g361031591062,120,87,49,103
g361031591063,75,59,24,18
g361031591071,62,45,28,53
g361031591072,69,50,11,29
g361031591073,77,60,21,33
g361031591081,63,49,41,28
g361031591082,160,90,14,81
g361031591083,77,91,20,11
g361031591084,102,54,11,60
g361031591085,84,55,13,34
g361031592011,88,75,31,44
g361031592012,100,68,25,78
g361031592031,111,65,37,94
g361031592032,128,69,57,78
g361031592033,109,83,53,73
g361031592041,68,55,20,54
g361031592042,53,31,15,33
g361031592043,78,28,18,79
g361031592044,62,31,14,51
g361031593001,48,17,9,60
g361031593002,60,35,17,66
g361031594041,115,119,50,116
g361031594042,66,53,11,46
g361031594043,111,110,11,183
g361031594044,142,111,63,18
g361031594045,161,34,11,31
g361031594061,91,45,45,31
g361031594062,115,54,15,88
g361031594063,73,26,11,81
g361031594071,121,40,27,52
g361031594072,79,57,11,68
g361031594073,124,54,42,67
g361031594081,98,69,60,41
g361031594082,63,60,14,48
g361031594101,125,109,11,73
g361031594102,127,53,52,108
g361031594103,158,87,16,44
g361031594111,71,35,10,84
g361031594112,73,60,32,50
g361031594121,76,69,11,11
g361031594122,163,97,22,83
g361031594123,137,65,68,117
g361031594124,133,57,58,114
g361031595051,133,76,11,33
g361031595052,156,111,69,98
g361031595053,93,34,49,47
g361031595054,106,94,55,11
g361031595055,151,81,23,74
g361031595061,111,132,11,102
g361031595062,146,112,15,51
g361031595063,94,92,32,40
g361031595064,152,107,22,105
g361031595081,104,77,13,41
g361031595082,95,104,86,98
g361031595083,162,154,98,46
g361031595084,157,137,26,70
g361031595091,71,39,14,49
g361031595092,39,86,20,72
g361031595093,74,70,29,51
g361031595101,14,14,12,15
g361031595102,3,11,11,2
g361031595111,124,112,51,42
g361031595112,91,70,61,64
g361031595113,98,114,79,51
g361031595114,156,11,11,87
g361031595121,72,63,32,49
g361031596011,110,22,69,44
g361031596012,78,21,29,68
g361031596013,101,46,11,36
g361031596014,142,21,24,92
g361031596015,124,41,11,78
g361031596021,107,53,11,81
g361031596022,89,71,62,63
g361031697011,119,57,16,49
g361031697012,132,66,11,33
g361031697013,133,46,44,102
g361031697014,110,55,11,47
g361031697015,130,47,11,58
g361031697031,93,37,12,72
g361031697041,63,13,11,111
g361031697042,132,11,11,61
g361031697043,94,135,11,119
g361031697044,94,57,60,135
g361031697045,67,47,11,121
g361031697046,100,84,52,73
g361031698001,85,113,82,76
g361031698002,65,96,22,46
g361031698003,71,91,14,69
g361031698004,97,99,39,47
g361031699011,148,118,40,28
g361031699012,146,128,81,214
g361031699021,181,122,11,93
g361031699022,142,28,11,107
g361031699023,109,80,11,75
g361031699024,51,22,11,35
g361031699025,113,176,77,78
g361031700011,128,88,11,109
g361031700012,104,30,57,149
g361031700013,86,40,32,35
g361031700014,113,121,11,55
g361031700015,94,55,84,70
g361031700021,58,14,11,67
g361031700022,81,51,32,35
g361031700023,80,16,14,39
g361031700024,112,53,20,41
g361031700025,70,23,17,34
g361031701011,45,45,34,55
g361031701012,61,48,63,68
g361031702011,118,53,65,94
g361031702012,116,63,11,60
g361031702013,102,68,11,42
g361031702014,73,36,11,80
g361031702015,74,28,11,66
g361031702016,121,46,11,58
g361031702017,102,11,11,41
g361031702021,57,24,14,71
g361031702022,37,22,24,23
g361031702023,51,31,29,66
g361031702024,44,25,23,40
g361031702025,65,33,23,86
g361031803001,113,56,32,80
g361031803002,118,59,8,55
g361031904011,69,81,38,80
g361031904012,83,11,58,91
g361031904013,79,8,11,138
g361031904014,11,11,11,11
g361031904015,63,139,122,44
g361031904016,100,62,32,61
g361031904017,186,151,11,48
g361031904021,56,38,8,60
g361031904022,65,24,23,28
g361031904031,68,29,50,74
g361031904032,52,71,33,33
g361031904033,93,64,17,73
g361031905021,72,13,14,29
g361031905022,59,36,9,41
g361031905023,52,15,30,59
g361031905031,62,34,18,31
g361031905032,84,31,11,61
g361031905033,66,24,18,52
g361031905034,47,22,11,35
g361031905041,54,11,9,44
g361031905042,43,25,8,62
g361031905043,52,38,11,33
g361031906011,46,35,11,25
g361031906012,71,51,15,78
g361031906013,75,32,54,34
g361031906014,74,64,12,61
g361031906015,76,15,13,26
g361031906016,55,24,15,37
g361031906031,110,35,22,59
g361031906032,112,117,22,87
g361031906033,79,81,14,57
g361031906041,132,93,30,78
g361031906042,95,97,41,71
g361031906043,74,32,77,76
g361031907041,121,47,11,69
g361031907042,41,17,11,42
g361031907043,40,11,6,22
g361031907044,66,11,16,34
g361031907045,61,23,18,69
g361031907051,17,16,11,16
g361031907052,105,13,61,48
g361031907053,42,29,11,36
g361031907054,72,32,76,68
g361031907055,64,56,17,71
g361031907061,71,39,38,59
g361031907062,96,39,30,75
g361031907063,95,27,36,15
g361031907064,56,29,11,67
g361031907065,90,26,18,20
g361031907071,96,30,11,57
g361031907072,109,33,49,70
g361031907073,75,11,11,43
g361031907074,107,43,82,31
g361031907075,78,22,85,126
g361031907081,48,14,21,19
g361031907082,54,52,51,65
g361031908001,62,58,14,71
g361031908002,56,65,11,63
g361031908003,68,22,31,76
g361031908004,57,46,48,48
g361032009011,36,40,7,44
g361032009012,37,9,10,34
g361032009021,155,37,52,79
g361032009022,83,37,11,60
g361032009023,104,54,110,55
g361032009024,98,24,11,63
g361032009025,54,27,24,36
g361032009026,207,60,82,77
g361032009027,77,47,16,30
g361032010011,103,33,45,98
g361032010012,60,57,97,86
g361032010013,102,44,56,105
g361032010014,87,65,26,56
g361032010015,170,43,47,116
g361032010031,97,42,11,85
g361032010032,56,11,5,39
g361032010033,40,20,11,35
g361032010034,64,15,57,32
g361032010035,68,33,55,62
g361032010041,34,11,16,43
g361032010042,86,64,11,73
g361032010043,75,14,14,76
g361032010044,71,17,11,58
g361032010045,95,48,62,113
g361032010046,71,59,18,76
g361032011001,105,75,58,30
g361032011002,99,27,60,25
g361032011003,11,11,11,11
g361032011004,80,68,11,50
g361039901000,11,11,11,11
