GEOID,B25024_002E,B25024_003E,B25024_004E,B25024_005E,B25024_006E,B25024_007E,B25024_008E,B25024_009E
g361031101011,509,0,0,0,0,0,0,0
g361031101012,731,0,0,0,0,0,0,0
g361031101021,630,10,0,0,0,0,0,0
g361031101022,362,0,34,0,0,0,0,0
g361031101023,365,33,0,0,0,0,0,0
g361031101024,356,7,10,0,0,0,0,0
g361031102001,371,46,0,0,0,0,0,0
g361031102002,200,104,109,0,0,19,0,0
g361031102003,273,0,0,0,0,0,0,0
g361031102004,442,58,0,153,17,0,0,0
g361031102005,310,0,47,0,43,0,0,0
g361031103001,272,4,0,0,0,0,0,0
g361031103002,504,10,0,0,0,0,0,0
g361031103003,292,0,16,53,0,33,22,0
g361031103004,456,50,50,10,11,0,0,0
g361031103005,312,0,0,0,0,0,0,0
g361031104011,272,0,0,0,0,0,0,0
g361031104012,695,0,0,0,0,0,0,19
g361031104021,573,0,0,0,0,0,0,0
g361031104022,579,8,11,0,0,0,0,0
g361031105011,818,18,16,0,0,0,0,0
g361031105012,251,0,0,12,0,0,0,0
g361031105021,473,13,74,0,0,0,0,0
g361031105022,423,0,57,0,0,0,0,0
g361031106001,546,0,68,24,0,0,52,15
g361031106002,613,0,15,61,0,0,0,0
g361031106003,667,27,85,0,54,0,0,0
g361031106004,376,0,86,113,35,0,0,0
g361031106005,231,87,0,0,0,0,0,0
g361031108011,582,0,0,0,0,0,0,0
g361031108012,241,13,15,0,0,0,0,0
g361031108031,405,0,0,0,0,0,0,0
g361031108032,682,14,31,55,0,0,0,0
g361031108033,447,0,0,0,0,0,0,0
g361031108034,470,17,0,0,0,0,0,0
g361031109011,223,48,29,69,0,0,11,0
g361031109012,191,0,50,0,0,0,0,0
g361031109013,377,63,100,75,16,0,0,0
g361031109021,266,8,19,19,34,0,0,7
g361031109022,231,118,0,101,9,0,24,41
g361031109023,533,7,20,0,13,0,0,7
g361031110011,352,54,35,0,0,0,0,0
g361031110012,329,17,24,24,0,0,36,13
g361031110021,8,96,29,59,9,0,0,10
g361031110022,328,22,71,8,0,0,0,0
g361031110023,388,0,33,32,22,0,0,0
g361031110024,396,77,21,0,37,9,0,0
g361031111001,740,0,116,20,31,0,0,0
g361031111002,455,40,0,0,0,28,0,0
g361031111003,298,0,11,0,0,0,0,0
g361031111004,409,38,62,0,0,0,0,0
g361031111005,363,0,0,0,0,0,0,0
g361031112011,308,0,132,0,0,0,0,0
g361031112012,372,0,22,27,0,0,0,0
g361031112013,297,0,23,0,0,0,0,0
g361031112021,762,26,101,10,0,64,0,0
g361031112022,230,0,32,11,0,0,12,0
g361031112023,340,28,34,13,0,0,0,0
g361031113001,586,59,24,0,0,0,0,7
g361031113002,606,0,0,0,0,0,0,0
g361031113003,316,29,0,0,0,0,0,0
g361031114011,477,0,4,0,0,0,4,0
g361031114021,471,42,7,0,0,0,0,9
g361031114022,526,0,12,0,0,0,0,0
g361031114023,288,0,0,0,0,0,0,0
g361031114024,374,0,47,0,0,0,0,0
g361031115031,270,0,0,0,0,0,0,0
g361031115032,654,12,0,0,0,0,0,0
g361031115033,349,22,108,41,54,182,16,25
g361031115041,389,40,40,0,0,0,9,0
g361031115051,741,19,19,0,0,0,0,0
g361031115052,272,16,50,0,0,0,0,0
g361031115053,278,0,0,0,0,0,0,0
g361031115054,507,18,62,0,0,0,0,0
g361031115061,642,0,0,0,0,0,0,0
g361031115062,356,38,11,0,0,27,0,23
g361031116011,556,0,29,7,0,0,0,0
g361031116012,726,32,101,5,9,0,0,0
g361031116021,641,0,20,0,0,0,0,0
g361031116022,458,8,44,0,11,0,0,0
g361031117011,256,0,21,0,27,0,0,0
g361031117012,494,36,0,56,0,0,0,0
g361031117013,196,0,28,59,0,0,0,0
g361031117014,299,0,30,25,0,46,12,0
g361031117015,474,0,27,0,0,0,0,0
g361031117031,259,0,0,0,0,0,0,10
g361031117032,717,8,0,0,19,0,25,80
g361031117041,322,13,0,0,0,0,0,12
g361031117042,356,0,0,0,0,0,0,0
g361031117043,386,6,8,0,0,0,0,0
g361031118011,356,0,0,0,0,0,0,0
g361031118012,526,0,0,0,0,0,0,0
g361031118013,835,0,0,0,0,0,0,0
g361031118014,299,0,0,0,25,0,0,0
g361031118021,581,0,12,0,0,0,0,5
g361031118022,348,0,0,0,6,0,0,0
g361031118031,514,0,0,0,0,0,0,0
g361031118032,352,0,0,0,0,0,0,0
g361031118041,715,18,0,0,0,0,0,0
g361031119001,459,0,0,0,0,0,0,0
g361031119002,376,33,10,0,0,12,0,0
g361031119003,310,0,0,0,0,0,0,0
g361031119004,428,10,0,0,0,0,0,0
g361031119005,376,34,0,0,0,0,0,0
g361031120011,546,21,12,0,0,0,0,0
g361031120012,973,48,112,0,9,0,0,0
g361031120021,731,0,0,0,0,0,0,99
g361031120022,427,0,19,0,0,0,0,0
g361031120023,509,0,0,0,16,0,0,0
g361031121021,771,0,0,0,0,0,0,0
g361031121022,500,0,0,0,0,0,0,0
g361031121031,331,0,0,0,0,0,0,0
g361031121032,646,0,0,0,0,0,0,0
g361031121033,277,84,0,0,0,0,0,211
g361031121041,702,21,31,0,0,0,0,0
g361031122041,407,0,9,0,0,0,0,0
g361031122042,405,0,18,0,0,0,0,0
g361031122043,454,12,0,0,0,0,0,0
g361031122061,141,487,114,56,23,261,70,0
g361031122062,379,199,22,16,13,0,0,0
g361031122063,730,47,40,25,29,57,36,15
g361031122064,208,0,0,0,0,0,0,0
g361031122101,382,0,0,0,0,0,0,0
g361031122102,640,47,0,0,35,0,0,0
g361031122103,467,40,0,38,0,101,0,39
g361031122104,564,17,0,0,0,0,0,0
g361031122111,612,0,0,0,0,0,0,24
g361031122112,468,0,0,0,0,0,0,0
g361031122113,335,0,0,0,0,0,0,0
g361031122121,321,0,0,0,0,0,0,0
g361031122122,675,0,20,0,0,0,0,0
g361031122131,707,42,0,0,0,0,0,0
g361031122132,407,26,0,0,0,0,0,0
g361031122133,422,0,37,0,0,0,0,0
g361031122141,268,0,4,0,21,0,0,0
g361031122142,863,0,0,0,0,0,0,0
g361031122143,246,671,113,44,73,85,82,49
g361031122144,252,0,0,0,0,0,0,0
g361031223001,340,13,21,0,0,0,33,117
g361031223002,687,11,88,0,0,0,0,12
g361031224031,335,35,14,6,38,5,24,28
g361031224032,303,0,4,18,0,0,0,0
g361031224041,634,5,46,0,0,0,0,0
g361031224042,406,5,15,0,0,0,0,0
g361031224051,729,12,0,0,0,0,0,0
g361031224052,255,0,0,0,0,0,0,0
g361031224061,363,9,0,0,0,0,0,26
g361031224062,475,7,14,0,0,0,0,0
g361031224063,527,0,12,0,34,0,0,0
g361031225011,233,17,22,0,0,0,40,15
g361031225012,415,29,24,0,0,31,6,65
g361031225013,382,0,25,0,22,0,0,0
g361031225021,716,45,0,0,0,0,0,0
g361031225022,209,17,0,0,0,0,0,0
g361031225023,262,7,0,0,0,0,0,0
g361031226011,709,0,9,0,0,0,0,0
g361031226012,498,9,39,0,0,0,0,0
g361031226013,437,16,33,161,35,0,0,0
g361031226021,743,18,34,0,0,0,0,0
g361031226022,781,18,9,0,0,0,0,0
g361031226031,361,7,0,0,0,56,24,0
g361031226032,693,0,0,0,0,0,0,0
g361031226033,106,11,37,26,27,33,85,58
g361031226034,476,0,26,0,0,0,0,0
g361031227041,193,0,0,0,0,0,0,0
g361031227042,462,7,22,0,0,0,0,0
g361031227051,619,0,5,0,0,0,0,0
g361031227052,369,0,0,0,7,0,0,0
g361031227061,349,15,8,0,0,0,0,0
g361031227062,569,42,42,65,0,0,14,7
g361031227063,149,6,13,0,11,0,0,10
g361031227071,576,0,43,0,0,0,0,0
g361031227072,437,0,0,0,0,0,0,0
g361031228011,313,0,125,11,13,0,0,62
g361031228012,350,8,0,54,10,0,13,186
g361031228013,34,273,0,14,36,0,14,10
g361031228014,591,37,29,0,0,0,0,0
g361031228021,531,23,12,37,46,48,5,13
g361031228022,679,47,22,0,0,0,0,10
g361031229011,631,12,112,0,0,0,0,0
g361031229012,326,0,30,0,0,0,0,0
g361031229013,339,7,12,0,0,0,0,0
g361031229014,476,0,8,0,0,0,0,0
g361031229021,483,11,31,39,8,46,54,27
g361031229022,267,19,40,39,40,80,53,25
g361031229023,371,0,10,35,0,0,0,0
g361031230011,435,8,9,17,0,0,0,0
g361031230012,452,0,6,0,0,0,0,0
g361031230013,317,32,93,0,0,0,0,0
g361031230014,466,0,24,0,0,0,0,0
g361031230021,634,8,0,0,0,0,0,0
g361031230022,363,9,6,9,0,0,0,14
g361031230023,451,0,21,0,0,0,8,37
g361031231011,336,112,6,0,0,0,0,0
g361031231012,228,8,0,0,0,0,0,0
g361031231013,514,0,20,14,40,0,13,9
g361031231021,436,0,4,0,24,0,0,0
g361031231022,428,19,21,128,43,17,22,0
g361031231023,286,0,1,0,0,0,0,0
g361031232011,351,40,55,169,36,45,16,37
g361031232021,382,71,0,0,0,48,27,29
g361031232022,89,90,0,0,11,12,25,330
g361031232023,565,0,44,0,0,0,0,13
g361031232024,787,12,43,0,0,0,0,0
g361031233011,162,0,42,0,25,74,70,37
g361031233012,376,13,15,14,14,40,29,65
g361031233013,216,31,12,0,47,0,0,31
g361031233014,326,0,0,0,0,0,0,0
g361031233015,425,22,0,34,0,0,0,0
g361031233016,53,0,40,0,0,0,0,0
g361031233021,466,5,24,19,0,0,0,0
g361031234011,292,26,112,0,9,0,0,0
g361031234012,361,0,19,36,0,44,12,0
g361031234013,246,0,70,15,0,36,14,0
g361031234021,315,108,11,0,18,47,13,85
g361031234022,451,17,99,0,0,14,0,0
g361031234023,322,0,0,17,0,26,0,0
g361031234024,137,0,49,41,18,44,0,0
g361031234025,446,19,29,0,32,0,27,157
g361031235001,388,45,57,0,0,11,0,11
g361031235002,184,68,24,32,12,0,8,40
g361031235003,451,112,123,37,12,13,14,0
g361031235004,396,15,155,70,71,55,0,0
g361031236001,494,160,21,66,0,0,0,0
g361031236002,296,0,0,0,0,0,0,0
g361031236003,488,0,28,0,0,0,0,0
g361031237011,468,24,109,26,0,0,0,0
g361031237012,167,0,102,55,0,0,0,0
g361031237013,250,21,138,28,0,56,9,65
g361031237014,277,0,31,47,0,0,0,0
g361031237021,541,29,150,0,0,0,0,0
g361031237022,492,100,246,43,0,0,0,28
g361031237023,403,0,41,0,14,0,0,0
g361031237024,629,0,65,27,0,0,24,0
g361031238011,443,0,9,29,7,0,0,9
g361031238012,302,0,23,0,0,0,0,0
g361031238013,658,96,61,17,33,17,33,27
g361031238021,585,16,73,0,0,0,0,0
g361031238022,722,12,40,0,0,0,0,0
g361031239001,365,26,72,0,10,0,7,9
g361031239002,293,0,29,0,0,0,0,0
g361031239003,243,5,9,0,0,0,0,0
g361031239004,442,0,62,0,0,0,0,0
g361031239005,181,8,0,0,0,0,0,0
g361031240011,543,0,228,0,0,0,0,0
g361031240012,450,0,211,0,0,0,0,0
g361031240013,125,0,73,25,0,0,0,0
g361031240021,443,35,11,0,0,0,0,0
g361031240022,606,12,43,0,0,0,0,0
g361031241011,586,14,142,0,0,0,0,0
g361031241012,306,9,40,0,0,20,23,9
g361031241013,339,6,56,26,0,0,0,21
g361031241021,451,14,122,42,17,0,0,0
g361031241022,585,19,44,0,0,0,21,0
g361031242001,275,0,122,0,0,0,0,0
g361031242002,215,34,175,0,0,16,0,34
g361031242003,134,0,71,0,130,0,0,0
g361031242004,463,29,19,74,0,0,0,0
g361031242005,503,0,91,0,0,0,0,0
g361031243001,319,13,18,0,0,0,0,0
g361031243002,453,52,16,42,0,11,13,48
g361031243003,255,14,61,69,15,40,17,180
g361031243004,494,0,52,0,0,0,0,0
g361031243005,27,41,18,33,102,0,11,59
g361031244011,9,24,127,82,33,115,35,37
g361031244012,336,0,21,0,0,0,14,35
g361031244013,463,65,88,38,10,19,9,31
g361031244021,544,0,88,0,0,0,0,0
g361031244022,299,9,108,0,0,0,0,0
g361031244023,383,0,0,0,8,0,0,0
g361031245001,374,0,0,0,0,0,0,0
g361031245002,312,28,29,51,0,0,0,0
g361031245003,239,24,72,39,0,8,86,16
g361031245004,551,0,9,0,0,0,0,0
g361031246011,385,0,0,22,0,3,0,0
g361031246012,274,33,0,0,0,0,0,0
g361031246013,285,0,0,0,0,0,0,0
g361031246021,174,0,14,12,21,0,0,0
g361031246022,386,0,46,28,102,13,23,0
g361031246023,549,0,0,0,0,0,70,0
g361031246024,93,115,41,75,49,11,11,12
g361031347021,560,16,0,49,0,0,0,0
g361031347022,614,205,46,0,0,0,0,0
g361031347023,109,52,34,68,115,90,0,84
g361031347024,282,0,31,18,0,0,0,0
g361031347031,281,0,35,0,0,10,0,0
g361031347032,378,0,0,0,0,0,0,0
g361031347033,373,0,37,0,0,0,0,0
g361031347034,234,0,0,0,0,0,0,0
g361031347041,496,0,0,0,0,0,0,0
g361031347042,181,17,55,92,16,79,0,6
g361031349021,423,8,0,0,0,0,0,0
g361031349022,328,0,0,0,0,6,0,0
g361031349023,699,53,0,24,0,0,0,0
g361031349031,396,0,27,0,0,0,0,0
g361031349041,422,38,0,0,20,0,0,0
g361031349042,528,0,0,0,0,0,0,0
g361031349043,571,0,26,0,0,0,0,42
g361031349044,367,30,40,39,96,56,0,0
g361031349061,442,97,9,13,0,0,0,14
g361031349062,386,0,0,0,0,0,0,0
g361031349063,537,22,0,0,0,0,0,0
g361031349064,189,0,51,7,52,228,43,47
g361031349071,564,16,0,24,0,0,0,0
g361031349072,872,0,3,0,0,0,0,0
g361031350021,438,0,0,0,0,0,0,0
g361031350022,637,0,34,0,33,58,0,0
g361031350023,616,0,0,0,0,0,0,0
g361031350031,474,0,0,0,0,0,0,0
g361031350032,464,0,9,22,0,0,0,0
g361031350033,545,0,17,25,0,0,0,0
g361031350041,630,5,0,0,0,0,0,0
g361031350042,237,23,0,0,0,0,0,0
g361031350043,253,0,0,0,0,0,0,0
g361031350051,457,49,0,0,32,0,0,0
g361031350052,64,319,0,40,123,49,0,0
g361031350053,219,9,0,8,0,0,0,0
g361031351011,387,0,0,0,0,0,0,0
g361031351012,827,0,42,0,0,0,0,0
g361031351021,397,0,11,0,0,0,0,0
g361031351022,524,78,0,14,72,30,0,6
g361031351023,370,0,0,0,0,0,0,0
g361031351031,437,27,0,0,7,27,0,0
g361031351032,376,58,0,0,0,0,0,0
g361031351033,659,0,0,0,0,0,0,0
g361031351041,508,0,0,0,0,0,0,0
g361031351042,791,24,0,0,0,0,0,0
g361031351043,298,37,10,0,0,0,0,0
g361031352011,681,22,4,0,0,0,0,0
g361031352041,472,12,0,0,0,0,0,0
g361031352042,674,0,0,0,0,0,0,0
g361031352043,335,0,0,0,0,0,0,0
g361031352051,564,6,59,12,13,206,25,8
g361031352052,496,0,0,0,0,0,0,0
g361031352053,379,0,12,0,0,0,0,0
g361031352081,390,155,0,0,0,0,0,0
g361031352082,434,32,22,0,0,0,0,0
g361031352091,501,97,0,43,86,18,0,4
g361031352092,406,18,0,0,0,0,0,0
g361031353011,638,0,0,0,0,0,0,0
g361031353012,425,7,0,0,0,0,0,0
g361031353013,190,0,0,34,0,0,0,0
g361031353031,821,21,0,0,29,72,21,0
g361031353032,442,9,32,0,0,0,0,0
g361031353041,842,75,8,0,0,0,0,0
g361031353042,33,224,22,15,18,0,0,0
g361031354011,90,135,26,119,16,26,105,30
g361031354012,722,16,0,0,16,15,46,0
g361031354013,911,0,0,0,0,38,0,0
g361031354021,602,190,38,13,0,0,0,0
g361031354022,545,0,0,0,57,17,43,55
g361031354023,284,0,0,0,0,0,0,0
g361031354024,460,0,0,0,16,0,0,0
g361031354031,333,0,8,0,0,0,0,0
g361031354032,696,9,10,0,0,13,0,0
g361031354033,267,84,8,11,10,0,0,0
g361031456021,400,0,0,19,0,0,0,10
g361031456022,400,8,81,0,0,0,0,0
g361031456023,622,0,31,0,0,0,0,0
g361031456031,671,0,18,0,0,0,0,0
g361031456032,217,6,42,12,11,62,7,0
g361031456033,584,7,83,37,0,0,0,0
g361031456041,769,26,87,0,0,0,0,0
g361031456042,342,9,63,0,0,0,0,0
g361031456051,319,0,57,7,0,0,0,0
g361031456052,412,9,38,15,0,0,23,14
g361031457011,230,0,0,28,0,0,0,0
g361031457012,470,8,0,0,0,0,0,0
g361031457013,69,0,0,63,344,173,15,33
g361031457014,496,12,28,0,0,0,0,0
g361031457021,219,11,63,0,0,0,0,0
g361031457022,455,44,13,0,0,0,0,0
g361031457023,591,0,126,0,0,0,0,0
g361031457031,200,12,40,0,0,7,0,0
g361031457032,562,51,22,70,19,0,0,0
g361031457033,230,29,79,44,113,46,9,52
g361031457041,375,0,112,0,0,0,0,0
g361031457042,81,115,0,56,296,6,0,0
g361031457043,633,0,51,87,0,0,0,0
g361031457044,26,0,41,0,368,53,0,33
g361031458031,381,60,41,22,0,0,0,0
g361031458032,573,0,0,0,0,0,0,0
g361031458033,437,47,33,8,79,24,20,26
g361031458041,549,6,15,0,9,0,0,0
g361031458042,252,133,19,19,50,24,0,14
g361031458051,64,28,74,243,92,0,0,51
g361031458052,450,0,38,0,0,0,0,0
g361031458053,439,24,11,28,0,38,0,0
g361031458054,453,11,0,92,11,0,0,0
g361031458071,687,8,14,0,0,0,0,0
g361031458072,730,0,0,8,0,0,0,0
g361031458081,531,15,22,16,0,17,0,0
g361031458082,361,51,0,0,0,0,0,0
g361031459011,353,4,7,0,0,0,0,0
g361031459012,634,0,16,0,0,0,0,0
g361031459021,471,22,0,55,0,0,0,0
g361031459022,361,69,12,0,46,0,0,0
g361031459023,400,0,80,0,101,0,0,18
g361031459024,566,19,52,0,0,0,16,50
g361031459031,445,0,0,0,0,0,0,0
g361031459032,489,8,0,0,0,0,0,0
g361031459033,369,0,0,0,0,0,0,0
g361031459034,473,0,6,76,0,0,0,0
g361031460011,482,17,27,83,0,0,0,0
g361031460012,402,25,119,25,0,0,0,0
g361031460021,449,0,34,11,0,0,0,0
g361031460022,286,0,31,30,0,0,0,0
g361031460023,491,24,9,49,0,0,0,0
g361031460031,417,0,0,0,0,0,20,43
g361031460032,396,61,0,0,0,0,0,0
g361031460033,259,292,61,50,33,0,79,0
g361031460034,441,0,0,14,63,87,44,0
g361031461021,605,18,27,0,0,0,0,0
g361031461031,464,0,13,0,0,0,0,0
g361031461032,763,13,0,0,6,0,0,0
g361031461051,138,0,34,0,37,60,100,139
g361031461052,669,19,74,11,0,0,0,25
g361031461053,439,12,13,35,0,0,0,0
g361031461061,450,0,13,41,0,15,106,121
g361031461062,374,0,20,0,14,0,0,0
g361031462011,585,0,38,22,10,0,0,17
g361031462012,484,0,67,7,0,0,0,0
g361031462021,551,0,67,6,0,0,0,0
g361031462022,476,55,36,0,0,5,0,0
g361031462031,438,0,35,0,116,8,0,10
g361031462032,182,164,0,0,0,0,0,0
g361031462033,451,26,91,0,0,0,0,0
g361031462041,479,0,69,0,18,0,0,0
g361031462042,588,14,54,57,0,0,0,0
g361031462043,213,13,7,0,0,0,0,0
g361031462051,257,7,10,0,0,0,0,0
g361031462052,402,8,11,0,0,0,0,2
g361031462061,250,5,0,0,0,0,0,0
g361031462062,504,0,21,0,0,0,0,0
g361031463001,25,311,6,24,88,34,80,10
g361031463002,17,87,0,29,114,151,8,298
g361031464021,652,7,67,0,0,0,0,0
g361031464022,285,15,17,11,0,11,13,34
g361031464023,261,20,0,0,0,0,0,0
g361031464031,481,15,49,0,0,0,0,0
g361031464032,435,0,18,0,0,0,0,0
g361031464033,326,0,46,7,0,0,0,0
g361031464041,484,0,25,7,0,0,5,0
g361031464042,485,5,30,0,0,3,0,0
g361031465001,497,0,0,0,32,9,0,0
g361031465002,310,0,54,0,0,0,0,0
g361031465003,455,0,26,0,0,0,0,0
g361031465004,377,0,25,23,0,0,0,0
g361031466041,74,40,0,44,166,190,90,41
g361031466042,546,0,0,0,6,7,0,0
g361031466043,432,0,0,0,0,0,6,0
g361031466051,284,3,11,0,0,0,0,0
g361031466061,563,0,0,0,0,0,0,0
g361031466062,521,14,87,0,0,0,0,78
g361031466063,465,0,33,12,40,15,0,13
g361031466064,534,59,42,44,0,16,0,15
g361031466071,72,63,0,7,0,0,0,10
g361031466072,188,0,15,52,156,139,6,39
g361031466081,313,6,29,23,65,55,28,17
g361031466082,143,5,3,15,112,59,0,25
g361031466111,160,162,46,27,140,180,56,31
g361031466112,357,61,11,13,6,0,0,6
g361031466121,274,14,0,0,0,0,0,0
g361031466122,705,32,23,0,0,0,25,0
g361031466123,551,0,25,0,0,0,0,0
g361031466131,369,10,22,0,0,0,3,0
g361031466132,712,13,57,0,0,0,7,0
g361031466141,591,115,0,50,47,0,0,0
g361031466142,327,0,0,0,0,0,0,0
g361031466143,337,305,18,116,110,36,0,0
g361031466151,393,95,0,0,3,0,0,0
g361031466152,336,52,0,12,48,151,44,18
g361031466153,141,55,28,49,169,127,117,110
g361031467031,669,7,8,0,0,0,0,0
g361031467032,595,0,12,11,0,0,0,0
g361031467041,662,0,0,0,0,0,0,3
g361031467051,517,0,0,0,0,0,0,0
g361031467052,567,0,0,0,0,0,0,0
g361031467061,338,0,0,0,0,0,0,0
g361031467062,509,0,13,5,0,0,0,0
g361031468001,707,9,18,0,0,0,15,0
g361031468002,652,0,0,0,0,0,0,0
g361031468003,404,0,0,0,0,0,0,0
g361031468004,183,7,0,0,0,0,0,0
g361031469011,665,43,0,37,8,0,0,0
g361031469012,429,0,20,0,0,0,0,0
g361031469013,211,30,0,0,0,0,0,0
g361031469014,281,17,0,0,6,0,0,0
g361031469021,629,0,0,0,15,0,0,0
g361031469022,355,0,0,0,0,0,0,0
g361031469023,283,16,0,0,0,0,0,0
g361031470011,302,0,7,0,0,0,0,0
g361031470012,267,0,7,0,11,0,0,0
g361031470013,768,52,0,0,0,0,0,0
g361031470031,629,184,8,0,0,0,0,0
g361031470032,498,15,16,0,0,0,0,0
g361031470033,92,345,7,0,0,0,0,0
g361031470041,2231,16,23,9,13,29,0,0
g361031471001,419,0,4,0,0,0,0,0
g361031471002,212,0,0,56,5,15,0,6
g361031471003,357,0,0,0,0,0,0,0
g361031472001,650,0,23,90,40,0,0,0
g361031472002,93,17,0,0,134,0,32,33
g361031472003,258,0,16,79,135,38,82,16
g361031472004,281,0,0,51,0,0,0,0
g361031472005,56,30,0,17,71,31,60,212
g361031473001,83,0,0,19,266,0,14,39
g361031473002,95,0,0,0,0,101,24,18
g361031473003,439,0,0,0,0,0,0,0
g361031473004,399,0,40,0,0,0,0,0
g361031473005,39,0,269,59,170,28,0,22
g361031473006,407,232,17,0,127,19,16,26
g361031474011,482,17,91,89,19,18,0,50
g361031474012,238,30,136,168,0,100,54,12
g361031474013,587,20,11,56,0,0,15,0
g361031474014,37,12,28,39,155,15,36,50
g361031474021,448,0,0,0,0,0,0,0
g361031474022,334,107,0,10,0,0,0,0
g361031474023,358,0,0,7,0,0,0,0
g361031475011,117,0,59,0,0,48,41,67
g361031475012,620,22,77,54,0,0,0,0
g361031475013,179,0,0,0,0,0,0,0
g361031475014,157,0,0,24,0,0,0,12
g361031475015,460,37,55,0,0,0,0,0
g361031475016,348,18,76,15,93,27,15,65
g361031475021,331,0,0,0,0,0,14,0
g361031475022,384,0,0,0,0,0,0,0
g361031475023,540,54,0,0,0,0,0,0
g361031475024,352,9,43,0,0,0,0,0
g361031475025,261,0,0,0,0,0,0,0
g361031475031,497,5,32,0,7,0,0,0
g361031476011,398,0,0,0,0,0,0,0
g361031476012,428,33,16,0,13,12,0,0
g361031476021,238,78,32,78,132,138,87,80
g361031476022,584,33,0,0,0,16,0,0
g361031476023,175,92,22,10,17,33,36,11
g361031476024,344,0,8,0,0,0,0,0
g361031477011,496,9,16,24,49,0,23,10
g361031477012,374,8,0,18,129,23,25,12
g361031477021,547,0,0,0,9,0,7,0
g361031477022,726,0,0,0,0,0,0,0
g361031477023,403,0,77,9,0,0,0,8
g361031477024,154,0,49,54,0,8,0,0
g361031478021,209,8,33,16,7,40,45,10
g361031478022,461,9,6,0,0,0,0,0
g361031478023,449,0,19,22,54,0,7,15
g361031478031,342,205,34,40,72,141,38,66
g361031478032,312,0,0,15,0,12,32,41
g361031478041,738,0,0,0,0,0,0,0
g361031478042,328,9,0,11,10,0,0,0
g361031478043,437,0,13,0,0,0,0,0
g361031478044,379,0,0,0,0,0,0,0
g361031479011,628,32,6,24,0,0,0,0
g361031479012,87,0,30,49,107,215,114,83
g361031479013,119,21,6,29,6,191,107,100
g361031479021,258,0,0,0,0,0,0,0
g361031479022,351,0,10,0,0,0,0,0
g361031479023,448,0,9,0,0,0,0,0
g361031479024,369,0,0,0,0,0,0,0
g361031580011,386,3,0,0,0,0,0,0
g361031580012,381,5,4,0,0,0,0,0
g361031580013,363,0,0,0,0,0,0,9
g361031580014,355,23,0,0,0,0,0,0
g361031580015,209,0,0,0,0,0,0,0
g361031580021,417,0,0,0,0,0,0,0
g361031580022,426,0,0,0,0,0,0,0
g361031580023,378,51,58,0,0,0,0,0
g361031580024,321,0,0,0,0,0,0,0
g361031580025,274,0,16,0,0,0,0,0
g361031580026,474,0,0,0,0,0,0,0
g361031580061,775,215,0,0,14,0,17,0
g361031580062,876,46,39,0,0,0,0,0
g361031580063,231,136,0,44,0,0,0,0
g361031580064,163,0,0,0,0,0,0,0
g361031580071,0,0,0,0,0,0,0,0
g361031580072,28,0,6,0,0,0,0,0
g361031580073,10,0,0,0,0,0,0,0
g361031580074,0,0,0,0,0,0,0,0
g361031580091,371,10,0,0,0,0,0,0
g361031580092,480,6,0,7,0,0,0,0
g361031580101,685,0,13,0,0,0,0,0
g361031580102,253,0,0,0,0,0,0,15
g361031580103,266,0,0,0,0,0,0,0
g361031580111,478,295,0,19,10,7,0,0
g361031580112,582,0,0,0,0,0,0,0
g361031580113,23,0,0,32,248,107,10,46
g361031581021,666,93,90,124,25,23,16,27
g361031581022,612,0,31,0,0,0,0,0
g361031581031,870,0,83,10,0,0,0,0
g361031581032,352,0,71,0,0,0,0,0
g361031581041,615,0,61,0,0,0,0,0
g361031581042,632,0,0,0,0,0,0,0
g361031581043,489,5,0,0,0,0,0,0
g361031581071,327,146,19,6,87,36,0,0
g361031581072,795,0,39,0,0,0,0,0
g361031581081,740,100,47,5,63,44,9,0
g361031581101,600,0,15,0,0,0,0,0
g361031581102,503,0,24,0,0,0,0,0
g361031581111,504,0,59,0,0,0,0,0
g361031581112,462,0,0,0,0,0,0,6
g361031581121,581,8,14,0,0,0,0,0
g361031581122,614,15,110,0,0,0,0,0
g361031581141,940,23,97,55,53,25,10,26
g361031581151,692,33,38,0,0,75,0,331
g361031581152,521,0,0,0,0,0,0,0
g361031581153,583,0,14,0,0,0,0,0
g361031581161,345,123,0,26,9,0,0,0
g361031581162,128,0,13,5,14,49,16,23
g361031582021,301,0,26,42,42,9,0,11
g361031582022,468,12,52,19,60,108,56,83
g361031582023,418,65,16,13,13,0,29,0
g361031582024,418,0,0,0,0,0,0,0
g361031582025,431,147,65,12,31,20,0,0
g361031582031,543,6,8,0,0,0,7,10
g361031582051,263,21,0,0,0,0,0,0
g361031582052,361,7,0,0,0,0,0,0
g361031582061,363,18,8,44,49,0,16,9
g361031582062,287,101,40,88,19,0,0,8
g361031582063,250,36,75,97,64,0,23,0
g361031582071,314,0,0,0,0,3,0,0
g361031582072,557,118,0,0,0,0,0,0
g361031582073,16,159,8,0,60,73,11,0
g361031582074,472,0,9,0,133,25,0,11
g361031583041,608,0,14,0,0,0,0,0
g361031583042,546,10,116,0,0,0,0,0
g361031583043,624,0,0,0,0,0,0,0
g361031583044,573,0,0,0,0,0,0,0
g361031583061,814,0,43,0,0,0,0,0
g361031583062,223,456,0,28,64,0,0,0
g361031583063,535,18,0,0,0,0,0,0
g361031583081,359,18,0,50,108,0,0,0
g361031583082,482,15,62,0,0,0,0,0
g361031583083,715,76,67,0,50,0,0,18
g361031583084,676,0,46,0,0,0,0,0
g361031583091,864,7,0,67,97,122,0,31
g361031583092,371,25,29,51,131,37,0,0
g361031583101,621,0,6,0,0,0,0,0
g361031583102,629,309,8,59,106,30,12,31
g361031583151,463,552,0,0,0,0,0,0
g361031583152,556,137,9,0,0,0,0,0
g361031583171,943,0,0,0,0,0,0,0
g361031583172,827,0,0,0,0,0,0,17
g361031583173,529,0,0,0,0,0,0,0
g361031583181,536,0,69,0,0,0,0,0
g361031583182,471,0,0,8,0,0,0,0
g361031583183,521,0,9,0,0,0,0,0
g361031583191,285,80,2,45,77,48,23,57
g361031583192,274,10,0,8,0,0,0,0
g361031583193,308,10,0,0,0,0,0,0
g361031583201,332,103,0,0,0,0,0,0
g361031583202,526,13,46,0,37,0,0,0
g361031583203,14,77,80,76,190,209,207,47
g361031583204,432,0,0,0,0,0,0,0
g361031583211,629,10,51,43,298,277,48,28
g361031583212,538,58,33,17,58,0,0,14
g361031583213,405,0,0,0,0,0,0,0
g361031583214,308,374,39,134,402,159,86,14
g361031583221,644,139,0,8,0,7,0,0
g361031583231,387,0,0,0,0,0,0,0
g361031583232,436,0,0,0,0,0,0,0
g361031583233,587,0,11,0,0,0,0,0
g361031583234,603,162,9,12,72,62,0,0
g361031584011,322,9,18,23,17,79,15,10
g361031584021,718,0,0,0,0,0,0,0
g361031584022,225,0,0,0,0,0,2,0
g361031584023,529,11,26,0,0,0,0,0
g361031584031,160,213,6,18,55,9,0,0
g361031584032,185,0,24,0,27,135,68,27
g361031584051,872,0,43,10,0,0,0,0
g361031584052,333,0,0,0,0,0,0,0
g361031584053,455,0,0,0,0,0,0,0
g361031584071,587,0,17,0,0,0,13,0
g361031584072,563,0,41,0,0,0,0,0
g361031584073,436,0,42,0,15,0,0,0
g361031584074,589,0,0,0,0,0,14,0
g361031584081,834,13,20,10,0,0,0,0
g361031584082,709,0,0,0,0,0,0,0
g361031584091,318,9,0,26,138,70,16,0
g361031584092,795,8,0,0,0,0,0,0
g361031584093,319,0,0,0,0,0,0,0
g361031584101,331,378,35,0,0,0,0,0
g361031584102,32,564,70,76,162,0,0,14
g361031584103,1,307,45,47,201,0,0,0
g361031585021,467,25,0,0,53,20,0,0
g361031585022,249,0,0,22,0,0,0,0
g361031585023,118,20,84,46,164,190,114,143
g361031585051,786,0,48,0,0,0,0,0
g361031585052,325,0,0,0,0,0,0,0
g361031585053,52,22,0,16,120,70,45,22
g361031585061,613,0,5,0,0,0,0,0
g361031585062,269,0,0,0,0,0,0,0
g361031585071,262,8,0,0,0,0,0,0
g361031585072,371,0,60,0,0,0,0,0
g361031585073,536,28,0,0,0,0,0,0
g361031585081,443,0,0,0,0,0,0,0
g361031585082,452,0,6,31,0,0,0,0
g361031585083,407,0,0,0,0,0,0,0
g361031585084,219,7,0,24,0,14,27,0
g361031585085,331,0,0,0,0,0,0,0
g361031585091,460,0,37,37,0,0,0,0
g361031585092,472,0,64,0,0,0,0,0
g361031585093,320,13,11,42,54,261,14,16
g361031585101,688,46,0,0,82,75,27,11
g361031585102,467,0,0,0,0,0,0,0
g361031585103,458,0,40,0,0,0,0,0
g361031585104,485,0,0,0,0,0,0,0
g361031585111,506,30,25,0,0,0,0,0
g361031585112,787,7,11,0,0,0,0,0
g361031585113,688,0,13,0,0,0,0,0
g361031585121,645,0,0,0,0,0,0,0
g361031585122,467,0,0,0,0,0,0,0
g361031586041,445,9,0,9,0,0,0,0
g361031586042,269,0,62,0,0,0,0,0
g361031586043,781,0,27,0,0,0,0,0
g361031586051,810,0,8,0,0,10,0,0
g361031586052,729,0,29,0,0,0,0,0
g361031586061,575,0,11,0,0,0,0,0
g361031586062,401,0,43,0,0,0,0,0
g361031586063,525,0,0,0,0,0,0,0
g361031586071,406,144,10,0,43,139,0,21
g361031586072,451,0,8,0,0,0,0,0
g361031586081,159,0,42,33,0,37,7,9
g361031586082,326,0,101,8,0,0,0,0
g361031586083,554,0,31,0,0,0,0,0
g361031586091,655,28,2,0,0,0,0,0
g361031586092,456,10,0,0,0,0,0,0
g361031586093,236,19,0,9,75,0,0,0
g361031587041,402,0,15,39,183,56,0,0
g361031587042,88,252,0,0,86,42,57,0
g361031587043,280,54,0,13,69,304,0,0
g361031587044,428,189,42,37,111,190,31,73
g361031587045,78,431,0,55,102,0,12,22
g361031587051,282,26,41,20,0,0,0,10
g361031587052,550,0,0,0,0,0,0,0
g361031587053,265,0,22,20,0,0,0,0
g361031587071,537,18,0,7,7,0,0,0
g361031587081,11,39,14,0,134,177,23,57
g361031587082,195,74,50,100,114,222,46,65
g361031587083,318,0,0,0,0,0,0,11
g361031587091,315,304,0,220,0,17,29,7
g361031587101,338,9,0,61,144,16,0,8
g361031587102,295,0,17,0,0,0,0,0
g361031587103,381,0,24,26,0,0,0,0
g361031587104,0,0,0,52,49,0,26,0
g361031587111,437,0,24,0,0,0,0,0
g361031587112,63,428,4,46,14,183,53,0
g361031587113,486,48,100,0,63,57,135,107
g361031587121,554,0,0,0,0,0,0,0
g361031587122,588,23,0,0,0,0,0,0
g361031587123,310,18,0,0,0,13,13,0
g361031587124,379,0,0,0,0,0,0,0
g361031587125,581,0,0,0,0,0,0,0
g361031588021,578,29,0,15,0,0,12,0
g361031588022,556,39,0,26,0,9,0,0
g361031588023,340,48,0,42,0,0,0,0
g361031588031,513,0,11,0,0,0,0,0
g361031588032,332,0,29,0,0,0,0,186
g361031588033,758,23,0,0,0,0,0,18
g361031588034,30,0,36,0,17,27,121,162
g361031588041,521,0,0,13,0,0,0,0
g361031588042,312,0,25,9,0,0,0,0
g361031588043,354,0,0,0,0,0,0,0
g361031588044,334,0,0,0,0,0,0,0
g361031588045,287,0,0,12,0,0,47,0
g361031588046,454,0,0,0,0,0,0,0
g361031589001,364,0,43,0,0,0,47,128
g361031589002,283,76,51,86,0,27,27,136
g361031589003,284,0,0,0,16,0,0,0
g361031589004,212,0,15,50,44,25,85,0
g361031589005,625,26,30,70,113,74,12,31
g361031590001,557,14,49,55,0,0,18,0
g361031590002,569,8,0,9,0,0,0,0
g361031590003,95,15,10,46,173,213,118,36
g361031591021,273,0,25,0,0,0,56,277
g361031591022,514,3,0,43,0,0,0,0
g361031591023,349,0,0,14,0,0,0,0
g361031591024,208,14,0,41,83,134,134,31
g361031591025,185,0,58,50,17,189,29,85
g361031591031,269,0,8,0,0,0,0,0
g361031591032,270,24,0,0,0,8,0,0
g361031591033,655,12,0,0,0,0,0,0
g361031591034,461,0,39,27,0,0,0,0
g361031591051,518,0,0,0,31,60,13,13
g361031591052,13,77,0,171,177,156,233,59
g361031591053,646,0,0,0,0,0,0,0
g361031591054,488,0,0,0,0,0,0,0
g361031591061,500,0,0,0,0,0,0,0
g361031591062,415,164,75,85,173,116,78,132
g361031591063,394,0,0,0,0,0,0,0
g361031591071,453,0,0,0,0,0,0,0
g361031591072,318,8,0,0,0,0,0,0
g361031591073,437,13,0,0,0,0,0,0
g361031591081,216,0,0,0,0,0,0,0
g361031591082,947,15,47,0,0,53,18,12
g361031591083,369,0,0,0,0,0,0,0
g361031591084,362,0,0,0,0,0,0,0
g361031591085,282,10,0,0,0,25,0,0
g361031592011,477,0,0,0,0,0,0,0
g361031592012,635,12,0,0,0,0,0,0
g361031592031,541,16,0,0,0,0,0,0
g361031592032,837,14,27,0,0,0,0,0
g361031592033,718,0,0,0,0,0,0,0
g361031592041,281,0,0,0,0,0,0,31
g361031592042,265,0,0,0,0,0,0,0
g361031592043,455,5,10,0,0,0,0,88
g361031592044,420,8,0,0,0,0,0,0
g361031593001,415,3,5,35,0,0,0,0
g361031593002,709,5,0,0,0,0,0,0
g361031594041,104,37,0,147,30,153,172,49
g361031594042,214,0,0,0,0,0,0,12
g361031594043,666,12,0,0,0,17,0,0
g361031594044,701,0,0,0,0,0,0,0
g361031594045,311,0,0,71,0,0,0,0
g361031594061,284,77,0,0,14,69,50,0
g361031594062,270,20,77,29,30,71,51,100
g361031594063,521,9,0,0,0,0,0,11
g361031594071,820,4,0,0,0,0,0,0
g361031594072,478,0,5,0,0,0,0,0
g361031594073,790,0,6,0,0,0,0,0
g361031594081,959,0,9,0,0,0,0,0
g361031594082,377,0,0,0,0,0,0,0
g361031594101,435,15,0,0,0,0,0,0
g361031594102,382,300,0,45,0,17,0,0
g361031594103,1166,75,0,33,80,0,0,0
g361031594111,592,0,0,0,0,0,0,0
g361031594112,439,0,0,0,0,8,0,0
g361031594121,247,13,0,0,0,0,0,0
g361031594122,370,327,53,57,0,0,19,0
g361031594123,1138,60,0,0,0,0,0,0
g361031594124,283,0,0,16,35,243,263,74
g361031595051,600,0,0,0,0,0,0,0
g361031595052,699,0,0,0,0,0,0,0
g361031595053,456,0,0,0,0,0,0,0
g361031595054,433,13,0,0,0,0,0,0
g361031595055,577,0,0,0,0,0,0,0
g361031595061,627,37,17,0,15,0,0,52
g361031595062,847,47,18,46,0,0,8,0
g361031595063,423,16,11,0,0,0,0,0
g361031595064,817,12,0,0,0,0,0,0
g361031595081,626,0,6,0,0,0,0,0
g361031595082,564,0,19,0,0,0,40,0
g361031595083,893,0,0,0,0,0,0,0
g361031595084,693,0,0,0,0,0,0,0
g361031595091,442,7,0,0,0,0,0,9
g361031595092,550,0,0,0,0,0,0,0
g361031595093,308,0,0,0,0,0,0,0
g361031595101,1412,17,39,16,61,80,4,3
g361031595102,316,0,0,0,4,0,0,0
g361031595111,588,0,79,0,0,0,0,0
g361031595112,484,2,3,0,0,0,0,6
g361031595113,424,0,0,0,0,0,0,0
g361031595114,658,0,14,0,0,0,0,0
g361031595121,716,5,0,0,0,0,0,0
g361031596011,573,0,0,0,0,0,0,0
g361031596012,216,159,64,68,0,0,0,0
g361031596013,327,0,12,6,0,0,0,0
g361031596014,541,0,0,0,0,0,0,0
g361031596015,606,0,0,14,0,0,0,0
g361031596021,892,33,0,0,0,7,10,0
g361031596022,665,30,0,10,19,49,22,0
g361031697011,527,0,0,0,0,0,0,0
g361031697012,472,0,0,0,0,0,0,0
g361031697013,675,17,0,10,0,0,0,0
g361031697014,533,0,0,0,0,0,0,0
g361031697015,621,11,0,0,0,0,0,0
g361031697031,930,49,22,9,116,10,39,5
g361031697041,341,0,0,0,0,0,0,0
g361031697042,430,0,0,0,0,0,0,0
g361031697043,354,0,40,0,114,127,0,34
g361031697044,51,17,0,0,0,0,0,0
g361031697045,60,0,14,0,76,0,0,0
g361031697046,557,0,0,47,0,0,0,0
g361031698001,547,103,0,20,0,0,0,0
g361031698002,350,0,22,0,0,0,0,0
g361031698003,461,139,0,0,0,0,0,0
g361031698004,249,0,34,45,35,0,0,0
g361031699011,296,0,0,72,0,43,0,0
g361031699012,770,395,47,161,499,162,15,34
g361031699021,584,114,51,0,0,0,0,0
g361031699022,316,12,0,0,0,0,0,0
g361031699023,679,0,51,19,0,0,0,0
g361031699024,407,0,0,0,0,0,0,0
g361031699025,643,0,0,0,0,0,0,0
g361031700011,825,0,0,0,0,0,0,0
g361031700012,873,0,0,0,0,0,0,0
g361031700013,398,0,0,0,0,0,0,0
g361031700014,342,0,0,0,0,0,0,0
g361031700015,794,0,0,0,0,0,0,0
g361031700021,481,0,25,0,0,12,0,0
g361031700022,733,0,0,0,0,0,0,0
g361031700023,673,0,0,0,0,0,0,0
g361031700024,414,0,0,38,0,0,0,0
g361031700025,554,0,0,0,0,10,0,0
g361031701011,342,38,39,85,19,0,0,0
g361031701012,274,11,247,96,44,36,0,0
g361031702011,1013,46,39,0,0,0,0,0
g361031702012,772,0,0,0,0,0,0,0
g361031702013,247,0,0,0,33,0,0,24
g361031702014,514,0,0,0,0,33,0,15
g361031702015,470,0,0,0,21,0,0,0
g361031702016,501,0,15,0,0,17,0,0
g361031702017,322,0,0,0,32,0,0,0
g361031702021,466,13,11,46,20,0,0,9
g361031702022,725,0,19,6,5,0,0,0
g361031702023,953,13,43,5,23,3,0,0
g361031702024,821,0,16,0,0,0,0,0
g361031702025,684,40,56,64,23,71,23,137
g361031803001,1538,17,9,31,58,0,0,0
g361031803002,1231,0,30,0,0,0,0,0
g361031904011,404,0,0,0,0,0,0,0
g361031904012,182,0,36,0,36,0,0,0
g361031904013,170,0,0,0,0,0,0,0
g361031904014,0,0,0,0,0,0,0,0
g361031904015,134,0,18,0,0,23,0,17
g361031904016,559,0,0,0,0,0,0,0
g361031904017,683,0,74,0,0,0,0,0
g361031904021,322,218,84,15,0,0,0,0
g361031904022,710,0,0,0,0,0,0,0
g361031904031,507,0,0,0,14,0,0,0
g361031904032,398,24,27,0,24,0,0,0
g361031904033,496,0,65,39,56,184,9,52
g361031905021,482,11,35,0,10,0,0,0
g361031905022,525,45,11,4,16,21,14,7
g361031905023,1157,30,3,66,99,82,180,158
g361031905031,209,0,0,0,0,0,0,0
g361031905032,316,0,0,29,0,39,33,0
g361031905033,572,0,0,0,0,0,0,0
g361031905034,650,0,0,0,0,0,0,0
g361031905041,821,0,12,7,20,0,64,44
g361031905042,437,0,15,0,0,16,0,0
g361031905043,338,0,6,0,0,0,0,0
g361031906011,742,0,12,4,0,0,0,0
g361031906012,406,0,27,18,32,24,0,9
g361031906013,704,0,0,0,0,0,0,0
g361031906014,377,0,0,0,0,0,0,0
g361031906015,409,0,0,0,0,0,0,0
g361031906016,853,3,0,20,11,0,0,0
g361031906031,562,33,26,12,53,0,0,0
g361031906032,670,20,180,0,20,30,47,0
g361031906033,840,0,33,0,34,0,50,47
g361031906041,939,10,21,0,0,0,0,0
g361031906042,881,0,14,0,16,61,0,0
g361031906043,568,0,0,0,0,69,65,0
g361031907041,662,0,0,6,0,0,0,0
g361031907042,1219,3,11,0,0,0,0,0
g361031907043,635,4,0,0,0,0,0,0
g361031907044,679,0,0,28,0,0,0,0
g361031907045,893,26,0,28,0,26,0,0
g361031907051,101,3,0,0,0,0,0,0
g361031907052,662,57,36,78,61,67,0,0
g361031907053,518,0,24,0,25,0,25,0
g361031907054,737,12,0,0,12,0,0,30
g361031907055,462,0,30,0,0,0,0,0
g361031907061,978,0,33,0,0,0,0,0
g361031907062,801,40,11,12,0,0,0,10
g361031907063,415,0,0,0,0,0,0,0
g361031907064,424,0,0,45,0,0,0,0
g361031907065,396,13,27,0,0,0,0,0
g361031907071,1311,0,0,0,0,0,0,0
g361031907072,874,0,9,0,0,0,0,16
g361031907073,461,0,0,0,0,0,0,0
g361031907074,871,0,3,0,0,0,0,0
g361031907075,750,0,0,0,0,0,0,0
g361031907081,754,4,4,7,0,0,0,0
g361031907082,794,0,118,49,121,0,0,0
g361031908001,518,42,53,18,0,8,30,9
g361031908002,630,12,6,0,0,0,0,0
g361031908003,725,28,75,10,37,0,0,10
g361031908004,838,13,4,0,0,0,0,9
g361032009011,522,12,76,10,0,0,0,0
g361032009012,1248,3,0,0,18,5,0,0
g361032009021,1474,38,0,0,0,0,0,0
g361032009022,614,23,0,10,0,0,0,0
g361032009023,553,0,0,0,0,0,0,0
g361032009024,417,26,45,39,0,0,0,0
g361032009025,980,0,0,0,0,0,0,0
g361032009026,1190,0,0,0,0,0,0,0
g361032009027,847,0,22,0,0,0,0,0
g361032010011,1016,0,50,0,0,0,0,0
g361032010012,627,0,28,0,0,0,0,0
g361032010013,859,0,0,0,0,0,0,0
g361032010014,952,0,0,0,0,0,0,0
g361032010015,976,0,54,0,0,0,0,0
g361032010031,421,0,61,31,62,0,0,19
g361032010032,532,6,7,0,0,0,0,0
g361032010033,406,9,21,0,0,31,107,17
g361032010034,1192,0,33,0,0,6,0,54
g361032010035,668,0,0,59,17,35,11,18
g361032010041,243,10,15,0,0,0,0,0
g361032010042,644,0,37,0,29,30,30,0
g361032010043,431,0,0,0,0,48,72,25
g361032010044,296,0,0,15,24,95,82,44
g361032010045,894,18,0,52,0,83,0,35
g361032010046,841,0,0,0,92,72,107,70
g361032011001,516,4,47,24,0,0,0,0
g361032011002,367,0,0,0,0,34,0,0
g361032011003,0,0,0,0,0,0,0,0
g361032011004,437,0,14,0,0,0,0,0
g361039901000,0,0,0,0,0,0,0,0
