GEOID,B03002_003M,B03002_004M,B03002_012M,B03002_006M
g361031101011,275,11,38,20
g361031101012,259,11,82,59
g361031101021,318,11,186,27
g361031101022,172,11,19,53
g361031101023,265,11,24,41
g361031101024,215,11,45,11
g361031102001,265,11,109,26
g361031102002,208,11,27,26
g361031102003,197,11,144,11
g361031102004,225,11,35,97
g361031102005,417,11,11,11
g361031103001,88,11,46,31
g361031103002,499,11,94,33
g361031103003,179,11,177,42
g361031103004,247,11,52,11
g361031103005,161,11,5,22
g361031104011,196,11,69,11
g361031104012,242,7,137,25
g361031104021,304,11,15,15
g361031104022,260,43,48,115
g361031105011,356,11,43,66
g361031105012,163,11,13,32
g361031105021,221,54,95,63
g361031105022,220,11,64,19
g361031106001,326,11,11,77
g361031106002,406,11,34,181
g361031106003,316,17,22,37
g361031106004,279,11,122,19
g361031106005,222,11,11,65
g361031108011,179,6,53,38
g361031108012,98,11,11,9
g361031108031,286,35,50,71
g361031108032,521,11,125,11
g361031108033,354,11,49,95
g361031108034,377,11,43,34
g361031109011,188,11,370,11
g361031109012,149,11,11,11
g361031109013,246,11,82,11
g361031109021,138,91,352,39
g361031109022,106,114,344,11
g361031109023,233,11,50,15
g361031110011,131,55,159,117
g361031110012,267,28,88,33
g361031110021,89,70,279,11
g361031110022,223,24,101,147
g361031110023,125,279,631,11
g361031110024,179,261,340,33
g361031111001,474,162,943,74
g361031111002,521,27,764,68
g361031111003,313,230,291,141
g361031111004,241,11,454,120
g361031111005,442,11,527,11
g361031112011,142,158,1028,11
g361031112012,303,179,421,11
g361031112013,265,45,23,126
g361031112021,401,331,306,46
g361031112022,113,11,219,11
g361031112023,217,91,206,95
g361031113001,306,25,39,73
g361031113002,224,11,99,12
g361031113003,203,112,11,11
g361031114011,164,28,37,9
g361031114021,330,145,76,37
g361031114022,424,11,112,67
g361031114023,212,11,164,63
g361031114024,231,11,47,89
g361031115031,177,88,24,35
g361031115032,339,620,173,37
g361031115033,225,13,34,46
g361031115041,123,56,47,138
g361031115051,363,250,203,42
g361031115052,137,249,137,59
g361031115053,98,125,328,77
g361031115054,207,352,471,53
g361031115061,232,22,66,142
g361031115062,168,260,219,126
g361031116011,261,82,161,25
g361031116012,289,28,78,29
g361031116021,266,11,53,24
g361031116022,264,112,55,11
g361031117011,240,26,140,11
g361031117012,275,11,195,11
g361031117013,220,11,11,60
g361031117014,278,11,93,14
g361031117015,337,11,122,11
g361031117031,179,11,137,70
g361031117032,210,11,118,68
g361031117041,244,27,48,22
g361031117042,165,11,34,18
g361031117043,207,11,77,11
g361031118011,298,11,2,139
g361031118012,461,11,11,251
g361031118013,437,11,71,152
g361031118014,194,11,108,11
g361031118021,184,11,38,7
g361031118022,175,34,16,32
g361031118031,166,11,165,84
g361031118032,174,142,57,113
g361031118041,170,11,39,131
g361031119001,199,16,68,29
g361031119002,233,11,37,81
g361031119003,164,11,19,11
g361031119004,240,11,112,118
g361031119005,349,16,64,23
g361031120011,251,64,196,96
g361031120012,363,48,99,175
g361031120021,300,78,176,46
g361031120022,197,63,15,11
g361031120023,197,11,161,74
g361031121021,354,33,123,196
g361031121022,290,48,112,37
g361031121031,206,11,55,11
g361031121032,289,61,98,24
g361031121033,306,20,139,32
g361031121041,249,61,67,166
g361031122041,202,11,67,11
g361031122042,251,16,96,20
g361031122043,205,11,102,63
g361031122061,438,177,244,261
g361031122062,352,11,84,11
g361031122063,370,55,181,260
g361031122064,200,11,11,122
g361031122101,338,77,68,151
g361031122102,431,59,53,96
g361031122103,394,93,11,364
g361031122104,496,59,95,103
g361031122111,375,142,174,140
g361031122112,267,157,135,108
g361031122113,258,11,24,20
g361031122121,207,48,11,106
g361031122122,320,167,171,229
g361031122131,326,93,226,153
g361031122132,208,167,84,107
g361031122133,225,174,10,137
g361031122141,487,11,91,264
g361031122142,432,579,21,235
g361031122143,441,17,27,40
g361031122144,259,230,41,146
g361031223001,241,37,280,98
g361031223002,271,77,391,65
g361031224031,172,248,66,68
g361031224032,55,238,114,7
g361031224041,253,89,223,43
g361031224042,256,58,173,11
g361031224051,118,314,167,54
g361031224052,118,207,11,70
g361031224061,115,470,308,11
g361031224062,55,370,330,11
g361031224063,38,330,277,11
g361031225011,52,311,232,31
g361031225012,62,278,311,11
g361031225013,36,300,243,11
g361031225021,90,495,389,11
g361031225022,116,235,141,11
g361031225023,62,287,62,11
g361031226011,232,208,168,117
g361031226012,255,16,209,105
g361031226013,285,84,259,101
g361031226021,298,212,157,109
g361031226022,370,22,110,136
g361031226031,307,234,198,42
g361031226032,444,52,146,11
g361031226033,227,11,57,75
g361031226034,264,143,137,58
g361031227041,70,182,291,11
g361031227042,151,83,50,49
g361031227051,223,42,81,13
g361031227052,155,43,141,70
g361031227061,334,68,91,11
g361031227062,287,153,112,213
g361031227063,143,11,11,56
g361031227071,266,23,137,237
g361031227072,220,11,107,147
g361031228011,314,331,119,187
g361031228012,277,33,277,43
g361031228013,140,80,11,11
g361031228014,267,683,135,136
g361031228021,160,158,153,169
g361031228022,249,74,120,11
g361031229011,463,11,270,72
g361031229012,379,15,51,43
g361031229013,251,11,114,81
g361031229014,324,13,315,73
g361031229021,351,151,169,60
g361031229022,231,9,84,21
g361031229023,374,56,142,11
g361031230011,275,199,254,53
g361031230012,321,149,226,62
g361031230013,385,11,243,48
g361031230014,338,21,217,11
g361031230021,285,40,202,90
g361031230022,154,82,220,11
g361031230023,248,11,173,74
g361031231011,255,26,130,27
g361031231012,253,11,83,43
g361031231013,302,98,254,31
g361031231021,221,96,160,11
g361031231022,293,68,99,49
g361031231023,224,11,142,11
g361031232011,161,111,178,84
g361031232021,23,395,472,11
g361031232022,186,171,65,350
g361031232023,11,443,1193,11
g361031232024,155,467,1068,11
g361031233011,179,431,399,21
g361031233012,52,391,509,102
g361031233013,50,283,65,11
g361031233014,89,458,236,11
g361031233015,11,569,419,11
g361031233016,173,132,486,11
g361031233021,27,216,247,11
g361031234011,252,60,194,83
g361031234012,303,59,302,30
g361031234013,289,11,82,66
g361031234021,440,95,83,71
g361031234022,455,11,192,11
g361031234023,368,192,146,11
g361031234024,110,33,466,70
g361031234025,371,71,129,109
g361031235001,189,405,283,46
g361031235002,287,62,341,18
g361031235003,300,27,378,48
g361031235004,362,61,194,11
g361031236001,201,11,99,72
g361031236002,165,11,43,11
g361031236003,199,11,77,28
g361031237011,302,102,639,11
g361031237012,183,158,558,52
g361031237013,296,79,348,75
g361031237014,95,240,384,11
g361031237021,613,28,975,122
g361031237022,286,170,435,75
g361031237023,263,21,379,61
g361031237024,469,406,167,151
g361031238011,232,32,175,49
g361031238012,477,11,21,11
g361031238013,383,273,79,21
g361031238021,246,11,73,11
g361031238022,307,38,152,11
g361031239001,291,54,263,11
g361031239002,202,11,91,29
g361031239003,200,17,120,27
g361031239004,290,330,236,143
g361031239005,164,11,11,11
g361031240011,388,11,343,94
g361031240012,316,143,200,50
g361031240013,100,17,57,11
g361031240021,279,25,211,15
g361031240022,317,11,99,16
g361031241011,485,2,162,11
g361031241012,359,11,168,11
g361031241013,427,18,229,11
g361031241021,292,11,57,11
g361031241022,328,11,301,11
g361031242001,282,11,246,11
g361031242002,289,11,11,11
g361031242003,237,34,88,2
g361031242004,446,11,104,12
g361031242005,377,11,255,230
g361031243001,353,11,123,217
g361031243002,240,33,237,241
g361031243003,326,75,25,11
g361031243004,420,11,113,11
g361031243005,204,6,6,28
g361031244011,185,14,15,11
g361031244012,288,40,36,11
g361031244013,368,21,234,72
g361031244021,243,11,38,19
g361031244022,321,11,17,11
g361031244023,286,11,11,11
g361031245001,271,39,140,13
g361031245002,201,11,73,11
g361031245003,222,11,32,72
g361031245004,263,29,317,267
g361031246011,183,54,72,11
g361031246012,184,11,24,14
g361031246013,164,11,32,11
g361031246021,180,11,19,11
g361031246022,226,11,90,65
g361031246023,204,16,55,66
g361031246024,167,70,109,11
g361031347021,463,11,252,37
g361031347022,458,68,28,266
g361031347023,179,11,11,11
g361031347024,198,11,101,11
g361031347031,274,11,19,59
g361031347032,217,11,113,11
g361031347033,302,11,22,107
g361031347034,163,11,49,11
g361031347041,215,13,23,19
g361031347042,171,6,11,148
g361031349021,235,11,34,11
g361031349022,246,11,61,17
g361031349023,498,30,81,50
g361031349031,153,174,85,11
g361031349041,442,11,11,138
g361031349042,346,14,80,421
g361031349043,348,66,70,41
g361031349044,241,11,105,25
g361031349061,390,11,179,44
g361031349062,273,11,79,88
g361031349063,286,11,11,11
g361031349064,264,8,4,79
g361031349071,406,86,86,31
g361031349072,428,11,20,44
g361031350021,275,7,11,77
g361031350022,315,11,21,120
g361031350023,314,11,34,11
g361031350031,265,11,46,12
g361031350032,274,11,75,14
g361031350033,184,127,96,25
g361031350041,216,28,11,16
g361031350042,109,11,21,10
g361031350043,87,11,18,28
g361031350051,293,11,62,10
g361031350052,172,23,16,11
g361031350053,263,2,58,57
g361031351011,264,11,43,40
g361031351012,266,236,117,86
g361031351021,183,11,67,37
g361031351022,221,17,261,126
g361031351023,267,11,74,40
g361031351031,333,11,11,34
g361031351032,227,73,98,27
g361031351033,323,11,80,75
g361031351041,255,14,112,51
g361031351042,349,4,34,51
g361031351043,207,11,94,22
g361031352011,155,2,43,68
g361031352041,373,41,111,100
g361031352042,376,11,54,38
g361031352043,242,2,15,37
g361031352051,263,25,229,203
g361031352052,234,11,113,44
g361031352053,223,11,46,53
g361031352081,234,11,21,8
g361031352082,259,16,74,22
g361031352091,269,53,33,49
g361031352092,223,7,180,11
g361031353011,244,11,49,11
g361031353012,309,78,43,3
g361031353013,272,24,11,127
g361031353031,508,117,173,129
g361031353032,310,11,84,76
g361031353041,219,48,106,27
g361031353042,97,11,11,20
g361031354011,286,11,158,184
g361031354012,498,30,40,61
g361031354013,615,266,34,385
g361031354021,442,11,300,138
g361031354022,519,12,162,110
g361031354023,264,25,24,11
g361031354024,324,11,11,11
g361031354031,271,155,35,68
g361031354032,332,41,98,14
g361031354033,245,6,168,74
g361031456021,90,224,406,81
g361031456022,112,318,365,66
g361031456023,178,152,486,11
g361031456031,120,204,774,266
g361031456032,28,197,406,30
g361031456033,131,157,628,15
g361031456041,161,99,656,108
g361031456042,109,124,584,11
g361031456051,128,73,267,92
g361031456052,140,317,319,58
g361031457011,193,19,89,54
g361031457012,310,11,215,56
g361031457013,236,87,216,143
g361031457014,346,45,190,41
g361031457021,41,23,540,11
g361031457022,213,162,465,11
g361031457023,309,94,750,191
g361031457031,110,81,392,127
g361031457032,257,186,701,57
g361031457033,176,250,588,138
g361031457041,275,287,691,168
g361031457042,141,237,125,296
g361031457043,341,639,899,124
g361031457044,129,270,138,255
g361031458031,324,11,80,158
g361031458032,364,37,114,60
g361031458033,388,11,122,11
g361031458041,166,97,150,106
g361031458042,172,41,115,174
g361031458051,214,11,71,96
g361031458052,313,11,125,11
g361031458053,359,5,5,11
g361031458054,374,80,130,78
g361031458071,269,92,148,53
g361031458072,303,29,201,37
g361031458081,307,154,93,37
g361031458082,232,11,113,77
g361031459011,178,119,656,11
g361031459012,221,337,234,47
g361031459021,204,509,609,11
g361031459022,213,149,592,11
g361031459023,153,227,402,100
g361031459024,80,352,907,31
g361031459031,255,156,449,99
g361031459032,300,223,124,53
g361031459033,213,307,247,11
g361031459034,265,247,353,99
g361031460011,153,391,624,11
g361031460012,192,298,504,11
g361031460021,132,185,546,60
g361031460022,88,260,426,121
g361031460023,30,102,717,96
g361031460031,257,87,752,52
g361031460032,109,302,868,115
g361031460033,289,362,727,48
g361031460034,251,155,221,580
g361031461021,222,204,268,48
g361031461031,233,11,63,11
g361031461032,311,70,382,126
g361031461051,117,157,250,11
g361031461052,235,265,604,63
g361031461053,250,214,499,11
g361031461061,188,178,546,183
g361031461062,107,252,365,34
g361031462011,209,210,467,11
g361031462012,111,133,468,16
g361031462021,26,352,601,11
g361031462022,106,292,565,11
g361031462031,185,244,543,86
g361031462032,97,203,334,50
g361031462033,234,210,721,11
g361031462041,177,283,516,13
g361031462042,176,268,531,79
g361031462043,54,108,540,11
g361031462051,193,74,109,11
g361031462052,253,11,73,11
g361031462061,113,175,194,22
g361031462062,207,15,151,83
g361031463001,168,136,69,14
g361031463002,174,93,67,65
g361031464021,377,10,188,13
g361031464022,235,15,87,11
g361031464023,252,2,128,264
g361031464031,130,321,405,109
g361031464032,83,283,340,11
g361031464033,89,250,473,92
g361031464041,114,195,589,9
g361031464042,159,146,273,2
g361031465001,199,11,78,33
g361031465002,237,11,114,11
g361031465003,262,39,205,96
g361031465004,262,46,184,16
g361031466041,173,173,84,223
g361031466042,241,11,119,102
g361031466043,181,11,82,136
g361031466051,147,11,147,9
g361031466061,303,11,65,11
g361031466062,411,11,89,14
g361031466063,477,11,176,11
g361031466064,548,11,196,11
g361031466071,181,34,119,20
g361031466072,302,52,85,169
g361031466081,296,28,134,96
g361031466082,262,11,27,21
g361031466111,250,11,135,93
g361031466112,244,16,95,11
g361031466121,337,11,114,42
g361031466122,347,16,216,2
g361031466123,333,11,193,69
g361031466131,231,11,146,11
g361031466132,388,34,268,61
g361031466141,367,55,131,137
g361031466142,286,11,43,24
g361031466143,336,11,438,40
g361031466151,265,81,105,85
g361031466152,306,48,51,13
g361031466153,298,55,185,149
g361031467031,270,315,354,51
g361031467032,205,121,288,22
g361031467041,153,11,111,65
g361031467051,229,20,173,11
g361031467052,229,11,111,11
g361031467061,181,56,96,17
g361031467062,168,11,77,11
g361031468001,403,11,70,109
g361031468002,389,11,27,11
g361031468003,292,11,11,11
g361031468004,214,11,11,11
g361031469011,325,11,103,155
g361031469012,304,11,216,11
g361031469013,183,11,69,11
g361031469014,179,11,79,11
g361031469021,302,11,31,19
g361031469022,470,11,25,11
g361031469023,190,11,17,104
g361031470011,234,11,26,11
g361031470012,191,11,11,36
g361031470013,331,11,171,19
g361031470031,267,50,297,68
g361031470032,237,91,427,93
g361031470033,236,6,80,31
g361031470041,72,11,12,5
g361031471001,153,14,22,91
g361031471002,141,10,54,14
g361031471003,132,11,87,8
g361031472001,248,423,878,206
g361031472002,143,38,158,11
g361031472003,264,126,428,11
g361031472004,194,268,125,29
g361031472005,258,88,142,11
g361031473001,271,76,511,11
g361031473002,333,62,75,11
g361031473003,249,234,311,163
g361031473004,113,587,336,11
g361031473005,109,211,513,11
g361031473006,277,62,294,11
g361031474011,358,40,81,49
g361031474012,236,41,153,29
g361031474013,275,477,434,11
g361031474014,215,132,98,47
g361031474021,148,11,59,11
g361031474022,201,11,57,65
g361031474023,158,11,77,17
g361031475011,351,11,133,11
g361031475012,496,11,137,11
g361031475013,176,11,279,11
g361031475014,372,11,43,11
g361031475015,621,2,91,11
g361031475016,331,97,147,11
g361031475021,261,6,49,27
g361031475022,281,11,11,11
g361031475023,347,11,102,22
g361031475024,427,11,52,11
g361031475025,226,11,57,47
g361031475031,260,3,50,68
g361031476011,192,31,177,19
g361031476012,220,11,53,11
g361031476021,366,58,18,57
g361031476022,322,11,114,25
g361031476023,225,7,23,280
g361031476024,326,9,109,11
g361031477011,252,19,75,75
g361031477012,166,11,67,50
g361031477021,257,11,51,39
g361031477022,199,11,60,51
g361031477023,322,11,175,7
g361031477024,227,11,17,11
g361031478021,198,11,99,11
g361031478022,284,2,89,11
g361031478023,213,11,109,11
g361031478031,207,11,97,11
g361031478032,172,60,66,34
g361031478041,336,11,25,33
g361031478042,244,11,70,11
g361031478043,252,7,45,38
g361031478044,196,15,8,11
g361031479011,320,11,92,25
g361031479012,153,20,46,11
g361031479013,365,89,113,42
g361031479021,177,11,11,38
g361031479022,345,11,79,11
g361031479023,333,14,227,35
g361031479024,234,11,13,11
g361031580011,124,11,17,56
g361031580012,123,11,21,47
g361031580013,149,11,18,28
g361031580014,217,11,73,39
g361031580015,94,36,74,30
g361031580021,269,11,126,46
g361031580022,161,5,197,81
g361031580023,414,108,11,106
g361031580024,402,11,91,44
g361031580025,248,11,11,34
g361031580026,327,11,11,41
g361031580061,362,11,129,239
g361031580062,363,111,232,192
g361031580063,341,7,26,191
g361031580064,170,62,71,42
g361031580071,185,77,80,288
g361031580072,196,28,32,103
g361031580073,106,30,53,84
g361031580074,358,137,137,297
g361031580091,208,11,11,56
g361031580092,190,11,72,60
g361031580101,269,81,102,156
g361031580102,238,11,11,181
g361031580103,172,11,11,41
g361031580111,234,119,61,55
g361031580112,303,11,14,126
g361031580113,234,11,29,20
g361031581021,363,60,329,199
g361031581022,344,61,238,41
g361031581031,380,212,262,56
g361031581032,241,171,232,52
g361031581041,341,168,102,190
g361031581042,255,11,150,24
g361031581043,372,73,95,40
g361031581071,233,11,149,55
g361031581072,303,14,278,70
g361031581081,270,37,106,247
g361031581101,332,11,236,45
g361031581102,414,11,91,93
g361031581111,220,67,128,11
g361031581112,216,44,143,41
g361031581121,328,112,183,111
g361031581122,340,11,339,158
g361031581141,284,28,218,24
g361031581151,546,26,123,166
g361031581152,358,538,136,158
g361031581153,463,11,68,11
g361031581161,184,93,68,199
g361031581162,144,28,77,98
g361031582021,388,11,540,11
g361031582022,590,142,598,94
g361031582023,351,22,251,116
g361031582024,381,11,127,21
g361031582025,495,11,270,198
g361031582031,141,33,24,96
g361031582051,176,11,21,20
g361031582052,176,11,88,17
g361031582061,244,15,72,19
g361031582062,254,51,51,35
g361031582063,240,11,188,40
g361031582071,153,11,21,27
g361031582072,278,24,152,90
g361031582073,142,17,27,35
g361031582074,225,35,83,81
g361031583041,395,11,42,11
g361031583042,336,6,570,38
g361031583043,460,11,119,21
g361031583044,317,11,11,11
g361031583061,405,64,155,41
g361031583062,251,11,19,175
g361031583063,327,11,321,12
g361031583081,553,11,132,128
g361031583082,510,170,360,72
g361031583083,497,13,424,19
g361031583084,444,11,304,11
g361031583091,404,275,162,92
g361031583092,232,88,257,34
g361031583101,211,187,99,62
g361031583102,344,26,72,48
g361031583151,317,120,101,10
g361031583152,308,130,234,107
g361031583171,455,11,178,147
g361031583172,408,11,378,43
g361031583173,391,11,318,11
g361031583181,427,14,32,17
g361031583182,212,11,161,11
g361031583183,282,11,57,11
g361031583191,340,285,123,16
g361031583192,187,56,46,164
g361031583193,253,29,139,51
g361031583201,389,11,140,91
g361031583202,420,11,105,71
g361031583203,208,11,112,11
g361031583204,422,61,11,11
g361031583211,432,264,381,888
g361031583212,302,129,246,133
g361031583213,364,11,307,11
g361031583214,607,244,255,253
g361031583221,255,224,41,138
g361031583231,428,8,140,11
g361031583232,391,11,105,11
g361031583233,465,39,120,44
g361031583234,411,87,11,203
g361031584011,139,11,79,28
g361031584021,297,13,147,43
g361031584022,97,11,36,11
g361031584023,277,11,154,28
g361031584031,190,55,109,9
g361031584032,150,93,71,61
g361031584051,320,11,122,76
g361031584052,226,11,137,11
g361031584053,265,11,85,70
g361031584071,311,10,112,11
g361031584072,469,11,359,11
g361031584073,448,11,34,11
g361031584074,495,11,94,11
g361031584081,357,11,205,11
g361031584082,279,11,104,11
g361031584091,418,158,96,180
g361031584092,464,26,22,11
g361031584093,315,11,128,11
g361031584101,247,11,11,11
g361031584102,233,32,11,11
g361031584103,268,47,11,11
g361031585021,298,11,140,12
g361031585022,298,14,92,11
g361031585023,200,29,72,11
g361031585051,491,73,261,77
g361031585052,231,11,33,11
g361031585053,106,33,113,71
g361031585061,228,6,303,24
g361031585062,153,7,13,6
g361031585071,191,11,128,87
g361031585072,194,55,177,96
g361031585073,401,27,177,100
g361031585081,226,11,305,11
g361031585082,302,104,174,70
g361031585083,351,11,95,11
g361031585084,188,3,3,46
g361031585085,290,41,138,11
g361031585091,257,136,46,13
g361031585092,251,87,200,58
g361031585093,326,79,426,125
g361031585101,519,11,185,35
g361031585102,264,283,286,83
g361031585103,594,2,137,87
g361031585104,372,11,157,11
g361031585111,332,61,121,26
g361031585112,435,56,247,68
g361031585113,322,64,471,63
g361031585121,313,11,93,118
g361031585122,253,61,441,30
g361031586041,304,11,206,90
g361031586042,328,9,60,11
g361031586043,325,54,210,149
g361031586051,345,128,220,136
g361031586052,329,92,135,90
g361031586061,285,25,68,11
g361031586062,265,6,179,11
g361031586063,255,11,176,212
g361031586071,276,29,175,43
g361031586072,259,167,229,63
g361031586081,223,19,92,30
g361031586082,225,11,79,155
g361031586083,297,4,96,122
g361031586091,342,42,188,148
g361031586092,346,11,32,20
g361031586093,197,162,153,39
g361031587041,394,11,315,29
g361031587042,342,11,49,11
g361031587043,572,88,139,89
g361031587044,261,391,482,21
g361031587045,255,32,11,11
g361031587051,147,283,133,11
g361031587052,198,298,276,81
g361031587053,51,317,266,27
g361031587071,195,50,235,81
g361031587081,136,86,19,11
g361031587082,330,152,110,217
g361031587083,203,268,170,11
g361031587091,178,22,177,11
g361031587101,272,209,28,24
g361031587102,198,11,40,11
g361031587103,364,11,278,4
g361031587104,9,11,11,20
g361031587111,355,37,81,111
g361031587112,247,61,56,119
g361031587113,293,445,425,453
g361031587121,353,213,345,11
g361031587122,435,109,226,11
g361031587123,324,20,193,50
g361031587124,469,42,235,11
g361031587125,470,196,395,11
g361031588021,345,11,170,36
g361031588022,273,11,47,11
g361031588023,252,11,11,12
g361031588031,305,196,273,11
g361031588032,236,7,461,11
g361031588033,364,166,139,84
g361031588034,213,80,49,11
g361031588041,533,301,243,58
g361031588042,355,18,104,11
g361031588043,337,11,316,106
g361031588044,391,11,68,11
g361031588045,278,11,280,11
g361031588046,316,11,191,38
g361031589001,262,85,440,11
g361031589002,209,244,753,11
g361031589003,279,11,134,11
g361031589004,245,78,110,11
g361031589005,330,132,68,23
g361031590001,241,92,288,11
g361031590002,238,141,299,11
g361031590003,202,107,130,11
g361031591021,319,8,165,2
g361031591022,406,11,333,11
g361031591023,339,265,69,11
g361031591024,269,221,282,184
g361031591025,154,87,84,48
g361031591031,117,106,227,11
g361031591032,107,242,243,180
g361031591033,196,337,583,11
g361031591034,75,391,418,104
g361031591051,397,115,204,214
g361031591052,365,71,226,49
g361031591053,410,266,378,157
g361031591054,405,71,200,11
g361031591061,225,190,176,100
g361031591062,304,183,286,134
g361031591063,292,82,139,21
g361031591071,254,11,136,20
g361031591072,275,11,74,11
g361031591073,332,11,59,17
g361031591081,320,25,317,92
g361031591082,385,77,719,11
g361031591083,437,25,42,11
g361031591084,221,230,189,11
g361031591085,384,11,267,193
g361031592011,285,11,231,11
g361031592012,310,36,471,11
g361031592031,279,55,108,11
g361031592032,508,208,11,11
g361031592033,427,29,129,23
g361031592041,133,72,146,11
g361031592042,186,33,173,11
g361031592043,434,20,37,11
g361031592044,198,19,24,11
g361031593001,116,11,30,8
g361031593002,142,22,25,43
g361031594041,386,184,81,146
g361031594042,250,100,51,30
g361031594043,424,134,894,107
g361031594044,401,239,364,11
g361031594045,211,31,463,448
g361031594061,285,35,28,84
g361031594062,236,72,149,11
g361031594063,291,11,278,19
g361031594071,304,145,406,199
g361031594072,226,55,205,164
g361031594073,401,17,135,76
g361031594081,315,235,222,128
g361031594082,215,90,151,62
g361031594101,542,11,11,11
g361031594102,317,202,26,11
g361031594103,752,111,281,80
g361031594111,308,178,115,11
g361031594112,272,11,98,80
g361031594121,332,14,11,11
g361031594122,499,11,29,18
g361031594123,585,94,196,20
g361031594124,401,69,63,11
g361031595051,433,11,323,11
g361031595052,375,610,11,11
g361031595053,364,26,165,117
g361031595054,362,67,440,91
g361031595055,359,153,642,11
g361031595061,311,268,514,11
g361031595062,455,439,205,11
g361031595063,277,229,204,415
g361031595064,510,148,183,221
g361031595081,436,239,262,11
g361031595082,330,11,330,11
g361031595083,464,23,438,11
g361031595084,419,320,445,2
g361031595091,217,15,90,11
g361031595092,301,11,24,58
g361031595093,249,244,161,11
g361031595101,49,14,45,10
g361031595102,6,11,11,5
g361031595111,537,47,416,11
g361031595112,420,24,157,83
g361031595113,354,305,103,91
g361031595114,527,143,186,11
g361031595121,293,446,127,11
g361031596011,464,23,11,11
g361031596012,155,11,19,34
g361031596013,384,11,112,20
g361031596014,431,24,11,11
g361031596015,516,14,32,11
g361031596021,411,70,57,11
g361031596022,440,15,119,27
g361031697011,356,49,72,11
g361031697012,418,14,66,11
g361031697013,465,73,350,61
g361031697014,373,11,94,11
g361031697015,451,11,73,11
g361031697031,183,19,15,27
g361031697041,156,11,163,11
g361031697042,444,11,11,70
g361031697043,349,130,500,61
g361031697044,249,11,11,11
g361031697045,150,103,59,11
g361031697046,321,60,11,60
g361031698001,304,89,529,11
g361031698002,200,265,330,22
g361031698003,183,16,654,17
g361031698004,253,185,452,11
g361031699011,626,130,325,11
g361031699012,473,693,167,321
g361031699021,555,11,195,11
g361031699022,505,52,350,11
g361031699023,493,11,11,11
g361031699024,135,21,11,11
g361031699025,478,189,321,11
g361031700011,438,11,11,11
g361031700012,377,125,25,31
g361031700013,218,11,180,11
g361031700014,235,6,6,26
g361031700015,389,11,48,11
g361031700021,149,11,11,11
g361031700022,250,29,50,11
g361031700023,243,11,11,11
g361031700024,365,165,15,11
g361031700025,181,11,40,83
g361031701011,169,69,141,11
g361031701012,181,108,297,2
g361031702011,361,11,11,38
g361031702012,362,11,11,11
g361031702013,247,11,93,11
g361031702014,280,11,11,11
g361031702015,180,11,11,19
g361031702016,439,11,55,11
g361031702017,217,11,11,11
g361031702021,200,11,152,11
g361031702022,120,11,11,11
g361031702023,163,11,52,6
g361031702024,128,6,24,3
g361031702025,198,29,24,11
g361031803001,344,3,11,7
g361031803002,283,11,196,11
g361031904011,339,253,176,11
g361031904012,109,168,278,18
g361031904013,153,73,214,11
g361031904014,264,283,122,11
g361031904015,236,335,306,11
g361031904016,350,57,136,114
g361031904017,353,197,878,164
g361031904021,207,46,265,81
g361031904022,203,12,134,11
g361031904031,188,11,269,19
g361031904032,158,19,255,17
g361031904033,252,11,616,11
g361031905021,199,11,101,11
g361031905022,156,30,73,5
g361031905023,140,11,24,21
g361031905031,202,11,106,20
g361031905032,191,53,231,162
g361031905033,205,11,49,11
g361031905034,146,11,35,11
g361031905041,188,11,7,11
g361031905042,158,2,3,11
g361031905043,212,11,11,16
g361031906011,141,58,17,21
g361031906012,323,11,18,11
g361031906013,276,11,30,11
g361031906014,293,11,115,23
g361031906015,208,11,11,11
g361031906016,149,11,5,11
g361031906031,187,11,324,11
g361031906032,301,170,475,11
g361031906033,239,11,336,14
g361031906041,343,11,179,37
g361031906042,276,31,369,11
g361031906043,152,11,170,64
g361031907041,395,11,296,62
g361031907042,101,17,86,11
g361031907043,113,18,11,11
g361031907044,125,13,124,15
g361031907045,240,11,42,11
g361031907051,9,10,11,16
g361031907052,256,11,252,102
g361031907053,107,21,48,11
g361031907054,324,11,137,11
g361031907055,185,21,235,50
g361031907061,211,11,30,54
g361031907062,302,16,160,47
g361031907063,194,11,39,47
g361031907064,155,11,121,11
g361031907065,249,247,104,43
g361031907071,301,11,74,28
g361031907072,177,11,588,49
g361031907073,153,11,82,70
g361031907074,275,11,72,213
g361031907075,262,11,11,9
g361031907081,160,11,13,7
g361031907082,167,40,219,31
g361031908001,222,261,2,11
g361031908002,208,298,84,35
g361031908003,200,4,72,11
g361031908004,183,35,57,76
g361032009011,128,11,98,11
g361032009012,103,11,11,8
g361032009021,341,89,254,36
g361032009022,220,11,107,11
g361032009023,329,11,351,11
g361032009024,200,11,229,11
g361032009025,196,5,76,5
g361032009026,467,11,119,452
g361032009027,204,140,128,11
g361032010011,293,11,242,11
g361032010012,289,27,92,11
g361032010013,229,17,300,11
g361032010014,281,60,11,11
g361032010015,364,95,531,11
g361032010031,149,157,553,11
g361032010032,264,23,11,11
g361032010033,109,11,11,11
g361032010034,212,23,85,11
g361032010035,172,25,210,11
g361032010041,96,25,11,11
g361032010042,205,27,105,58
g361032010043,235,15,15,14
g361032010044,214,55,42,36
g361032010045,303,26,51,11
g361032010046,258,17,11,11
g361032011001,152,123,782,69
g361032011002,223,206,406,49
g361032011003,158,130,51,11
g361032011004,90,188,627,281
g361039901000,11,11,11,11
