GEOID,B03002_001E,B03002_003E,B03002_004E,B03002_012E,B03002_006E
g361031101011,1463,1374,0,48,41
g361031101012,2221,2047,0,64,80
g361031101021,1874,1685,0,146,21
g361031101022,1064,941,0,15,74
g361031101023,992,937,0,28,27
g361031101024,1111,1073,0,38,0
g361031102001,1158,1055,0,85,18
g361031102002,640,607,0,17,16
g361031102003,656,560,0,96,0
g361031102004,1345,1209,0,32,104
g361031102005,1031,1031,0,0,0
g361031103001,610,544,0,37,29
g361031103002,1582,1489,0,71,22
g361031103003,943,754,0,151,28
g361031103004,1191,1138,0,46,0
g361031103005,831,786,0,3,20
g361031104011,861,789,0,63,0
g361031104012,2019,1783,5,204,20
g361031104021,1682,1648,0,11,8
g361031104022,1454,1310,31,30,83
g361031105011,2581,2471,0,41,50
g361031105012,691,662,0,9,20
g361031105021,1450,1244,37,97,55
g361031105022,1421,1326,0,47,12
g361031106001,1723,1624,0,0,68
g361031106002,1822,1650,0,28,123
g361031106003,1988,1897,8,13,34
g361031106004,1224,1118,0,94,12
g361031106005,660,617,0,0,43
g361031108011,1374,1215,4,65,55
g361031108012,576,544,0,9,9
g361031108031,1270,1126,39,52,53
g361031108032,2265,2113,0,152,0
g361031108033,1171,1061,0,30,80
g361031108034,1104,1030,0,46,28
g361031109011,947,682,0,265,0
g361031109012,430,430,0,0,0
g361031109013,1362,1235,0,91,0
g361031109021,1134,420,115,575,24
g361031109022,1465,148,480,746,7
g361031109023,1270,1207,0,54,9
g361031110011,1147,699,60,192,146
g361031110012,1121,962,32,105,22
g361031110021,602,196,61,301,0
g361031110022,985,719,23,106,137
g361031110023,2651,154,546,1951,0
g361031110024,1464,631,190,542,36
g361031111001,3030,930,171,1886,43
g361031111002,2138,978,17,1066,57
g361031111003,1089,437,181,328,97
g361031111004,1795,566,0,1113,101
g361031111005,1060,698,0,362,0
g361031112011,2064,252,154,1607,0
g361031112012,1676,779,126,771,0
g361031112013,844,707,41,14,82
g361031112021,2476,1697,280,434,41
g361031112022,594,317,0,277,0
g361031112023,1264,690,64,361,106
g361031113001,1786,1669,16,35,56
g361031113002,1852,1707,0,129,8
g361031113003,1080,978,102,0,0
g361031114011,1290,1187,27,39,7
g361031114021,1683,1498,110,50,25
g361031114022,1671,1510,0,117,44
g361031114023,805,627,0,145,33
g361031114024,955,785,0,39,131
g361031115031,757,619,78,15,31
g361031115032,2293,1064,872,305,33
g361031115033,1498,1310,8,36,37
g361031115041,1430,1093,53,37,187
g361031115051,2849,2270,301,200,42
g361031115052,1054,397,357,167,39
g361031115053,841,139,150,487,65
g361031115054,2026,664,639,635,40
g361031115061,1804,1499,29,64,190
g361031115062,1805,388,668,588,96
g361031116011,1479,1180,60,189,16
g361031116012,2210,2071,22,74,18
g361031116021,1785,1667,0,59,23
g361031116022,1474,1350,89,35,0
g361031117011,819,688,17,114,0
g361031117012,1596,1178,0,418,0
g361031117013,829,635,0,0,194
g361031117014,977,879,0,83,8
g361031117015,1558,1452,0,106,0
g361031117031,899,652,0,158,79
g361031117032,2242,1978,0,159,57
g361031117041,1160,1087,25,33,15
g361031117042,935,857,0,31,12
g361031117043,1054,975,0,79,0
g361031118011,918,789,0,2,127
g361031118012,1554,1444,0,0,108
g361031118013,2515,2344,0,50,121
g361031118014,807,694,0,113,0
g361031118021,1785,1716,0,43,5
g361031118022,1103,1039,28,11,21
g361031118031,1512,1216,0,213,73
g361031118032,1163,902,89,57,115
g361031118041,2322,2103,0,44,175
g361031119001,1165,1047,8,64,26
g361031119002,862,787,0,25,50
g361031119003,736,720,0,16,0
g361031119004,1182,905,0,80,197
g361031119005,1179,1100,10,44,15
g361031120011,1695,1281,47,254,113
g361031120012,2889,2290,33,176,355
g361031120021,2160,1820,69,215,38
g361031120022,1203,1153,39,10,0
g361031120023,1515,1219,19,162,95
g361031121021,2520,2021,22,114,344
g361031121022,1421,1269,32,77,37
g361031121031,976,931,0,45,0
g361031121032,1841,1571,46,96,16
g361031121033,1657,1458,20,153,26
g361031121041,2491,1754,38,112,329
g361031122041,1297,1230,0,67,0
g361031122042,1132,1007,10,102,13
g361031122043,1398,1197,0,120,58
g361031122061,3139,2139,111,450,439
g361031122062,1833,1734,0,65,0
g361031122063,2670,2158,36,153,252
g361031122064,488,367,0,0,106
g361031122101,1108,924,46,60,78
g361031122102,2096,1872,81,63,46
g361031122103,2272,1594,58,7,597
g361031122104,1810,1560,72,66,81
g361031122111,2285,1789,92,226,170
g361031122112,1513,1165,110,141,97
g361031122113,959,910,0,15,13
g361031122121,922,693,30,0,170
g361031122122,2373,1613,220,162,352
g361031122131,2593,1846,105,268,329
g361031122132,1225,823,172,124,106
g361031122133,1381,1007,157,5,183
g361031122141,993,704,0,57,232
g361031122142,2900,2041,559,10,257
g361031122143,2505,2419,15,32,24
g361031122144,873,526,176,27,144
g361031223001,1903,1093,50,494,148
g361031223002,2556,1547,54,780,81
g361031224031,1412,478,688,88,105
g361031224032,1066,67,786,151,5
g361031224041,2250,1655,89,406,43
g361031224042,1392,1061,46,285,0
g361031224051,2892,280,2112,428,72
g361031224052,907,447,308,0,111
g361031224061,1575,142,1042,358,0
g361031224062,1963,39,1237,645,0
g361031224063,1930,37,1214,597,0
g361031225011,1130,51,656,320,26
g361031225012,1362,93,933,336,0
g361031225013,1380,36,1082,262,0
g361031225021,2940,102,2065,761,0
g361031225022,703,48,487,168,0
g361031225023,979,21,875,74,0
g361031226011,2066,1180,195,431,223
g361031226012,1660,1125,10,348,141
g361031226013,1922,1304,149,301,104
g361031226021,2504,1884,224,253,103
g361031226022,2438,1999,15,154,245
g361031226031,1454,983,201,244,26
g361031226032,2149,1865,52,232,0
g361031226033,829,697,0,72,60
g361031226034,1452,1035,107,232,78
g361031227041,781,93,410,268,0
g361031227042,1275,1070,62,57,65
g361031227051,1620,1490,35,83,12
g361031227052,1103,587,53,239,224
g361031227061,891,766,43,82,0
g361031227062,2218,1465,156,283,305
g361031227063,447,364,0,0,32
g361031227071,1902,1406,21,194,236
g361031227072,1296,1014,0,134,137
g361031228011,1570,737,564,123,133
g361031228012,1430,977,28,398,27
g361031228013,628,574,54,0,0
g361031228014,2320,196,1802,119,203
g361031228021,2098,978,542,313,140
g361031228022,2016,1749,63,192,0
g361031229011,2615,2090,0,382,44
g361031229012,1182,1098,9,34,10
g361031229013,1157,1030,0,76,51
g361031229014,1445,945,8,441,51
g361031229021,1761,1380,126,176,45
g361031229022,1364,1221,4,112,19
g361031229023,1549,1269,49,158,0
g361031230011,1944,1000,153,353,43
g361031230012,1313,885,54,304,53
g361031230013,1506,912,0,460,37
g361031230014,1368,1051,14,269,0
g361031230021,2048,1616,32,298,93
g361031230022,1141,611,79,307,0
g361031230023,1454,1079,0,261,93
g361031231011,1308,1105,19,148,16
g361031231012,565,483,0,55,27
g361031231013,1705,1177,60,387,20
g361031231021,1250,930,62,258,0
g361031231022,1633,1374,81,142,29
g361031231023,803,633,0,170,0
g361031232011,1930,621,612,559,115
g361031232021,1826,14,1374,424,0
g361031232022,1104,521,282,60,219
g361031232023,3180,0,1313,1855,0
g361031232024,3273,141,1681,1349,0
g361031233011,1378,319,598,402,13
g361031233012,1766,125,1113,391,137
g361031233013,759,32,669,58,0
g361031233014,1207,61,854,234,0
g361031233015,2161,0,1349,803,0
g361031233016,1220,200,80,940,0
g361031233021,1674,25,919,562,0
g361031234011,1289,834,49,234,75
g361031234012,1670,812,56,735,29
g361031234013,1287,1106,0,106,59
g361031234021,1718,1454,79,65,28
g361031234022,1679,1439,0,240,0
g361031234023,1176,887,158,131,0
g361031234024,762,243,30,445,44
g361031234025,1753,1265,73,226,145
g361031235001,1848,435,772,611,29
g361031235002,1266,712,53,391,10
g361031235003,1430,1062,17,307,44
g361031235004,1797,1357,56,269,0
g361031236001,1273,1116,0,96,61
g361031236002,825,796,0,29,0
g361031236003,1172,1009,0,94,31
g361031237011,2080,799,97,1184,0
g361031237012,1630,290,138,1174,28
g361031237013,1668,791,130,678,69
g361031237014,1428,146,465,817,0
g361031237021,3187,1566,13,1543,60
g361031237022,2023,1057,159,750,50
g361031237023,1225,794,12,370,38
g361031237024,1821,1112,383,189,137
g361031238011,990,782,19,130,29
g361031238012,984,970,0,14,0
g361031238013,2173,1835,217,90,23
g361031238021,1402,1257,0,145,0
g361031238022,1916,1660,24,232,0
g361031239001,1533,1178,34,321,0
g361031239002,879,780,0,78,21
g361031239003,775,658,11,88,18
g361031239004,1567,991,257,212,100
g361031239005,447,447,0,0,0
g361031240011,2378,1820,0,497,61
g361031240012,1849,1383,114,293,35
g361031240013,325,263,11,51,0
g361031240021,1488,1189,17,212,10
g361031240022,2043,1893,0,108,11
g361031241011,2320,1940,1,379,0
g361031241012,1375,1175,0,185,0
g361031241013,1445,1271,11,163,0
g361031241021,1398,1332,0,66,0
g361031241022,1951,1536,0,309,0
g361031242001,1155,905,0,250,0
g361031242002,858,858,0,0,0
g361031242003,540,460,24,55,1
g361031242004,1630,1554,0,64,2
g361031242005,1347,846,0,259,242
g361031243001,1225,930,0,102,175
g361031243002,1646,987,21,458,161
g361031243003,1383,1281,51,16,0
g361031243004,1631,1476,0,155,0
g361031243005,602,541,5,2,18
g361031244011,631,613,9,9,0
g361031244012,960,911,26,23,0
g361031244013,2411,1842,22,447,75
g361031244021,2081,2003,0,37,13
g361031244022,1044,1034,0,10,0
g361031244023,630,630,0,0,0
g361031245001,1165,1034,25,97,9
g361031245002,998,888,0,110,0
g361031245003,1355,918,0,33,90
g361031245004,1831,1194,25,319,285
g361031246011,1019,885,33,83,0
g361031246012,902,863,0,16,16
g361031246013,766,712,0,28,0
g361031246021,617,605,0,12,0
g361031246022,1256,1057,0,95,63
g361031246023,1520,1365,10,69,76
g361031246024,748,535,44,169,0
g361031347021,1966,1613,0,306,23
g361031347022,2390,2074,41,18,199
g361031347023,628,628,0,0,0
g361031347024,797,702,0,95,0
g361031347031,1196,1105,0,13,54
g361031347032,1044,939,0,105,0
g361031347033,1238,1082,0,15,115
g361031347034,607,569,0,38,0
g361031347041,1504,1468,9,16,11
g361031347042,1058,910,3,8,137
g361031349021,1170,1124,0,31,7
g361031349022,1144,1046,0,56,10
g361031349023,2558,2372,41,86,17
g361031349031,1297,1089,117,91,0
g361031349041,1720,1586,0,0,134
g361031349042,1850,1447,11,83,309
g361031349043,1965,1712,31,131,62
g361031349044,1198,1053,0,94,17
g361031349061,1738,1465,0,217,28
g361031349062,1079,971,0,51,57
g361031349063,1725,1725,0,0,0
g361031349064,1293,1204,3,2,56
g361031349071,2017,1846,53,95,23
g361031349072,2792,2714,0,13,45
g361031350021,1164,1102,3,0,49
g361031350022,2236,2085,0,12,89
g361031350023,1920,1886,0,34,0
g361031350031,1449,1353,0,38,7
g361031350032,1550,1442,0,82,9
g361031350033,1542,1326,85,116,15
g361031350041,1692,1602,32,20,15
g361031350042,682,630,0,26,9
g361031350043,604,547,0,23,29
g361031350051,1511,1415,0,60,6
g361031350052,1184,1147,23,14,0
g361031350053,718,641,1,43,33
g361031351011,1129,1024,0,46,48
g361031351012,2735,2100,202,164,242
g361031351021,1346,1215,0,45,26
g361031351022,1783,1254,8,337,155
g361031351023,1255,1157,0,73,25
g361031351031,1520,1324,0,0,30
g361031351032,1245,1077,60,92,16
g361031351033,1953,1644,0,99,87
g361031351041,1765,1543,13,176,33
g361031351042,2335,2210,2,38,49
g361031351043,1166,1056,0,80,13
g361031352011,2148,2000,1,30,71
g361031352041,1699,1485,27,116,61
g361031352042,1920,1833,0,59,28
g361031352043,995,962,1,8,24
g361031352051,2318,1576,16,277,414
g361031352052,1436,1323,0,77,36
g361031352053,1234,1141,0,52,41
g361031352081,1441,1407,0,19,5
g361031352082,1585,1459,11,57,20
g361031352091,1762,1608,44,31,58
g361031352092,1241,1051,3,187,0
g361031353011,1919,1886,0,33,0
g361031353012,1307,1209,49,48,1
g361031353013,759,662,15,0,82
g361031353031,2979,2428,88,218,178
g361031353032,1319,1132,0,93,94
g361031353041,2858,2515,42,144,29
g361031353042,529,510,0,0,19
g361031354011,1214,902,0,175,124
g361031354012,2505,2401,18,33,34
g361031354013,3161,2500,175,39,447
g361031354021,2969,2665,0,219,85
g361031354022,2141,1884,7,101,149
g361031354023,832,801,17,14,0
g361031354024,1258,1258,0,0,0
g361031354031,1110,887,100,46,43
g361031354032,2109,1916,31,144,7
g361031354033,1131,816,3,196,82
g361031456021,1696,237,266,1090,81
g361031456022,1510,293,310,835,64
g361031456023,2756,418,229,2109,0
g361031456031,2969,159,519,1892,308
g361031456032,1361,38,310,985,19
g361031456033,2869,181,190,2471,9
g361031456041,3620,361,147,2844,122
g361031456042,1629,115,130,1292,0
g361031456051,1426,370,112,831,63
g361031456052,2322,385,699,1184,45
g361031457011,770,607,9,72,49
g361031457012,1507,1282,0,185,40
g361031457013,1448,807,105,252,244
g361031457014,1690,1468,28,125,32
g361031457021,1210,46,30,1104,0
g361031457022,1822,442,137,1243,0
g361031457023,3319,470,107,2559,162
g361031457031,1088,165,73,724,78
g361031457032,2719,525,263,1862,69
g361031457033,2086,291,384,1158,122
g361031457041,2180,423,267,1415,56
g361031457042,942,194,316,190,225
g361031457043,3246,579,682,1741,151
g361031457044,1068,191,448,141,252
g361031458031,1419,1192,0,66,161
g361031458032,1644,1418,23,155,48
g361031458033,1764,1616,0,148,0
g361031458041,1870,639,479,638,108
g361031458042,1476,865,42,201,236
g361031458051,895,738,0,75,68
g361031458052,1396,1239,0,124,0
g361031458053,1843,1835,4,4,0
g361031458054,1722,1350,48,204,120
g361031458071,2114,1720,72,273,48
g361031458072,2311,2014,18,254,25
g361031458081,2004,1760,79,103,38
g361031458082,1305,1066,0,162,33
g361031459011,1661,527,242,892,0
g361031459012,2262,898,374,842,52
g361031459021,2517,183,1275,950,0
g361031459022,1590,517,157,761,0
g361031459023,1690,312,266,854,63
g361031459024,2676,98,554,1813,19
g361031459031,1569,847,136,508,65
g361031459032,1503,1101,180,155,39
g361031459033,1291,514,357,413,7
g361031459034,1721,787,276,571,81
g361031460011,3273,361,965,1924,0
g361031460012,2659,345,313,1995,0
g361031460021,1942,322,280,1271,44
g361031460022,1345,51,331,856,107
g361031460023,2688,22,118,2267,195
g361031460031,2151,553,122,1424,33
g361031460032,1825,113,520,1027,74
g361031460033,2684,947,823,852,28
g361031460034,1762,771,210,260,513
g361031461021,2274,568,354,1135,69
g361031461031,1345,1277,0,55,0
g361031461032,2475,1812,14,440,195
g361031461051,1114,212,352,473,0
g361031461052,3112,528,414,2104,50
g361031461053,2242,551,285,1339,0
g361031461061,2613,574,272,1566,121
g361031461062,1512,223,343,922,24
g361031462011,2573,373,160,1961,0
g361031462012,2174,280,351,1525,10
g361031462021,2731,23,1149,1524,0
g361031462022,2799,150,767,1846,0
g361031462031,2167,353,298,1457,59
g361031462032,1153,144,479,466,31
g361031462033,2434,359,343,1678,0
g361031462041,2352,411,813,1121,7
g361031462042,2932,414,386,2067,65
g361031462043,1090,40,125,925,0
g361031462051,868,611,51,196,0
g361031462052,1291,1215,0,63,0
g361031462061,1034,205,264,551,14
g361031462062,1713,1376,11,203,95
g361031463001,1156,673,310,105,9
g361031463002,1237,794,155,113,84
g361031464021,2112,1802,6,272,8
g361031464022,1079,1019,9,51,0
g361031464023,942,633,1,125,183
g361031464031,2122,240,677,1111,76
g361031464032,1384,146,598,640,0
g361031464033,1715,151,286,1187,82
g361031464041,2001,402,374,1200,5
g361031464042,2005,716,328,960,1
g361031465001,1288,1190,0,64,18
g361031465002,993,883,0,110,0
g361031465003,1427,989,24,299,82
g361031465004,1424,1203,41,160,10
g361031466041,1425,780,177,100,317
g361031466042,1767,1532,0,165,70
g361031466043,1224,1054,0,82,88
g361031466051,972,651,0,234,6
g361031466061,1646,1605,0,41,0
g361031466062,1965,1872,0,87,6
g361031466063,1693,1564,0,129,0
g361031466064,2427,2003,0,424,0
g361031466071,1104,916,20,134,13
g361031466072,1440,1145,38,122,135
g361031466081,1725,1388,17,202,72
g361031466082,980,954,0,13,13
g361031466111,1912,1565,0,214,83
g361031466112,1450,1305,11,134,0
g361031466121,1081,887,0,150,33
g361031466122,2339,2089,11,231,1
g361031466123,1908,1655,0,185,54
g361031466131,1268,1085,0,183,0
g361031466132,2749,2253,21,428,47
g361031466141,2307,1953,35,180,76
g361031466142,1196,1093,0,43,8
g361031466143,2374,1779,0,571,24
g361031466151,1429,1099,51,107,129
g361031466152,1746,1614,51,62,7
g361031466153,1728,1057,58,371,211
g361031467031,2101,958,371,651,33
g361031467032,1657,945,82,599,13
g361031467041,1823,1598,0,137,83
g361031467051,1769,1542,2,225,0
g361031467052,1800,1650,0,150,0
g361031467061,1100,838,37,158,11
g361031467062,1532,1388,0,112,10
g361031468001,2176,1937,0,153,86
g361031468002,2204,2146,0,23,0
g361031468003,995,985,0,0,0
g361031468004,540,540,0,0,0
g361031469011,2132,1888,0,148,96
g361031469012,1563,1255,0,288,0
g361031469013,820,774,0,46,0
g361031469014,871,777,0,60,0
g361031469021,1718,1674,0,32,12
g361031469022,1375,1340,5,30,0
g361031469023,821,699,0,11,111
g361031470011,964,947,0,17,0
g361031470012,758,735,0,0,23
g361031470013,2584,2383,0,185,16
g361031470031,2030,1436,36,424,64
g361031470032,1680,1141,69,407,47
g361031470033,861,768,3,56,28
g361031470041,243,221,6,11,5
g361031471001,1172,1007,12,34,97
g361031471002,913,816,6,70,13
g361031471003,1032,892,0,134,6
g361031472001,2840,722,555,1417,146
g361031472002,540,277,33,230,0
g361031472003,1407,743,200,412,0
g361031472004,903,571,161,139,17
g361031472005,674,376,93,205,0
g361031473001,1382,351,77,954,0
g361031473002,536,419,51,65,0
g361031473003,1340,526,375,323,116
g361031473004,1666,110,1135,358,0
g361031473005,1299,179,295,807,0
g361031473006,1790,1442,51,295,0
g361031474011,2042,1823,26,65,29
g361031474012,1226,983,35,167,18
g361031474013,2002,1069,486,408,0
g361031474014,688,493,116,52,27
g361031474021,1213,1161,0,52,0
g361031474022,1206,1112,0,43,51
g361031474023,1126,1035,0,71,10
g361031475011,872,768,0,104,0
g361031475012,2170,2019,0,151,0
g361031475013,606,365,0,241,0
g361031475014,709,671,0,38,0
g361031475015,1753,1701,1,51,0
g361031475016,1321,1091,66,164,0
g361031475021,1157,1035,6,41,17
g361031475022,1232,1232,0,0,0
g361031475023,1680,1496,0,133,13
g361031475024,1649,1599,0,50,0
g361031475025,840,700,0,63,40
g361031475031,1636,1521,1,44,70
g361031476011,1240,967,25,210,16
g361031476012,1159,1058,0,70,7
g361031476021,1503,1382,60,11,50
g361031476022,1787,1652,0,119,16
g361031476023,802,586,3,15,198
g361031476024,1060,958,6,96,0
g361031477011,2226,2023,23,80,49
g361031477012,1228,1111,0,67,38
g361031477021,1586,1425,0,73,40
g361031477022,850,721,0,38,36
g361031477023,1518,1389,0,125,4
g361031477024,731,709,0,11,0
g361031478021,894,790,0,104,0
g361031478022,1404,1282,1,106,0
g361031478023,1361,1264,0,97,0
g361031478031,1892,1747,0,145,0
g361031478032,1229,1035,38,82,27
g361031478041,2410,2334,0,22,27
g361031478042,1085,980,0,87,6
g361031478043,1554,1463,6,60,25
g361031478044,1028,1018,7,3,0
g361031479011,1990,1779,0,130,15
g361031479012,834,763,12,51,0
g361031479013,1361,1137,58,99,39
g361031479021,681,639,0,0,34
g361031479022,1076,1024,0,52,0
g361031479023,1432,1232,7,161,32
g361031479024,981,961,0,9,0
g361031580011,919,773,0,26,114
g361031580012,958,799,0,36,83
g361031580013,752,707,0,19,26
g361031580014,982,825,0,71,40
g361031580015,642,381,28,69,30
g361031580021,1174,915,0,105,52
g361031580022,803,595,3,148,57
g361031580023,1482,1306,71,0,100
g361031580024,858,763,0,67,28
g361031580025,759,667,0,0,30
g361031580026,1255,1221,0,0,34
g361031580061,2510,1985,0,150,375
g361031580062,2922,2206,84,271,361
g361031580063,971,804,4,17,146
g361031580064,378,268,40,46,24
g361031580071,2862,976,192,287,1246
g361031580072,1033,564,34,31,318
g361031580073,974,388,55,119,353
g361031580074,4128,1465,519,479,1573
g361031580091,1280,1207,0,11,40
g361031580092,1521,1320,0,108,93
g361031580101,1939,1550,50,66,245
g361031580102,926,792,0,0,134
g361031580103,794,768,0,0,26
g361031580111,1841,1540,116,80,47
g361031580112,2104,1846,0,9,234
g361031580113,775,716,0,24,12
g361031581021,2795,2052,45,493,159
g361031581022,2146,1411,38,523,26
g361031581031,3107,2277,188,564,46
g361031581032,1275,783,112,319,45
g361031581041,2223,1551,117,170,251
g361031581042,1885,1596,0,267,22
g361031581043,1643,1396,63,148,25
g361031581071,1476,1098,0,218,113
g361031581072,2599,1920,9,429,199
g361031581081,2995,1890,32,197,786
g361031581101,2214,1796,0,343,60
g361031581102,1398,1190,0,106,92
g361031581111,1772,1460,44,268,0
g361031581112,1535,1228,47,208,52
g361031581121,2059,1462,98,320,99
g361031581122,2345,1670,0,456,206
g361031581141,3430,3017,18,268,21
g361031581151,3118,2809,16,139,154
g361031581152,1840,1154,334,180,172
g361031581153,1889,1770,0,36,0
g361031581161,1413,924,87,104,298
g361031581162,585,399,17,93,76
g361031582021,1364,844,0,520,0
g361031582022,2781,1960,118,494,113
g361031582023,1565,1180,13,213,87
g361031582024,1120,1028,0,81,11
g361031582025,1998,1437,0,357,204
g361031582031,1561,1359,29,22,151
g361031582051,844,814,0,18,12
g361031582052,1185,1091,0,79,15
g361031582061,1122,1030,10,70,12
g361031582062,1311,1034,58,91,57
g361031582063,1375,1109,0,212,47
g361031582071,834,766,0,20,36
g361031582072,1755,1543,16,118,78
g361031582073,493,416,8,35,34
g361031582074,1733,1437,23,91,181
g361031583041,1521,1425,5,41,0
g361031583042,2471,1574,3,742,26
g361031583043,1737,1591,0,83,13
g361031583044,1462,1462,0,0,0
g361031583061,2571,2402,41,104,24
g361031583062,1426,1220,0,9,157
g361031583063,1812,1490,0,315,7
g361031583081,1405,1127,0,129,87
g361031583082,1735,1194,124,369,25
g361031583083,3030,2353,9,645,11
g361031583084,2086,1506,0,580,0
g361031583091,3563,2208,670,490,89
g361031583092,1446,1082,57,251,22
g361031583101,1635,1194,156,135,83
g361031583102,2546,2328,32,131,27
g361031583151,2351,1843,279,151,6
g361031583152,2284,1285,113,722,127
g361031583171,2106,1795,0,215,96
g361031583172,2045,1679,0,327,39
g361031583173,1591,1340,0,249,0
g361031583181,1738,1639,10,42,13
g361031583182,1192,997,0,195,0
g361031583183,1494,1447,0,34,0
g361031583191,1881,1420,224,227,8
g361031583192,920,489,18,46,288
g361031583193,905,713,25,125,36
g361031583201,1364,1231,0,77,56
g361031583202,1839,1706,0,86,47
g361031583203,1320,1111,0,209,0
g361031583204,1489,1460,29,0,0
g361031583211,3654,1903,315,578,858
g361031583212,1878,1122,231,373,136
g361031583213,1287,1011,0,276,0
g361031583214,3636,2331,373,393,282
g361031583221,2311,1881,175,35,211
g361031583231,1414,1329,3,82,0
g361031583232,1065,997,0,68,0
g361031583233,2139,2012,25,86,16
g361031583234,2445,2136,57,0,252
g361031584011,1381,1205,0,127,25
g361031584021,2420,2078,6,245,29
g361031584022,468,427,0,31,8
g361031584023,1575,1361,0,158,25
g361031584031,1150,897,61,155,6
g361031584032,928,638,116,92,65
g361031584051,2039,1802,0,134,94
g361031584052,1119,926,0,169,0
g361031584053,1522,1361,0,77,74
g361031584071,1439,1296,4,139,0
g361031584072,1897,1594,0,284,0
g361031584073,940,918,0,22,0
g361031584074,1669,1519,0,80,0
g361031584081,2272,1939,0,282,0
g361031584082,1861,1739,0,91,0
g361031584091,1327,876,133,105,203
g361031584092,1703,1674,15,14,0
g361031584093,814,715,0,99,0
g361031584101,1540,1540,0,0,0
g361031584102,1078,1058,20,0,0
g361031584103,643,614,29,0,0
g361031585021,1804,1573,0,223,8
g361031585022,768,686,7,75,0
g361031585023,1217,1112,18,87,0
g361031585051,2847,2253,52,286,80
g361031585052,991,922,0,29,0
g361031585053,686,404,22,158,102
g361031585061,1893,1553,4,220,13
g361031585062,743,712,5,8,4
g361031585071,876,575,0,200,89
g361031585072,1164,862,26,155,60
g361031585073,1927,1461,24,298,44
g361031585081,1299,831,0,468,0
g361031585082,1709,1245,87,201,99
g361031585083,1464,1388,0,76,0
g361031585084,620,556,2,1,25
g361031585085,1289,1101,25,150,0
g361031585091,1291,1109,123,52,7
g361031585092,1535,918,80,490,38
g361031585093,2109,1287,49,623,145
g361031585101,2813,2384,0,286,23
g361031585102,1378,788,185,351,54
g361031585103,1558,1337,1,159,61
g361031585104,1510,1334,0,176,0
g361031585111,1665,1338,38,193,13
g361031585112,2824,2176,49,482,76
g361031585113,2410,1601,46,647,81
g361031585121,1891,1661,0,120,88
g361031585122,1590,1218,37,305,18
g361031586041,1489,1193,0,225,55
g361031586042,1035,942,4,89,0
g361031586043,2411,2003,31,256,121
g361031586051,2753,2132,128,255,166
g361031586052,2493,1848,76,395,87
g361031586061,1727,1651,16,60,0
g361031586062,1103,960,3,140,0
g361031586063,1974,1270,0,456,248
g361031586071,1599,1298,17,255,29
g361031586072,1387,964,94,264,65
g361031586081,983,794,16,149,19
g361031586082,1205,1019,0,76,110
g361031586083,1586,1295,2,134,143
g361031586091,1882,1344,28,364,99
g361031586092,1560,1514,0,34,12
g361031586093,1097,644,141,238,51
g361031587041,2143,1580,0,494,18
g361031587042,1044,901,0,61,0
g361031587043,1576,1331,59,131,55
g361031587044,2800,523,1044,1131,12
g361031587045,1259,1240,19,0,0
g361031587051,1433,236,713,349,0
g361031587052,1393,559,492,277,57
g361031587053,1092,52,662,310,16
g361031587071,1606,1267,36,212,54
g361031587081,599,459,114,12,0
g361031587082,1974,1329,235,123,229
g361031587083,1198,574,447,177,0
g361031587091,2188,1842,14,305,11
g361031587101,1537,992,412,28,16
g361031587102,799,743,0,36,0
g361031587103,1441,1180,0,259,2
g361031587104,40,5,0,0,35
g361031587111,1358,1193,22,50,71
g361031587112,1250,1063,47,68,72
g361031587113,2587,983,516,519,533
g361031587121,2006,1402,233,371,0
g361031587122,1725,1332,82,311,0
g361031587123,923,682,8,143,38
g361031587124,1316,1078,38,180,0
g361031587125,1747,857,132,758,0
g361031588021,2106,1925,0,158,23
g361031588022,1569,1518,0,51,0
g361031588023,927,914,0,0,7
g361031588031,1832,1249,187,374,0
g361031588032,1472,924,3,517,0
g361031588033,2695,2181,121,160,233
g361031588034,734,655,48,31,0
g361031588041,1686,1197,227,228,34
g361031588042,863,786,12,64,0
g361031588043,1064,512,0,494,58
g361031588044,889,847,0,42,0
g361031588045,1113,717,0,349,0
g361031588046,1120,977,0,119,24
g361031589001,1357,689,68,509,0
g361031589002,2269,510,250,1509,0
g361031589003,901,806,0,95,0
g361031589004,611,465,50,96,0
g361031589005,2109,1798,91,74,14
g361031590001,2105,1208,91,806,0
g361031590002,1660,1059,114,469,0
g361031590003,1033,752,88,193,0
g361031591021,1404,1228,5,170,1
g361031591022,1525,1146,0,379,0
g361031591023,1094,873,157,64,0
g361031591024,1599,901,154,320,137
g361031591025,840,597,85,112,29
g361031591031,954,394,205,300,0
g361031591032,792,90,409,157,111
g361031591033,2892,446,524,1676,0
g361031591034,1994,72,1127,643,57
g361031591051,1866,1324,97,192,218
g361031591052,1596,1233,43,161,31
g361031591053,2253,1067,186,855,145
g361031591054,1213,920,47,178,0
g361031591061,1518,712,247,348,153
g361031591062,2865,1769,339,556,190
g361031591063,2112,1474,271,277,14
g361031591071,1356,1155,0,163,13
g361031591072,1026,959,0,67,0
g361031591073,1433,1314,0,71,11
g361031591081,820,429,14,297,55
g361031591082,3567,2191,67,1097,0
g361031591083,1318,1264,15,26,0
g361031591084,946,632,134,180,0
g361031591085,1157,788,0,239,130
g361031592011,1342,1166,0,176,0
g361031592012,1914,1264,23,627,0
g361031592031,1348,1194,36,118,0
g361031592032,2337,2162,140,0,0
g361031592033,1872,1692,18,136,14
g361031592041,862,435,209,218,0
g361031592042,757,554,25,178,0
g361031592043,1558,1489,17,52,0
g361031592044,825,798,12,15,0
g361031593001,586,538,0,30,11
g361031593002,1384,1316,19,30,6
g361031594041,1475,1056,170,69,146
g361031594042,688,557,63,31,20
g361031594043,1908,874,123,815,54
g361031594044,1974,1100,362,512,0
g361031594045,1445,357,20,641,427
g361031594061,1190,1047,21,28,52
g361031594062,1463,1164,58,223,0
g361031594063,1605,1019,0,573,13
g361031594071,2951,1790,310,599,176
g361031594072,1522,1078,34,230,133
g361031594073,2199,1842,9,254,60
g361031594081,2962,2130,211,442,149
g361031594082,1198,845,80,198,73
g361031594101,1385,1366,4,0,0
g361031594102,1749,1254,466,16,0
g361031594103,5262,4784,60,353,51
g361031594111,2113,1586,235,248,0
g361031594112,1436,1226,0,112,65
g361031594121,978,971,7,0,0
g361031594122,1889,1864,0,13,12
g361031594123,2856,2440,98,206,12
g361031594124,1799,1561,45,66,0
g361031595051,1719,1399,0,320,0
g361031595052,1857,1131,686,0,0
g361031595053,1172,934,17,194,27
g361031595054,1923,827,45,388,91
g361031595055,2213,1013,91,1109,0
g361031595061,2160,1264,185,711,0
g361031595062,2541,1678,528,313,0
g361031595063,1526,791,174,254,307
g361031595064,2311,1686,130,294,185
g361031595081,2044,1508,161,375,0
g361031595082,1532,1130,0,375,0
g361031595083,2252,1327,14,551,0
g361031595084,1898,1186,305,405,1
g361031595091,632,496,10,115,0
g361031595092,963,908,0,20,35
g361031595093,941,521,276,130,0
g361031595101,201,114,8,66,5
g361031595102,12,8,0,0,4
g361031595111,2298,1715,30,546,0
g361031595112,1608,1007,49,151,49
g361031595113,1189,651,399,83,56
g361031595114,1879,1632,92,155,0
g361031595121,2519,1740,548,225,0
g361031596011,1573,1558,15,0,0
g361031596012,779,748,0,11,20
g361031596013,953,872,0,72,9
g361031596014,1309,1296,13,0,0
g361031596015,1733,1703,6,24,0
g361031596021,2407,2314,45,48,0
g361031596022,1649,1498,10,119,22
g361031697011,1304,1195,31,69,0
g361031697012,1181,1097,10,52,0
g361031697013,2068,1650,47,316,55
g361031697014,1462,1347,0,98,0
g361031697015,1679,1624,0,55,0
g361031697031,1508,1477,14,12,5
g361031697041,847,545,0,302,0
g361031697042,1101,1022,0,0,45
g361031697043,2032,930,210,728,38
g361031697044,1035,1035,0,0,0
g361031697045,433,309,73,51,0
g361031697046,1584,1431,39,0,59
g361031698001,2149,1104,128,908,0
g361031698002,1081,549,257,230,13
g361031698003,1732,890,9,822,11
g361031698004,1169,515,195,401,0
g361031699011,1478,1099,128,251,0
g361031699012,4713,2758,1272,344,205
g361031699021,1574,1425,0,149,0
g361031699022,892,634,42,216,0
g361031699023,681,681,0,0,0
g361031699024,234,222,12,0,0
g361031699025,1778,1275,176,327,0
g361031700011,1368,1368,0,0,0
g361031700012,1649,1497,76,17,19
g361031700013,619,504,0,115,0
g361031700014,755,734,3,3,15
g361031700015,1242,1210,0,32,0
g361031700021,452,452,0,0,0
g361031700022,1086,1027,14,45,0
g361031700023,629,629,0,0,0
g361031700024,1082,938,137,7,0
g361031700025,703,619,0,26,58
g361031701011,1046,703,107,205,0
g361031701012,1323,627,139,512,1
g361031702011,1426,1353,0,0,24
g361031702012,1282,1260,0,0,0
g361031702013,711,651,0,60,0
g361031702014,607,607,0,0,0
g361031702015,510,498,0,0,12
g361031702016,1136,1100,0,36,0
g361031702017,651,480,0,0,0
g361031702021,661,555,0,106,0
g361031702022,296,296,0,0,0
g361031702023,932,835,0,65,3
g361031702024,713,695,2,15,1
g361031702025,1275,1217,29,29,0
g361031803001,1399,1391,2,0,6
g361031803002,1270,1045,0,176,0
g361031904011,1010,683,196,131,0
g361031904012,470,93,144,222,3
g361031904013,685,400,83,202,0
g361031904014,3195,1598,1119,443,0
g361031904015,1193,326,479,388,0
g361031904016,941,596,38,104,86
g361031904017,2900,623,203,1973,101
g361031904021,1409,984,49,304,38
g361031904022,1096,932,8,140,0
g361031904031,939,605,0,259,11
g361031904032,955,541,11,357,20
g361031904033,1541,993,0,548,0
g361031905021,651,525,0,126,0
g361031905022,942,803,29,102,4
g361031905023,875,805,0,30,24
g361031905031,774,683,0,78,13
g361031905032,1063,644,49,230,103
g361031905033,781,736,0,45,0
g361031905034,418,395,0,23,0
g361031905041,585,579,0,4,0
g361031905042,571,569,1,1,0
g361031905043,598,587,0,0,11
g361031906011,462,362,53,12,12
g361031906012,899,888,0,11,0
g361031906013,1220,1081,0,31,0
g361031906014,807,706,0,80,21
g361031906015,468,468,0,0,0
g361031906016,426,424,0,2,0
g361031906031,933,596,0,337,0
g361031906032,2189,1212,108,869,0
g361031906033,1127,778,0,341,8
g361031906041,1868,1657,0,190,21
g361031906042,1478,1092,20,366,0
g361031906043,627,372,0,215,40
g361031907041,1083,816,0,230,37
g361031907042,350,284,10,56,0
g361031907043,232,220,12,0,0
g361031907044,481,346,16,110,9
g361031907045,825,775,0,50,0
g361031907051,244,6,6,0,10
g361031907052,1231,848,0,289,94
g361031907053,329,263,13,41,0
g361031907054,920,773,0,147,0
g361031907055,1139,556,18,360,118
g361031907061,990,933,0,23,34
g361031907062,1322,1151,10,121,40
g361031907063,627,531,0,25,31
g361031907064,671,459,0,212,0
g361031907065,988,607,245,95,16
g361031907071,1380,1289,0,66,25
g361031907072,1115,546,0,539,30
g361031907073,552,409,0,79,64
g361031907074,1048,853,0,63,132
g361031907075,989,983,0,0,6
g361031907081,924,903,0,15,3
g361031907082,1069,826,27,196,20
g361031908001,822,575,246,1,0
g361031908002,1046,666,254,59,30
g361031908003,683,624,2,57,0
g361031908004,603,460,22,61,60
g361032009011,681,574,0,103,0
g361032009012,478,472,0,0,6
g361032009021,1496,1177,55,212,34
g361032009022,704,615,0,89,0
g361032009023,1175,839,0,336,0
g361032009024,600,393,0,194,0
g361032009025,719,601,4,105,3
g361032009026,1709,1226,0,95,388
g361032009027,885,533,172,114,6
g361032010011,1186,1007,0,179,0
g361032010012,850,641,16,59,0
g361032010013,1087,477,8,580,0
g361032010014,750,714,36,0,0
g361032010015,1982,1202,5,718,0
g361032010031,1488,556,222,710,0
g361032010032,609,587,15,0,7
g361032010033,172,172,0,0,0
g361032010034,746,666,14,66,0
g361032010035,938,584,14,327,0
g361032010041,182,167,15,0,0
g361032010042,657,480,27,105,45
g361032010043,501,464,7,21,9
g361032010044,521,403,46,27,30
g361032010045,1004,935,17,52,0
g361032010046,606,596,10,0,0
g361032011001,2458,300,184,1848,39
g361032011002,1792,425,264,950,28
g361032011003,482,313,136,33,0
g361032011004,1822,212,242,1117,251
g361039901000,0,0,0,0,0
