GEOID,C17002_001E,C17002_002E,C17002_003E,C17002_004E,C17002_005E,C17002_006E,C17002_007E,C17002_008E
g361031101011,1415,20,12,2,0,22,0,1359
g361031101012,2221,70,36,15,5,0,0,2095
g361031101021,1862,11,10,33,0,5,0,1803
g361031101022,1006,8,16,0,13,66,0,903
g361031101023,992,0,19,0,0,13,0,960
g361031101024,1111,17,7,0,0,0,45,1042
g361031102001,1158,17,5,1,4,0,0,1131
g361031102002,640,0,1,21,17,0,0,601
g361031102003,656,93,0,19,0,0,71,473
g361031102004,1345,46,0,0,0,48,11,1240
g361031102005,1031,0,153,0,0,9,0,869
g361031103001,610,34,9,0,9,4,4,550
g361031103002,1582,10,0,9,0,67,0,1496
g361031103003,942,51,0,0,12,13,0,866
g361031103004,1191,16,0,9,0,25,0,1141
g361031103005,831,8,46,15,3,22,0,737
g361031104011,861,0,0,0,6,49,0,806
g361031104012,2019,21,5,0,26,51,4,1912
g361031104021,1682,0,23,14,18,10,50,1567
g361031104022,1454,25,59,0,0,65,0,1305
g361031105011,2581,17,13,16,87,107,0,2341
g361031105012,691,54,99,0,0,0,0,538
g361031105021,1450,15,36,11,64,0,36,1288
g361031105022,1411,28,20,4,34,0,9,1316
g361031106001,1723,21,39,102,0,16,0,1545
g361031106002,1822,0,0,15,99,0,51,1657
g361031106003,1988,85,33,75,19,61,0,1715
g361031106004,1224,0,0,0,17,92,12,1103
g361031106005,660,0,0,0,15,26,92,527
g361031108011,1367,33,16,40,36,0,0,1242
g361031108012,569,24,10,0,6,28,0,501
g361031108031,1131,66,128,0,0,15,0,922
g361031108032,2265,162,69,15,0,203,60,1756
g361031108033,1171,0,16,0,0,16,0,1139
g361031108034,1104,0,49,0,0,60,0,995
g361031109011,947,13,20,51,0,0,0,863
g361031109012,430,0,35,0,0,0,0,395
g361031109013,1362,23,0,0,15,17,0,1307
g361031109021,1134,201,103,106,0,79,0,645
g361031109022,1465,72,358,69,162,214,0,590
g361031109023,1270,24,97,0,13,9,34,1093
g361031110011,1068,11,93,111,0,141,0,712
g361031110012,1121,28,84,18,39,19,7,926
g361031110021,602,9,88,32,158,10,0,305
g361031110022,985,8,17,94,0,0,55,811
g361031110023,2522,367,940,179,62,269,217,488
g361031110024,1464,159,112,26,51,57,49,1010
g361031111001,3030,96,381,433,84,224,108,1704
g361031111002,2138,121,53,0,401,0,0,1563
g361031111003,1089,0,41,162,16,75,0,795
g361031111004,1795,137,152,241,143,14,0,1108
g361031111005,1060,32,58,0,0,41,0,929
g361031112011,2061,122,513,273,12,197,0,944
g361031112012,1676,98,172,9,226,289,0,882
g361031112013,844,20,44,4,32,20,0,724
g361031112021,2476,39,114,10,20,14,0,2279
g361031112022,594,111,46,0,96,0,0,341
g361031112023,1264,2,0,1,77,69,56,1059
g361031113001,1778,0,66,19,39,92,0,1562
g361031113002,1844,0,31,27,0,0,59,1727
g361031113003,1046,8,16,0,0,0,0,1022
g361031114011,1290,24,13,7,9,20,0,1217
g361031114021,1683,0,16,0,57,50,34,1526
g361031114022,1671,0,35,0,13,43,0,1580
g361031114023,805,14,2,53,0,18,0,718
g361031114024,955,4,85,12,0,0,0,854
g361031115031,757,17,13,7,65,0,0,655
g361031115032,2272,52,370,41,0,87,21,1701
g361031115033,1498,19,47,68,146,146,17,1055
g361031115041,1430,9,44,1,40,115,22,1199
g361031115051,2538,89,18,0,23,32,0,2376
g361031115052,1054,12,9,38,21,76,150,748
g361031115053,841,15,23,9,0,21,0,773
g361031115054,2026,0,149,175,0,0,98,1604
g361031115061,1790,22,38,7,41,12,0,1670
g361031115062,1805,34,43,0,258,48,0,1422
g361031116011,1438,29,9,0,98,39,9,1254
g361031116012,2198,39,31,1,9,0,109,2009
g361031116021,1785,33,0,11,55,11,12,1663
g361031116022,1471,0,3,11,15,160,25,1257
g361031117011,819,0,36,0,18,85,0,680
g361031117012,1596,67,65,258,0,0,0,1206
g361031117013,829,0,10,40,0,18,0,761
g361031117014,977,0,122,0,8,4,0,843
g361031117015,1540,22,15,34,0,0,28,1441
g361031117031,899,30,58,0,0,0,0,811
g361031117032,2217,0,110,31,9,254,32,1781
g361031117041,1160,20,0,0,20,0,21,1099
g361031117042,935,0,0,0,0,0,9,926
g361031117043,1054,0,16,10,0,11,0,1017
g361031118011,918,7,2,2,12,77,0,818
g361031118012,1554,0,36,0,151,44,0,1323
g361031118013,2515,0,0,94,8,55,18,2340
g361031118014,807,52,0,0,16,33,0,706
g361031118021,1785,38,22,11,139,93,8,1474
g361031118022,1099,30,0,0,0,71,0,998
g361031118031,1512,28,0,0,30,35,64,1355
g361031118032,1163,0,16,0,26,8,77,1036
g361031118041,2322,39,29,111,0,45,43,2055
g361031119001,1157,0,0,0,34,39,0,1084
g361031119002,862,14,0,0,0,67,0,781
g361031119003,736,32,8,0,0,10,0,686
g361031119004,1182,24,0,83,0,59,0,1016
g361031119005,1179,12,0,0,0,30,0,1137
g361031120011,1668,32,55,16,97,8,0,1460
g361031120012,2889,273,50,162,0,42,104,2258
g361031120021,2160,27,53,43,9,24,0,2004
g361031120022,1202,12,0,8,0,29,1,1152
g361031120023,1323,24,9,17,18,24,7,1224
g361031121021,2520,9,103,17,74,51,14,2252
g361031121022,1421,0,42,0,4,50,70,1255
g361031121031,976,0,26,0,37,62,10,841
g361031121032,1841,21,60,37,21,0,98,1604
g361031121033,1154,62,17,61,56,8,15,935
g361031121041,2436,113,36,21,151,49,40,2026
g361031122041,1297,59,9,0,11,0,0,1218
g361031122042,1132,18,9,7,0,7,0,1091
g361031122043,1398,22,9,11,0,52,18,1286
g361031122061,2835,130,122,0,170,84,0,2329
g361031122062,1833,94,62,0,20,13,0,1644
g361031122063,2646,73,90,29,32,31,70,2321
g361031122064,488,0,0,0,0,0,0,488
g361031122101,1108,6,2,6,25,0,0,1069
g361031122102,2096,21,19,0,26,178,0,1852
g361031122103,2272,7,0,0,0,0,43,2222
g361031122104,1795,60,25,0,9,83,31,1587
g361031122111,2258,15,0,90,188,0,0,1965
g361031122112,1513,36,27,0,25,0,0,1425
g361031122113,959,28,0,134,0,52,0,745
g361031122121,922,1,51,0,0,92,30,748
g361031122122,2229,42,22,11,0,9,0,2145
g361031122131,2531,57,42,64,105,69,34,2160
g361031122132,1225,59,28,7,0,17,0,1114
g361031122133,1381,29,50,0,8,0,0,1294
g361031122141,993,0,0,0,268,0,0,725
g361031122142,2900,89,36,10,13,209,0,2543
g361031122143,2487,80,65,89,14,16,38,2185
g361031122144,873,0,0,0,0,0,0,873
g361031223001,1480,21,57,12,0,0,31,1359
g361031223002,2505,6,142,79,44,84,23,2127
g361031224031,1412,12,4,28,97,33,0,1238
g361031224032,1066,48,44,39,42,67,10,816
g361031224041,2250,117,110,20,0,30,6,1967
g361031224042,1392,15,17,0,4,156,7,1193
g361031224051,2879,151,117,105,127,94,50,2235
g361031224052,907,0,12,6,18,15,0,856
g361031224061,1575,0,206,0,182,56,0,1131
g361031224062,1938,272,93,0,0,160,103,1310
g361031224063,1921,45,9,142,125,77,0,1523
g361031225011,1120,222,35,73,61,0,70,659
g361031225012,1362,17,208,38,52,62,0,985
g361031225013,1380,38,203,12,272,158,92,605
g361031225021,2940,28,158,260,55,62,87,2290
g361031225022,697,119,0,0,77,46,0,455
g361031225023,979,42,3,203,12,95,0,624
g361031226011,2059,18,107,9,28,75,0,1822
g361031226012,1660,10,38,27,0,0,14,1571
g361031226013,1914,1,57,41,47,222,19,1527
g361031226021,2504,18,27,0,81,63,12,2303
g361031226022,2438,40,45,73,22,262,78,1918
g361031226031,1381,0,79,16,0,47,29,1210
g361031226032,2149,25,55,39,56,15,0,1959
g361031226033,829,39,9,23,0,19,0,739
g361031226034,1452,0,17,0,132,51,0,1252
g361031227041,781,0,56,0,7,161,105,452
g361031227042,1275,14,53,47,16,65,18,1062
g361031227051,1615,76,12,68,23,59,0,1377
g361031227052,1103,68,7,28,10,9,14,967
g361031227061,891,0,60,0,60,77,0,694
g361031227062,2218,34,109,0,0,6,21,2048
g361031227063,447,44,11,0,0,0,0,392
g361031227071,1893,88,52,134,59,17,77,1466
g361031227072,1296,0,0,0,18,76,17,1185
g361031228011,1570,25,51,0,0,38,0,1456
g361031228012,1430,114,35,32,9,75,0,1165
g361031228013,628,37,0,0,30,55,39,467
g361031228014,2309,110,174,0,0,0,0,2025
g361031228021,2098,36,75,129,4,85,0,1769
g361031228022,2016,55,62,11,204,25,26,1633
g361031229011,2615,22,147,13,63,338,11,2021
g361031229012,1182,2,39,70,227,0,0,844
g361031229013,1157,12,25,0,0,15,0,1105
g361031229014,1445,55,5,0,29,29,23,1304
g361031229021,1761,17,232,60,72,68,8,1304
g361031229022,1364,48,1,10,31,39,35,1200
g361031229023,1534,73,22,0,217,39,0,1183
g361031230011,1929,30,0,32,16,76,0,1775
g361031230012,1313,40,0,9,20,220,93,931
g361031230013,1506,151,33,38,10,100,10,1164
g361031230014,1368,32,0,18,38,51,0,1229
g361031230021,2048,0,0,42,90,23,0,1893
g361031230022,1132,85,50,5,22,23,0,947
g361031230023,1454,0,35,12,38,6,0,1363
g361031231011,1298,87,11,4,46,0,0,1150
g361031231012,565,0,0,0,0,7,38,520
g361031231013,1705,103,8,14,22,10,67,1481
g361031231021,1228,0,34,0,0,17,0,1177
g361031231022,1633,18,43,0,8,86,91,1387
g361031231023,803,24,0,187,22,0,9,561
g361031232011,1915,49,84,63,89,158,5,1467
g361031232021,1826,0,231,8,91,0,0,1496
g361031232022,1087,114,48,63,110,0,11,741
g361031232023,3180,39,24,13,24,243,0,2837
g361031232024,3273,89,0,209,43,47,0,2885
g361031233011,1378,27,167,108,50,251,72,703
g361031233012,1753,76,63,42,376,28,13,1155
g361031233013,759,30,7,0,25,18,49,630
g361031233014,1174,35,62,29,0,166,0,882
g361031233015,2151,105,0,0,0,53,0,1993
g361031233016,1154,150,44,294,0,185,0,481
g361031233021,1642,101,145,27,180,137,39,1013
g361031234011,1271,16,7,104,18,118,59,949
g361031234012,1670,0,62,0,19,66,27,1496
g361031234013,1287,0,165,14,42,172,59,835
g361031234021,1718,23,177,82,0,59,79,1298
g361031234022,1679,14,75,17,0,296,20,1257
g361031234023,1166,19,0,0,19,158,0,970
g361031234024,762,41,267,102,0,69,0,283
g361031234025,1753,12,63,46,98,45,44,1445
g361031235001,1839,18,104,0,23,104,96,1494
g361031235002,746,0,118,210,56,24,20,318
g361031235003,1416,350,21,10,6,0,85,944
g361031235004,1797,6,264,19,73,15,0,1420
g361031236001,1273,0,17,0,0,33,47,1176
g361031236002,825,56,0,0,0,0,0,769
g361031236003,1172,0,18,0,74,0,0,1080
g361031237011,2080,62,152,83,115,254,0,1414
g361031237012,1622,37,196,277,138,369,20,585
g361031237013,1658,111,167,31,24,248,97,980
g361031237014,1404,104,64,134,77,184,66,775
g361031237021,3171,47,18,146,511,397,52,2000
g361031237022,2023,141,62,210,0,37,0,1573
g361031237023,1225,0,0,14,24,238,22,927
g361031237024,1821,36,146,279,160,136,44,1020
g361031238011,990,0,61,0,9,0,0,920
g361031238012,984,51,26,10,8,2,9,878
g361031238013,2171,16,73,63,80,50,0,1889
g361031238021,1402,117,10,14,117,100,38,1006
g361031238022,1916,0,85,0,27,69,14,1721
g361031239001,1523,31,61,34,56,26,89,1226
g361031239002,879,8,8,10,0,23,17,813
g361031239003,775,81,9,0,18,13,55,599
g361031239004,1567,6,34,0,46,280,87,1114
g361031239005,447,0,14,0,0,8,78,347
g361031240011,2378,9,143,11,87,50,0,2078
g361031240012,1849,105,18,29,55,323,0,1319
g361031240013,325,59,0,0,0,7,0,259
g361031240021,1488,57,55,130,156,12,135,943
g361031240022,2043,0,10,13,32,67,74,1847
g361031241011,2320,18,43,57,57,9,4,2132
g361031241012,1375,0,65,0,0,134,130,1046
g361031241013,1445,64,0,17,18,41,0,1305
g361031241021,1398,103,14,0,31,23,11,1216
g361031241022,1951,181,24,11,0,29,0,1706
g361031242001,1155,0,22,0,65,17,0,1051
g361031242002,858,53,34,17,29,0,52,673
g361031242003,538,4,56,0,50,43,0,385
g361031242004,1630,18,0,0,0,14,0,1598
g361031242005,1347,48,0,0,29,99,0,1171
g361031243001,1108,0,63,0,0,102,0,943
g361031243002,1646,47,36,20,0,297,126,1120
g361031243003,1358,54,60,19,20,14,67,1124
g361031243004,1631,47,37,0,59,0,0,1488
g361031243005,528,32,71,0,0,0,0,425
g361031244011,631,0,29,6,32,7,8,549
g361031244012,960,8,13,0,39,16,27,857
g361031244013,2114,70,60,51,35,76,43,1779
g361031244021,2071,0,13,0,0,10,172,1876
g361031244022,1044,29,15,9,10,0,0,981
g361031244023,630,0,2,0,0,0,0,628
g361031245001,1165,12,0,79,0,0,0,1074
g361031245002,998,9,77,0,19,20,9,864
g361031245003,1355,12,3,1,0,2,9,1328
g361031245004,1831,17,94,224,0,141,10,1345
g361031246011,1019,18,16,23,6,51,0,905
g361031246012,898,13,0,15,7,46,0,817
g361031246013,766,0,6,8,0,5,0,747
g361031246021,617,2,1,24,5,1,0,584
g361031246022,1256,47,9,65,0,0,0,1135
g361031246023,1488,11,14,41,0,9,3,1410
g361031246024,748,51,98,0,49,11,46,493
g361031347021,1966,0,149,18,43,16,31,1709
g361031347022,2390,0,0,0,19,32,0,2339
g361031347023,628,20,140,33,64,16,0,355
g361031347024,797,0,21,32,15,16,31,682
g361031347031,1196,0,0,0,0,0,0,1196
g361031347032,1044,20,0,0,70,35,24,895
g361031347033,1238,39,0,13,0,0,0,1186
g361031347034,607,0,0,0,10,18,0,579
g361031347041,1504,0,66,4,0,5,0,1429
g361031347042,825,58,16,32,43,13,86,577
g361031349021,1170,72,22,20,6,0,0,1050
g361031349022,1144,93,30,0,0,25,21,975
g361031349023,2185,0,187,10,31,0,0,1957
g361031349031,1297,37,32,4,5,14,14,1191
g361031349041,1720,0,0,0,0,16,266,1438
g361031349042,1700,0,0,36,0,0,0,1664
g361031349043,1961,25,24,12,0,34,6,1860
g361031349044,1198,90,0,16,39,56,16,981
g361031349061,1738,14,0,13,12,0,0,1699
g361031349062,1079,12,0,0,57,0,0,1010
g361031349063,1725,0,131,0,0,172,0,1422
g361031349064,1125,12,74,57,97,59,43,783
g361031349071,1912,92,57,40,4,29,16,1674
g361031349072,2792,0,25,0,12,83,45,2627
g361031350021,1161,61,0,0,38,0,0,1062
g361031350022,2236,37,93,49,91,20,0,1946
g361031350023,1920,0,82,40,9,34,24,1731
g361031350031,1449,44,8,9,18,0,10,1360
g361031350032,1550,0,17,0,4,4,14,1511
g361031350033,1542,8,18,0,31,135,6,1344
g361031350041,1669,51,4,40,4,16,0,1554
g361031350042,678,21,24,4,12,0,0,617
g361031350043,604,7,2,1,20,21,21,532
g361031350051,1359,0,34,0,22,18,18,1267
g361031350052,849,42,55,33,24,58,55,582
g361031350053,718,4,3,2,0,0,1,708
g361031351011,1129,16,2,2,0,92,0,1017
g361031351012,2734,70,24,0,9,82,33,2516
g361031351021,1346,0,15,0,30,0,0,1301
g361031351022,1783,24,74,18,17,17,41,1592
g361031351023,1255,0,7,0,0,22,27,1199
g361031351031,1520,39,7,8,35,15,21,1395
g361031351032,1245,0,0,64,0,28,0,1153
g361031351033,1953,0,127,15,0,31,93,1687
g361031351041,1742,9,0,0,0,53,0,1680
g361031351042,2321,58,95,56,0,28,8,2076
g361031351043,1152,14,106,0,55,28,61,888
g361031352011,2148,30,57,41,19,5,6,1990
g361031352041,1699,0,0,0,14,0,0,1685
g361031352042,1920,0,92,0,14,45,0,1769
g361031352043,984,2,1,25,1,4,0,951
g361031352051,2318,136,0,27,35,104,15,2001
g361031352052,1436,33,37,0,42,76,16,1232
g361031352053,1227,19,40,11,1,36,77,1043
g361031352081,1441,18,20,0,17,95,7,1284
g361031352082,1585,29,9,0,87,0,0,1460
g361031352091,1762,5,14,19,22,13,0,1689
g361031352092,1241,0,0,111,0,34,21,1075
g361031353011,1904,62,11,6,58,90,0,1677
g361031353012,1307,18,1,1,2,64,7,1214
g361031353013,759,0,149,0,10,0,0,600
g361031353031,2968,31,22,184,10,49,17,2655
g361031353032,1319,0,0,32,0,0,0,1287
g361031353041,2858,13,10,1,77,1,30,2726
g361031353042,529,9,10,0,9,9,0,492
g361031354011,1214,0,252,0,0,0,0,962
g361031354012,2505,18,14,0,0,0,44,2429
g361031354013,2913,279,46,15,60,32,0,2481
g361031354021,2969,19,0,64,49,123,31,2683
g361031354022,2141,89,12,52,56,0,0,1932
g361031354023,832,9,2,0,22,9,0,790
g361031354024,1258,0,0,0,0,0,136,1122
g361031354031,1110,39,0,0,0,0,0,1071
g361031354032,2109,40,9,14,50,20,16,1960
g361031354033,1097,10,137,0,21,31,0,898
g361031456021,1696,77,275,111,13,98,182,940
g361031456022,1510,87,29,75,185,89,0,1045
g361031456023,2709,99,227,133,140,362,141,1607
g361031456031,2908,160,249,106,160,426,327,1480
g361031456032,1316,31,142,7,38,195,103,800
g361031456033,2826,144,492,41,148,521,77,1403
g361031456041,3567,128,239,219,279,372,157,2173
g361031456042,1602,71,119,67,145,46,0,1154
g361031456051,1426,49,150,31,93,105,0,998
g361031456052,2154,81,37,203,174,191,142,1326
g361031457011,770,53,6,5,5,41,0,660
g361031457012,1454,9,26,14,13,16,6,1370
g361031457013,1448,71,12,26,0,66,15,1258
g361031457014,1690,0,0,0,0,27,20,1643
g361031457021,1185,0,34,60,29,110,127,825
g361031457022,1806,103,202,172,0,129,0,1200
g361031457023,3319,0,230,367,390,252,177,1903
g361031457031,1044,77,5,139,0,15,0,808
g361031457032,2719,136,258,19,272,233,57,1744
g361031457033,2070,143,338,130,155,286,150,868
g361031457041,1994,125,72,0,148,185,48,1416
g361031457042,942,16,27,30,111,0,12,746
g361031457043,3246,18,457,344,6,102,39,2280
g361031457044,1068,166,65,58,34,71,38,636
g361031458031,1419,16,94,3,5,17,0,1284
g361031458032,1644,0,43,36,10,18,0,1537
g361031458033,1764,8,8,67,42,109,0,1530
g361031458041,1870,10,17,50,141,121,39,1492
g361031458042,1413,56,68,6,85,7,3,1188
g361031458051,895,14,55,41,21,53,0,711
g361031458052,1396,15,0,0,131,98,40,1112
g361031458053,1836,2,40,24,17,17,11,1725
g361031458054,1722,30,17,64,120,114,0,1377
g361031458071,2114,3,12,40,28,84,21,1926
g361031458072,2311,90,50,35,28,73,0,2035
g361031458081,2004,79,93,0,17,15,0,1800
g361031458082,1305,62,98,189,22,13,14,907
g361031459011,1661,95,58,4,207,54,27,1216
g361031459012,2262,99,34,75,267,103,49,1635
g361031459021,2517,61,111,30,201,177,0,1937
g361031459022,1585,43,199,139,58,12,0,1134
g361031459023,1668,87,83,136,0,246,13,1103
g361031459024,2676,49,223,0,208,0,0,2196
g361031459031,1569,0,128,0,15,15,8,1403
g361031459032,1494,13,23,21,50,75,93,1219
g361031459033,1291,0,22,0,43,196,0,1030
g361031459034,1709,97,99,44,20,266,164,1019
g361031460011,3273,161,20,73,82,389,0,2548
g361031460012,2625,248,188,221,296,94,0,1578
g361031460021,1942,58,21,9,262,83,53,1456
g361031460022,1313,12,157,0,165,22,0,957
g361031460023,2688,104,2,258,65,246,0,2013
g361031460031,2015,40,4,29,298,0,0,1644
g361031460032,1825,8,0,23,98,10,0,1686
g361031460033,2677,63,147,110,141,12,58,2146
g361031460034,1762,25,8,0,57,47,0,1625
g361031461021,2266,230,37,22,225,29,51,1672
g361031461031,1345,0,0,0,0,0,27,1318
g361031461032,2475,6,0,0,7,33,12,2417
g361031461051,1114,22,102,76,27,50,118,719
g361031461052,3082,70,9,34,165,245,392,2167
g361031461053,2242,20,45,0,79,121,61,1916
g361031461061,2404,112,157,54,85,94,54,1848
g361031461062,1481,14,37,208,47,66,37,1072
g361031462011,2551,205,210,261,221,266,195,1193
g361031462012,2162,99,243,47,212,213,155,1193
g361031462021,2727,176,169,3,474,84,163,1658
g361031462022,2759,92,99,331,244,104,87,1802
g361031462031,2159,388,11,284,54,142,176,1104
g361031462032,1147,58,68,0,0,10,0,1011
g361031462033,2425,396,111,61,694,167,10,986
g361031462041,2350,17,96,83,155,250,218,1531
g361031462042,2895,106,138,506,223,281,73,1568
g361031462043,1090,23,121,0,0,193,51,702
g361031462051,868,6,1,1,0,18,10,832
g361031462052,1291,0,2,0,4,59,21,1205
g361031462061,1030,19,109,0,104,170,0,628
g361031462062,1713,46,48,15,95,34,61,1414
g361031463001,1141,32,51,40,67,104,0,847
g361031463002,1121,74,43,65,85,8,12,834
g361031464021,2112,105,20,11,10,11,59,1896
g361031464022,1079,33,0,10,0,7,0,1029
g361031464023,941,10,1,62,8,0,0,860
g361031464031,2122,43,160,69,0,189,39,1622
g361031464032,1384,125,58,138,61,161,0,841
g361031464033,1688,66,49,425,168,56,30,894
g361031464041,1994,135,96,105,0,89,472,1097
g361031464042,2005,118,304,93,67,123,5,1295
g361031465001,1282,17,0,101,43,49,0,1072
g361031465002,993,0,89,0,0,101,0,803
g361031465003,1427,0,44,0,15,0,0,1368
g361031465004,1404,32,69,21,23,47,74,1138
g361031466041,1417,47,55,0,0,37,10,1268
g361031466042,1767,18,0,67,0,153,98,1431
g361031466043,1224,46,38,0,83,12,28,1017
g361031466051,972,6,14,11,143,84,32,682
g361031466061,1646,29,0,0,22,15,0,1580
g361031466062,1908,22,19,54,213,13,9,1578
g361031466063,1693,24,203,26,24,10,0,1406
g361031466064,2427,67,0,30,103,131,103,1993
g361031466071,1104,64,88,25,41,162,18,706
g361031466072,1402,21,0,0,20,31,97,1233
g361031466081,1698,27,124,34,27,149,91,1246
g361031466082,980,7,7,3,30,13,0,920
g361031466111,1897,135,73,0,29,116,21,1523
g361031466112,1450,8,6,50,0,12,6,1368
g361031466121,1081,67,7,18,10,81,59,839
g361031466122,2331,2,0,8,15,149,10,2147
g361031466123,1893,0,0,6,25,118,0,1744
g361031466131,1268,32,27,0,12,43,41,1113
g361031466132,2749,1,10,37,91,114,198,2298
g361031466141,2307,1,68,8,0,1,3,2226
g361031466142,1196,0,20,0,0,0,0,1176
g361031466143,2374,19,0,0,19,117,15,2204
g361031466151,1429,0,19,0,0,0,38,1372
g361031466152,1653,29,30,79,0,11,0,1504
g361031466153,1728,30,125,0,20,13,66,1474
g361031467031,2093,58,188,42,37,291,150,1327
g361031467032,1657,46,13,123,51,55,21,1348
g361031467041,1823,28,9,29,14,117,76,1550
g361031467051,1740,97,58,0,0,23,0,1562
g361031467052,1800,84,32,68,34,17,14,1551
g361031467061,1098,25,43,0,0,15,0,1015
g361031467062,1530,6,1,15,72,49,6,1381
g361031468001,2176,0,0,55,155,134,0,1832
g361031468002,2204,8,0,0,20,95,0,2081
g361031468003,995,14,0,0,0,0,0,981
g361031468004,540,0,8,0,0,24,0,508
g361031469011,2132,8,132,0,7,22,27,1936
g361031469012,1563,0,0,0,15,10,8,1530
g361031469013,820,113,54,0,16,0,23,614
g361031469014,871,11,94,0,81,9,0,676
g361031469021,1718,2,55,0,22,13,0,1626
g361031469022,1009,78,23,22,68,0,0,818
g361031469023,821,5,0,0,0,0,0,816
g361031470011,964,0,108,0,0,0,0,856
g361031470012,734,0,0,0,0,48,0,686
g361031470013,2584,12,25,24,28,59,28,2408
g361031470031,2030,50,36,4,6,17,9,1908
g361031470032,1680,4,6,16,3,2,0,1649
g361031470033,861,19,0,0,14,3,0,825
g361031470041,233,0,6,0,1,6,3,217
g361031471001,1165,1,9,0,0,27,0,1128
g361031471002,913,21,8,95,35,9,0,745
g361031471003,1032,34,0,15,11,35,0,937
g361031472001,2840,86,0,0,68,61,617,2008
g361031472002,540,33,38,34,0,0,0,435
g361031472003,1407,107,16,246,17,58,0,963
g361031472004,903,0,0,0,32,221,0,650
g361031472005,674,15,179,45,121,15,0,299
g361031473001,1382,27,26,12,0,51,162,1104
g361031473002,502,0,57,11,0,70,0,364
g361031473003,1340,54,0,42,26,211,0,1007
g361031473004,1666,19,0,424,0,69,41,1113
g361031473005,1299,18,775,46,13,118,0,329
g361031473006,1779,246,61,18,13,117,0,1324
g361031474011,2042,43,16,28,73,34,215,1633
g361031474012,1226,130,17,16,41,0,60,962
g361031474013,2002,4,34,12,23,0,62,1867
g361031474014,688,14,0,0,15,13,0,646
g361031474021,1213,0,0,0,97,10,0,1106
g361031474022,1206,4,8,0,0,0,0,1194
g361031474023,1126,10,0,11,0,25,0,1080
g361031475011,872,0,13,0,91,0,0,768
g361031475012,2170,0,118,15,0,154,1,1882
g361031475013,606,18,0,55,0,0,29,504
g361031475014,709,0,0,0,0,0,0,709
g361031475015,1752,1,292,0,0,14,0,1445
g361031475016,1299,34,15,61,113,21,0,1055
g361031475021,987,0,8,0,9,0,10,960
g361031475022,1232,0,37,9,23,0,0,1163
g361031475023,1680,60,0,64,24,80,0,1452
g361031475024,1634,51,33,2,2,22,239,1285
g361031475025,840,0,11,0,84,0,31,714
g361031475031,1636,16,34,20,16,53,0,1497
g361031476011,1082,6,16,0,10,4,4,1042
g361031476012,1159,24,0,15,20,41,0,1059
g361031476021,1490,0,22,54,47,36,0,1331
g361031476022,1787,0,47,55,0,59,0,1626
g361031476023,802,13,22,6,13,13,219,516
g361031476024,1060,17,91,36,149,17,0,750
g361031477011,1996,1,49,102,37,27,129,1651
g361031477012,1228,36,40,14,18,34,1,1085
g361031477021,1586,20,22,55,0,0,34,1455
g361031477022,850,6,7,0,25,57,0,755
g361031477023,1518,0,31,97,86,10,0,1294
g361031477024,731,13,2,2,4,38,0,672
g361031478021,894,33,10,11,63,0,0,777
g361031478022,1403,7,8,0,78,0,14,1296
g361031478023,1262,7,0,42,0,8,21,1184
g361031478031,1892,31,18,10,129,114,24,1566
g361031478032,1211,79,20,38,0,36,0,1038
g361031478041,2410,0,12,11,20,41,0,2326
g361031478042,1085,126,0,0,0,58,0,901
g361031478043,1369,0,8,0,23,8,20,1310
g361031478044,1024,11,30,12,0,57,0,914
g361031479011,1990,81,9,37,30,37,74,1722
g361031479012,834,33,34,88,0,112,11,556
g361031479013,1361,164,35,7,94,59,112,890
g361031479021,681,66,0,0,14,68,27,506
g361031479022,1076,9,0,24,43,8,16,976
g361031479023,1432,7,24,0,0,155,89,1157
g361031479024,981,17,48,0,7,47,0,862
g361031580011,919,12,10,2,5,2,17,871
g361031580012,958,8,18,0,2,33,0,897
g361031580013,752,0,20,0,0,0,0,732
g361031580014,982,9,0,0,0,34,0,939
g361031580015,642,3,0,4,0,0,0,635
g361031580021,1174,14,0,0,0,34,0,1126
g361031580022,792,0,0,0,27,45,0,720
g361031580023,1431,102,22,17,31,78,0,1181
g361031580024,858,0,133,0,0,0,28,697
g361031580025,759,31,0,0,18,0,0,710
g361031580026,1255,0,0,0,14,68,0,1173
g361031580061,2510,19,14,18,0,76,15,2368
g361031580062,2913,103,15,39,0,0,0,2756
g361031580063,960,161,17,0,0,16,30,736
g361031580064,378,27,0,0,0,0,0,351
g361031580071,0,0,0,0,0,0,0,0
g361031580072,122,0,0,11,0,0,0,111
g361031580073,10,0,0,0,0,0,0,10
g361031580074,0,0,0,0,0,0,0,0
g361031580091,1266,1,0,42,2,6,0,1215
g361031580092,1521,5,24,33,5,29,0,1425
g361031580101,1939,0,12,43,0,0,0,1884
g361031580102,926,21,0,0,0,0,0,905
g361031580103,794,15,0,0,0,0,0,779
g361031580111,1841,5,10,19,58,130,0,1619
g361031580112,2104,15,219,0,21,0,0,1849
g361031580113,775,11,21,32,20,35,31,625
g361031581021,2795,9,71,103,38,68,15,2491
g361031581022,2121,19,20,79,23,7,35,1938
g361031581031,3069,327,23,75,122,102,0,2420
g361031581032,1275,0,13,29,0,74,0,1159
g361031581041,2195,67,0,150,9,111,0,1858
g361031581042,1885,101,10,0,11,235,89,1439
g361031581043,1643,0,83,0,0,0,0,1560
g361031581071,1476,45,54,18,64,37,0,1258
g361031581072,2587,251,0,62,26,8,15,2225
g361031581081,2995,79,216,6,23,72,0,2599
g361031581101,2214,46,40,24,0,136,63,1905
g361031581102,1398,101,40,86,18,47,0,1106
g361031581111,1772,16,70,7,53,0,19,1607
g361031581112,1521,33,36,0,14,92,0,1346
g361031581121,2047,240,17,13,83,165,32,1497
g361031581122,2321,103,94,34,59,207,0,1824
g361031581141,3421,67,102,93,129,130,95,2805
g361031581151,3028,2,0,86,15,257,3,2665
g361031581152,1840,91,54,0,0,0,0,1695
g361031581153,1889,23,0,0,27,0,0,1839
g361031581161,1407,88,34,13,32,5,0,1235
g361031581162,585,7,87,2,18,9,0,462
g361031582021,1364,0,35,0,0,509,42,778
g361031582022,2730,152,555,26,106,157,0,1734
g361031582023,1565,131,28,35,17,20,9,1325
g361031582024,1109,11,0,0,0,44,0,1054
g361031582025,1998,26,53,3,34,199,106,1577
g361031582031,1561,3,32,5,33,18,46,1424
g361031582051,844,0,36,0,0,0,39,769
g361031582052,1185,0,0,23,7,24,0,1131
g361031582061,1122,133,0,8,7,144,39,791
g361031582062,1200,80,55,30,70,1,15,949
g361031582063,1251,56,13,20,151,9,48,954
g361031582071,832,31,8,2,2,0,0,789
g361031582072,1755,0,0,16,16,0,26,1697
g361031582073,493,55,9,9,18,35,9,358
g361031582074,1733,1,46,27,1,10,30,1618
g361031583041,1521,5,28,27,89,4,0,1368
g361031583042,2471,514,6,3,8,38,0,1902
g361031583043,1737,0,196,0,0,6,103,1432
g361031583044,1451,0,0,0,52,30,0,1369
g361031583061,2571,12,0,7,0,471,93,1988
g361031583062,1426,47,86,33,168,0,47,1045
g361031583063,1812,2,3,2,49,56,0,1700
g361031583081,1405,18,16,17,86,49,443,776
g361031583082,1685,0,0,0,79,76,35,1495
g361031583083,3001,189,5,3,0,153,18,2633
g361031583084,2086,75,6,0,108,342,0,1555
g361031583091,3563,133,138,41,232,32,16,2971
g361031583092,1446,22,42,0,10,89,19,1264
g361031583101,1624,18,14,9,0,32,0,1551
g361031583102,2269,61,158,49,25,58,45,1873
g361031583151,2348,52,21,0,22,117,16,2120
g361031583152,2284,32,189,116,153,234,227,1333
g361031583171,2106,121,64,16,8,0,17,1880
g361031583172,2045,69,199,52,3,419,73,1230
g361031583173,1591,0,0,2,0,0,0,1589
g361031583181,1613,60,2,3,2,181,1,1364
g361031583182,1192,58,0,0,9,93,37,995
g361031583183,1494,35,9,0,74,30,8,1338
g361031583191,1718,137,63,129,40,100,5,1244
g361031583192,920,100,115,0,116,32,0,557
g361031583193,905,0,13,0,24,22,9,837
g361031583201,1325,3,4,0,0,17,11,1290
g361031583202,1839,91,0,0,0,195,33,1520
g361031583203,1320,49,46,32,136,21,0,1036
g361031583204,1483,15,0,0,0,45,21,1402
g361031583211,3654,170,2,564,161,69,15,2673
g361031583212,1862,35,0,0,0,48,26,1753
g361031583213,1287,12,0,0,24,0,0,1251
g361031583214,3623,63,56,0,0,148,171,3185
g361031583221,2311,0,44,5,49,0,8,2205
g361031583231,1414,3,194,20,91,20,0,1086
g361031583232,1065,0,52,0,20,0,0,993
g361031583233,2139,0,0,0,0,135,0,2004
g361031583234,2445,118,3,3,36,163,0,2122
g361031584011,1380,14,10,82,4,9,11,1250
g361031584021,2420,37,62,16,15,59,0,2231
g361031584022,468,2,2,31,1,0,1,431
g361031584023,1516,19,70,0,0,0,0,1427
g361031584031,1150,41,32,30,0,8,36,1003
g361031584032,919,22,25,0,82,100,0,690
g361031584051,2039,69,60,10,2,98,3,1797
g361031584052,1108,1,10,0,0,0,99,998
g361031584053,1522,0,0,0,41,0,0,1481
g361031584071,1439,24,3,125,0,72,0,1215
g361031584072,1849,18,0,91,19,126,134,1461
g361031584073,940,0,0,0,295,13,0,632
g361031584074,1669,21,2,2,11,141,0,1492
g361031584081,2272,72,141,102,10,175,147,1625
g361031584082,1861,22,135,23,0,81,27,1573
g361031584091,1327,10,138,33,92,9,0,1045
g361031584092,1703,24,8,14,179,87,68,1323
g361031584093,814,18,0,0,0,0,0,796
g361031584101,1540,35,0,0,43,101,16,1345
g361031584102,1078,63,61,69,24,107,39,715
g361031584103,643,106,0,32,16,139,97,253
g361031585021,1804,39,10,19,17,21,16,1682
g361031585022,768,12,33,7,16,31,8,661
g361031585023,1217,34,137,88,205,115,28,610
g361031585051,2847,4,292,7,18,165,25,2336
g361031585052,991,30,45,93,0,26,0,797
g361031585053,686,74,49,75,11,17,0,460
g361031585061,1893,59,0,103,0,225,43,1463
g361031585062,743,101,12,0,0,0,36,594
g361031585071,876,8,0,8,0,14,25,821
g361031585072,1138,16,26,0,0,22,0,1074
g361031585073,1927,37,85,7,64,8,0,1726
g361031585081,1299,15,44,0,50,0,0,1190
g361031585082,1709,8,0,0,126,91,0,1484
g361031585083,1464,2,3,15,0,0,0,1444
g361031585084,605,22,2,3,25,0,20,533
g361031585085,1289,0,0,0,17,0,0,1272
g361031585091,1276,34,89,0,64,17,0,1072
g361031585092,1535,13,125,27,9,0,12,1349
g361031585093,2109,137,256,69,60,169,0,1418
g361031585101,2806,18,22,0,312,230,34,2190
g361031585102,1378,0,90,185,54,64,218,767
g361031585103,1558,192,52,16,25,1,0,1272
g361031585104,1510,0,65,139,75,65,0,1166
g361031585111,1665,11,76,0,41,13,32,1492
g361031585112,2824,52,8,7,7,161,141,2448
g361031585113,2410,6,186,7,65,325,28,1793
g361031585121,1891,0,77,13,13,9,10,1769
g361031585122,1590,100,1,1,19,263,0,1206
g361031586041,1480,3,20,46,31,65,21,1294
g361031586042,1031,11,0,65,9,213,0,733
g361031586043,2402,33,36,30,134,96,0,2073
g361031586051,2753,33,104,0,22,12,67,2515
g361031586052,2493,25,40,79,40,82,131,2096
g361031586061,1727,101,22,0,45,26,24,1509
g361031586062,1100,0,54,0,120,117,24,785
g361031586063,1887,95,45,62,30,291,0,1364
g361031586071,1599,9,95,102,63,38,40,1252
g361031586072,1387,38,123,89,136,23,60,918
g361031586081,957,68,93,54,54,38,9,641
g361031586082,1205,7,28,0,50,19,47,1054
g361031586083,1584,17,22,11,65,7,0,1462
g361031586091,1882,19,7,14,25,53,69,1695
g361031586092,1560,0,12,0,10,64,48,1426
g361031586093,1097,24,20,0,0,112,22,919
g361031587041,2048,132,220,0,118,101,351,1126
g361031587042,1025,6,34,0,134,53,0,798
g361031587043,1576,3,120,53,0,92,0,1308
g361031587044,2800,371,116,165,306,236,0,1606
g361031587045,1259,15,19,16,55,17,31,1106
g361031587051,1433,53,184,17,86,129,0,964
g361031587052,1393,62,74,0,68,117,12,1060
g361031587053,1088,157,144,8,50,66,0,663
g361031587071,1604,44,35,5,19,52,60,1389
g361031587081,599,62,59,82,0,0,24,372
g361031587082,1974,64,128,107,304,72,16,1283
g361031587083,1198,241,14,0,54,0,100,789
g361031587091,2175,267,132,48,48,81,32,1567
g361031587101,1532,155,98,9,62,15,75,1118
g361031587102,799,21,0,8,27,0,24,719
g361031587103,1441,25,28,1,45,60,0,1282
g361031587104,0,0,0,0,0,0,0,0
g361031587111,1358,22,0,11,0,0,0,1325
g361031587112,1250,117,4,53,16,46,33,981
g361031587113,2581,99,40,107,388,202,32,1713
g361031587121,2006,152,281,0,63,19,0,1491
g361031587122,1725,0,0,71,27,264,0,1363
g361031587123,891,10,26,0,12,53,52,738
g361031587124,1065,120,20,0,31,0,0,894
g361031587125,1725,220,0,0,56,106,0,1343
g361031588021,2106,21,0,20,23,0,76,1966
g361031588022,1569,27,0,17,39,25,12,1449
g361031588023,927,42,83,0,0,64,0,738
g361031588031,1832,13,0,0,0,18,153,1648
g361031588032,1449,3,76,23,50,63,10,1224
g361031588033,2695,0,62,96,25,0,0,2512
g361031588034,734,31,17,12,34,0,12,628
g361031588041,1686,33,105,285,22,0,0,1241
g361031588042,861,32,43,11,12,0,0,763
g361031588043,1064,72,19,28,0,201,0,744
g361031588044,872,11,11,94,260,58,0,438
g361031588045,1113,21,14,12,0,0,11,1055
g361031588046,1120,149,0,24,19,11,0,917
g361031589001,1357,22,234,233,17,0,108,743
g361031589002,2210,238,343,64,69,137,41,1318
g361031589003,901,0,0,16,0,0,0,885
g361031589004,611,78,16,9,0,44,52,412
g361031589005,2109,126,27,30,53,160,112,1601
g361031590001,2049,135,87,183,89,99,73,1383
g361031590002,1660,23,144,100,57,54,106,1176
g361031590003,1026,17,193,54,85,34,0,643
g361031591021,1230,235,263,32,22,48,45,585
g361031591022,1525,62,209,37,56,58,25,1078
g361031591023,1094,0,0,0,0,33,0,1061
g361031591024,1599,4,108,26,2,390,139,930
g361031591025,725,122,69,126,46,169,32,161
g361031591031,800,83,63,7,38,8,0,601
g361031591032,792,193,0,40,0,0,0,559
g361031591033,2877,508,307,200,12,278,145,1427
g361031591034,1994,616,512,8,147,185,0,526
g361031591051,1866,15,93,132,34,13,0,1579
g361031591052,1596,0,46,175,89,29,0,1257
g361031591053,2253,39,105,6,2,0,169,1932
g361031591054,1213,16,0,0,47,0,0,1150
g361031591061,1518,51,0,0,126,222,57,1062
g361031591062,2865,185,27,34,55,40,0,2524
g361031591063,1272,3,14,1,16,12,39,1187
g361031591071,1356,0,54,15,0,19,78,1190
g361031591072,1026,10,14,34,0,19,0,949
g361031591073,1423,11,65,0,51,65,0,1231
g361031591081,820,0,0,0,0,9,0,811
g361031591082,3567,89,111,27,26,276,0,3038
g361031591083,1318,0,0,0,0,0,0,1318
g361031591084,946,0,0,0,56,33,0,857
g361031591085,1157,0,0,0,8,155,142,852
g361031592011,1342,97,113,11,22,22,0,1077
g361031592012,1914,5,5,243,23,9,0,1629
g361031592031,1348,17,161,0,33,44,0,1093
g361031592032,2337,269,14,0,14,14,30,1996
g361031592033,1872,113,160,0,0,0,39,1560
g361031592041,862,17,184,0,40,39,21,561
g361031592042,757,15,37,0,0,0,0,705
g361031592043,1284,82,30,84,48,10,13,1017
g361031592044,825,0,16,0,0,42,0,767
g361031593001,585,38,6,0,15,45,0,481
g361031593002,1384,43,0,58,16,29,13,1225
g361031594041,1475,80,102,0,240,15,55,983
g361031594042,677,0,75,42,157,74,0,329
g361031594043,1908,553,81,37,110,172,0,955
g361031594044,1905,166,189,18,31,260,125,1116
g361031594045,1445,0,0,49,43,347,0,1006
g361031594061,1190,34,91,35,0,42,0,988
g361031594062,1364,134,95,77,18,83,31,926
g361031594063,1605,0,90,51,255,179,0,1030
g361031594071,2951,66,287,110,0,31,0,2457
g361031594072,1503,70,61,37,179,33,0,1123
g361031594073,2190,0,0,147,26,40,0,1977
g361031594081,2962,29,65,222,56,128,7,2455
g361031594082,1003,127,86,9,61,0,0,720
g361031594101,1385,77,0,0,18,0,0,1290
g361031594102,1749,20,156,130,303,0,0,1140
g361031594103,5257,106,78,46,14,132,0,4881
g361031594111,2113,54,106,9,0,77,5,1862
g361031594112,1436,42,171,44,4,9,0,1166
g361031594121,978,6,0,0,13,155,77,727
g361031594122,1889,30,0,34,30,42,0,1753
g361031594123,2856,100,79,198,34,41,63,2341
g361031594124,1799,41,42,28,0,0,19,1669
g361031595051,1719,0,0,23,0,0,0,1696
g361031595052,1857,238,0,379,14,198,71,957
g361031595053,1172,44,0,130,0,136,0,862
g361031595054,1731,195,0,0,0,62,0,1474
g361031595055,2192,9,0,102,0,136,0,1945
g361031595061,2160,45,30,0,157,0,379,1549
g361031595062,2508,47,425,41,21,9,144,1821
g361031595063,1508,20,201,16,28,83,0,1160
g361031595064,2311,257,249,32,3,0,330,1440
g361031595081,2044,0,313,0,13,0,0,1718
g361031595082,1532,153,0,91,54,12,25,1197
g361031595083,2238,463,127,0,52,14,0,1582
g361031595084,1897,12,1,116,47,104,254,1363
g361031595091,632,0,32,0,50,0,15,535
g361031595092,963,16,162,96,78,125,76,410
g361031595093,941,180,145,0,9,0,0,607
g361031595101,191,0,16,8,21,10,17,119
g361031595102,12,0,0,0,0,0,0,12
g361031595111,2298,32,12,23,211,19,0,2001
g361031595112,1608,252,57,48,332,72,40,807
g361031595113,1189,168,201,66,27,0,0,727
g361031595114,1879,0,79,0,0,12,360,1428
g361031595121,2519,525,83,92,18,1,58,1742
g361031596011,1573,0,0,0,20,34,15,1504
g361031596012,779,0,0,27,13,0,11,728
g361031596013,953,0,2,0,2,80,0,869
g361031596014,1309,0,13,0,0,51,0,1245
g361031596015,1733,79,0,77,0,115,288,1174
g361031596021,2407,32,1,8,1,92,0,2273
g361031596022,1634,62,72,24,26,73,0,1377
g361031697011,1276,0,63,0,11,37,31,1134
g361031697012,1133,0,51,17,16,63,0,986
g361031697013,2044,0,45,13,24,248,53,1661
g361031697014,1458,129,0,0,15,0,0,1314
g361031697015,1662,36,16,0,19,69,0,1522
g361031697031,1500,27,23,33,76,18,44,1279
g361031697041,847,18,10,45,82,18,35,639
g361031697042,1101,83,0,7,4,59,0,948
g361031697043,1872,75,87,433,23,58,592,604
g361031697044,1035,15,38,173,81,36,17,675
g361031697045,433,0,17,76,29,75,0,236
g361031697046,1584,0,68,22,16,194,0,1284
g361031698001,2136,375,26,24,52,61,38,1560
g361031698002,1081,122,121,48,94,45,0,651
g361031698003,1700,74,100,0,198,240,71,1017
g361031698004,1169,124,101,72,29,396,0,447
g361031699011,1478,304,10,0,13,0,10,1141
g361031699012,4632,57,211,108,317,478,14,3447
g361031699021,1574,0,52,0,83,275,0,1164
g361031699022,892,0,261,0,18,0,0,613
g361031699023,681,0,0,0,0,51,0,630
g361031699024,234,0,0,0,0,0,0,234
g361031699025,1778,312,8,57,3,58,6,1334
g361031700011,1336,0,0,75,0,51,22,1188
g361031700012,1580,61,48,76,14,70,37,1274
g361031700013,619,25,0,157,0,21,0,416
g361031700014,755,6,18,128,109,15,95,384
g361031700015,1242,42,0,2,0,45,0,1153
g361031700021,452,0,0,57,0,0,0,395
g361031700022,1086,39,51,0,17,44,0,935
g361031700023,629,0,12,0,0,8,0,609
g361031700024,1082,10,0,7,20,8,0,1037
g361031700025,701,9,18,48,6,15,39,566
g361031701011,946,12,171,106,29,27,19,582
g361031701012,1323,164,62,35,25,68,93,876
g361031702011,1426,0,7,0,0,0,17,1402
g361031702012,1282,29,0,14,0,0,0,1239
g361031702013,711,0,7,6,0,0,0,698
g361031702014,607,74,0,0,0,0,0,533
g361031702015,510,0,0,51,17,0,49,393
g361031702016,1136,0,22,0,0,4,0,1110
g361031702017,617,0,0,36,0,14,0,567
g361031702021,607,27,17,0,29,10,44,480
g361031702022,296,0,2,0,1,15,0,278
g361031702023,932,0,14,47,45,58,8,760
g361031702024,712,2,11,11,2,10,1,675
g361031702025,1214,97,90,56,32,38,26,875
g361031803001,1343,0,0,0,5,0,0,1338
g361031803002,1270,0,0,22,0,36,142,1070
g361031904011,1010,5,80,0,0,77,0,848
g361031904012,470,61,0,110,0,0,44,255
g361031904013,685,0,139,48,72,19,0,407
g361031904014,8,8,0,0,0,0,0,0
g361031904015,1193,80,202,0,127,0,0,784
g361031904016,941,17,0,0,17,16,24,867
g361031904017,2900,224,344,666,0,0,453,1213
g361031904021,1220,221,42,25,123,10,10,789
g361031904022,1096,0,31,44,0,43,19,959
g361031904031,909,50,42,0,30,32,10,745
g361031904032,940,0,74,0,0,107,107,652
g361031904033,1541,41,9,29,42,77,62,1281
g361031905021,651,0,43,10,74,0,0,524
g361031905022,929,16,85,16,29,56,37,690
g361031905023,871,46,30,3,40,42,13,697
g361031905031,774,0,24,0,126,0,19,605
g361031905032,1063,173,6,1,29,37,143,674
g361031905033,781,10,20,0,0,0,0,751
g361031905034,418,11,0,0,32,0,0,375
g361031905041,585,28,0,0,18,32,3,504
g361031905042,571,12,1,19,2,9,0,528
g361031905043,598,0,0,0,0,0,0,598
g361031906011,462,2,3,2,2,0,29,424
g361031906012,899,26,9,20,0,11,0,833
g361031906013,1220,34,11,15,0,0,0,1160
g361031906014,807,16,9,0,80,9,7,686
g361031906015,468,0,0,0,0,0,55,413
g361031906016,426,10,11,22,0,36,0,347
g361031906031,923,22,91,37,42,26,204,501
g361031906032,2189,20,0,115,322,223,62,1447
g361031906033,1127,43,22,0,9,181,0,872
g361031906041,1868,103,3,101,75,52,0,1534
g361031906042,1478,58,94,62,18,137,0,1109
g361031906043,609,39,14,22,59,9,49,417
g361031907041,1083,0,22,0,236,0,0,825
g361031907042,350,0,0,0,0,0,0,350
g361031907043,232,0,2,0,0,0,5,225
g361031907044,481,1,16,52,10,10,64,328
g361031907045,825,29,0,4,0,0,0,792
g361031907051,244,9,40,8,6,9,44,128
g361031907052,1231,17,88,82,85,19,0,940
g361031907053,316,12,25,0,0,25,13,241
g361031907054,920,0,24,0,35,207,68,586
g361031907055,910,46,116,42,71,0,41,594
g361031907061,990,31,9,24,0,29,24,873
g361031907062,1322,58,48,8,10,44,101,1053
g361031907063,627,5,10,0,0,0,0,612
g361031907064,671,10,70,0,0,12,0,579
g361031907065,911,12,0,0,100,11,0,788
g361031907071,1380,0,22,47,22,25,0,1264
g361031907072,1097,40,421,0,0,66,8,562
g361031907073,552,0,0,15,1,0,26,510
g361031907074,1048,5,6,4,4,41,178,810
g361031907075,989,0,9,46,16,34,17,867
g361031907081,924,11,10,28,11,66,10,788
g361031907082,1062,53,59,0,8,64,0,878
g361031908001,822,9,171,24,0,29,0,589
g361031908002,829,104,82,9,13,0,18,603
g361031908003,672,1,0,15,14,0,0,642
g361031908004,603,34,9,0,0,47,0,513
g361032009011,681,3,21,18,7,3,3,626
g361032009012,474,22,3,6,3,21,19,400
g361032009021,1496,36,0,0,19,32,18,1391
g361032009022,704,0,71,0,0,0,0,633
g361032009023,1175,108,208,0,0,85,0,774
g361032009024,600,0,0,0,0,239,0,361
g361032009025,695,37,89,19,7,42,0,501
g361032009026,1709,18,16,0,17,172,0,1486
g361032009027,885,11,5,0,6,61,0,802
g361032010011,1186,0,29,0,0,123,0,1034
g361032010012,850,44,219,67,0,32,0,488
g361032010013,1087,51,56,0,16,17,11,936
g361032010014,750,0,0,0,0,51,0,699
g361032010015,1982,18,12,33,345,59,125,1390
g361032010031,1488,98,38,61,12,167,215,897
g361032010032,609,0,30,7,0,0,0,572
g361032010033,172,0,35,0,0,0,0,137
g361032010034,746,6,3,10,40,60,13,614
g361032010035,938,13,60,61,0,34,0,770
g361032010041,182,10,0,0,0,30,0,142
g361032010042,648,30,136,0,18,9,28,427
g361032010043,495,48,0,9,46,0,0,392
g361032010044,521,61,15,21,0,0,9,415
g361032010045,986,42,0,0,0,110,0,834
g361032010046,606,0,16,16,0,9,0,565
g361032011001,2379,164,12,0,218,70,0,1915
g361032011002,1774,59,13,0,150,105,128,1319
g361032011003,125,70,34,7,14,0,0,0
g361032011004,1822,0,107,0,37,494,12,1172
g361039901000,0,0,0,0,0,0,0,0
