GEOID,C17002_001M,C17002_002M,C17002_003M,C17002_004M,C17002_005M,C17002_006M,C17002_007M,C17002_008M
g361031101011,273,30,19,5,11,32,11,278
g361031101012,275,62,45,21,8,11,11,281
g361031101021,296,17,16,44,11,10,11,300
g361031101022,170,12,25,11,22,97,11,179
g361031101023,261,11,21,11,11,20,11,266
g361031101024,224,25,11,11,11,11,68,223
g361031102001,280,23,9,3,6,11,11,283
g361031102002,210,11,4,33,27,11,11,210
g361031102003,220,108,11,29,11,11,112,166
g361031102004,227,40,11,11,11,59,18,248
g361031102005,417,11,236,11,11,15,11,385
g361031103001,100,38,11,11,15,6,6,93
g361031103002,486,15,11,14,11,100,11,498
g361031103003,230,39,11,11,17,18,11,230
g361031103004,246,25,11,14,11,28,11,251
g361031103005,163,9,74,23,5,27,11,143
g361031104011,200,11,11,11,11,55,11,202
g361031104012,215,24,8,11,41,47,7,206
g361031104021,306,11,25,22,23,16,58,317
g361031104022,313,28,86,11,11,54,11,282
g361031105011,370,27,19,27,57,151,11,373
g361031105012,150,84,96,11,11,11,11,158
g361031105021,241,22,50,17,64,11,39,246
g361031105022,222,20,21,6,57,11,13,217
g361031106001,323,34,63,104,11,26,11,353
g361031106002,452,11,11,25,111,11,85,458
g361031106003,306,76,44,74,26,58,11,311
g361031106004,304,11,11,11,27,152,19,296
g361031106005,223,11,11,11,24,42,126,233
g361031108011,160,29,20,56,29,11,11,167
g361031108012,102,21,11,11,10,33,11,97
g361031108031,305,92,203,11,11,22,11,238
g361031108032,514,145,80,20,11,258,73,462
g361031108033,359,11,24,11,11,25,11,358
g361031108034,369,11,47,11,11,92,11,372
g361031109011,387,21,24,69,11,11,11,386
g361031109012,149,11,54,11,11,11,11,150
g361031109013,247,29,11,11,21,28,11,241
g361031109021,366,270,148,150,11,73,11,207
g361031109022,347,80,324,93,152,221,11,144
g361031109023,241,34,122,11,18,16,37,235
g361031110011,195,13,76,163,11,119,11,167
g361031110012,246,35,75,20,59,16,11,261
g361031110021,260,13,145,41,198,16,11,110
g361031110022,253,13,27,138,11,11,68,236
g361031110023,590,321,485,185,103,265,180,303
g361031110024,436,257,148,24,52,93,75,359
g361031111001,933,125,421,645,122,190,154,570
g361031111002,864,95,73,11,482,11,11,741
g361031111003,473,11,96,270,27,120,11,479
g361031111004,538,105,220,274,218,29,11,388
g361031111005,710,49,94,11,11,62,11,767
g361031112011,941,80,279,254,17,161,11,668
g361031112012,486,100,203,15,387,257,11,442
g361031112013,288,36,45,17,32,33,11,285
g361031112021,501,32,70,16,31,22,11,502
g361031112022,229,112,59,11,119,11,11,129
g361031112023,268,4,11,5,90,71,79,289
g361031113001,292,11,67,20,62,56,11,289
g361031113002,236,11,39,45,11,11,74,229
g361031113003,204,17,19,11,11,11,11,199
g361031114011,166,21,14,10,11,21,11,150
g361031114021,303,11,24,11,95,53,37,297
g361031114022,407,11,40,11,28,45,11,410
g361031114023,304,22,13,51,11,30,11,299
g361031114024,251,9,124,18,11,11,11,236
g361031115031,198,28,21,11,86,11,11,195
g361031115032,612,53,569,52,11,101,25,347
g361031115033,254,19,31,39,79,87,19,272
g361031115041,106,12,55,2,48,108,31,134
g361031115051,347,72,20,11,28,43,11,314
g361031115052,327,16,15,58,25,103,180,272
g361031115053,309,17,25,14,11,33,11,313
g361031115054,579,11,216,255,11,11,155,502
g361031115061,254,23,46,14,39,15,11,253
g361031115062,412,43,41,11,288,71,11,411
g361031116011,304,44,14,11,98,31,14,296
g361031116012,280,46,44,2,14,11,126,309
g361031116021,253,53,11,18,84,16,18,273
g361031116022,280,11,6,18,23,236,43,278
g361031117011,266,11,46,11,28,79,11,256
g361031117012,351,104,81,270,11,11,11,283
g361031117013,235,11,16,60,11,29,11,240
g361031117014,278,11,111,11,12,7,11,285
g361031117015,349,34,24,39,11,11,45,352
g361031117031,179,46,73,11,11,11,11,182
g361031117032,205,11,92,47,14,173,49,276
g361031117041,231,30,11,11,33,11,28,222
g361031117042,181,11,11,11,11,11,14,182
g361031117043,214,11,25,15,11,16,11,219
g361031118011,327,9,3,2,19,118,11,315
g361031118012,524,11,46,11,156,229,11,479
g361031118013,476,11,11,85,13,89,29,453
g361031118014,204,80,11,11,25,37,11,183
g361031118021,181,37,32,12,121,129,12,223
g361031118022,169,35,11,11,11,111,11,152
g361031118031,207,33,11,11,46,44,70,209
g361031118032,204,11,17,11,27,13,111,209
g361031118041,152,25,25,162,11,56,46,211
g361031119001,209,11,11,11,54,43,11,231
g361031119002,227,22,11,11,11,77,11,230
g361031119003,163,51,12,11,11,15,11,179
g361031119004,252,41,11,101,11,87,11,250
g361031119005,347,20,11,11,11,47,11,366
g361031120011,349,31,44,20,152,12,11,295
g361031120012,366,175,36,195,11,44,97,355
g361031120021,296,30,41,47,14,40,11,298
g361031120022,189,18,11,12,11,45,2,190
g361031120023,248,27,14,27,22,28,11,259
g361031121021,393,15,70,28,111,52,24,384
g361031121022,290,11,67,11,7,78,112,285
g361031121031,212,11,41,11,57,62,16,217
g361031121032,310,23,95,37,32,11,152,340
g361031121033,278,65,21,98,53,14,18,275
g361031121041,221,123,35,24,130,59,41,273
g361031122041,202,89,14,11,17,11,11,214
g361031122042,264,30,15,11,11,10,11,257
g361031122043,220,34,14,17,11,78,19,226
g361031122061,440,129,175,11,204,84,11,449
g361031122062,354,112,91,11,32,20,11,365
g361031122063,451,111,83,46,50,24,88,433
g361031122064,211,11,11,11,11,11,11,211
g361031122101,365,6,6,7,37,11,11,375
g361031122102,428,34,27,11,45,190,11,429
g361031122103,524,11,11,11,11,11,72,512
g361031122104,518,75,38,11,15,94,49,518
g361031122111,408,20,11,142,260,11,11,398
g361031122112,323,50,41,11,28,11,11,333
g361031122113,259,34,11,186,11,60,11,208
g361031122121,216,3,78,11,11,130,46,188
g361031122122,347,47,26,19,11,13,11,370
g361031122131,309,68,43,63,112,67,49,340
g361031122132,249,54,44,11,11,20,11,252
g361031122133,294,48,81,11,12,11,11,295
g361031122141,547,11,11,11,425,11,11,361
g361031122142,498,87,36,21,21,305,11,406
g361031122143,429,123,63,74,22,28,45,410
g361031122144,288,11,11,11,11,11,11,288
g361031223001,304,33,73,18,11,11,43,312
g361031223002,408,13,122,125,69,101,37,480
g361031224031,270,12,7,38,125,35,11,252
g361031224032,254,45,66,36,51,72,16,242
g361031224041,307,148,96,27,11,50,10,297
g361031224042,275,24,26,11,7,145,12,270
g361031224051,331,106,127,85,125,103,44,369
g361031224052,234,11,18,11,44,16,11,241
g361031224061,530,11,229,11,194,51,11,452
g361031224062,496,228,128,11,11,225,156,414
g361031224063,411,39,19,134,133,79,11,379
g361031225011,387,145,38,116,54,11,97,360
g361031225012,387,26,179,35,74,110,11,363
g361031225013,318,41,177,18,222,155,133,217
g361031225021,517,40,207,261,88,125,133,548
g361031225022,292,178,11,11,103,117,11,248
g361031225023,297,40,9,203,18,127,11,255
g361031226011,377,30,102,14,36,103,11,373
g361031226012,313,15,49,40,11,11,24,317
g361031226013,328,3,77,49,59,233,29,268
g361031226021,328,27,43,11,108,88,18,356
g361031226022,377,45,34,54,19,172,96,359
g361031226031,372,11,89,29,11,50,30,363
g361031226032,424,40,90,41,89,23,11,450
g361031226033,236,42,15,34,11,30,11,238
g361031226034,376,11,18,11,179,45,11,380
g361031227041,328,11,66,11,12,164,135,172
g361031227042,178,23,50,74,28,65,27,174
g361031227051,231,98,14,92,33,58,11,202
g361031227052,207,81,11,40,14,14,16,203
g361031227061,362,11,62,11,73,78,11,326
g361031227062,354,41,97,11,11,10,34,374
g361031227063,202,54,18,11,11,11,11,207
g361031227071,298,104,56,144,68,19,71,363
g361031227072,253,11,11,11,20,94,25,264
g361031228011,500,40,49,11,11,35,11,500
g361031228012,445,86,32,30,14,100,11,425
g361031228013,150,52,11,11,50,65,38,155
g361031228014,748,170,148,11,11,11,11,691
g361031228021,309,38,89,170,8,62,11,387
g361031228022,292,55,78,16,167,41,31,281
g361031229011,466,26,132,15,99,281,18,415
g361031229012,383,6,36,111,249,11,11,321
g361031229013,275,19,39,11,11,23,11,272
g361031229014,421,97,5,11,45,45,36,428
g361031229021,368,18,208,64,90,125,12,321
g361031229022,235,53,3,16,38,29,53,238
g361031229023,403,76,33,11,225,52,11,404
g361031230011,456,34,11,34,26,78,11,454
g361031230012,401,43,11,13,23,287,143,284
g361031230013,429,178,53,59,16,129,17,456
g361031230014,412,39,11,27,45,41,11,411
g361031230021,305,11,11,55,139,20,11,287
g361031230022,274,73,72,11,21,24,11,273
g361031230023,314,11,30,19,48,10,11,325
g361031231011,276,107,11,9,73,11,11,261
g361031231012,270,11,11,11,11,13,46,267
g361031231013,419,136,12,22,37,18,100,389
g361031231021,268,11,53,11,11,20,11,274
g361031231022,296,27,49,11,14,100,109,268
g361031231023,269,36,11,232,24,11,13,209
g361031232011,217,53,64,49,67,119,8,283
g361031232021,594,11,162,14,130,11,11,559
g361031232022,407,137,40,57,158,11,18,346
g361031232023,1224,50,39,21,38,283,11,1252
g361031232024,1010,97,11,306,72,77,11,1000
g361031233011,674,44,143,122,68,381,118,413
g361031233012,718,85,78,66,506,32,21,448
g361031233013,291,33,13,11,38,23,83,283
g361031233014,501,56,100,51,11,189,11,513
g361031233015,671,129,11,11,11,75,11,705
g361031233016,488,167,42,308,11,209,11,272
g361031233021,332,87,119,40,135,134,46,282
g361031234011,325,25,7,155,29,127,84,251
g361031234012,457,11,91,11,30,76,41,496
g361031234013,310,11,190,15,56,197,94,304
g361031234021,506,33,203,119,11,127,101,517
g361031234022,490,21,83,27,11,425,34,418
g361031234023,459,27,11,11,32,192,11,422
g361031234024,459,67,417,182,11,97,11,116
g361031234025,373,20,77,46,106,62,74,382
g361031235001,470,31,100,11,41,154,175,455
g361031235002,324,11,158,316,71,42,31,122
g361031235003,476,365,27,16,14,11,132,279
g361031235004,392,14,242,23,87,18,11,392
g361031236001,225,11,18,11,11,43,76,217
g361031236002,162,79,11,11,11,11,11,185
g361031236003,215,11,28,11,85,11,11,221
g361031237011,593,73,129,72,117,257,11,441
g361031237012,544,44,205,442,148,247,23,287
g361031237013,391,106,132,50,25,226,79,300
g361031237014,411,107,47,106,76,198,91,342
g361031237021,903,59,26,117,572,364,63,650
g361031237022,483,158,56,220,11,33,11,434
g361031237023,421,11,11,23,39,387,33,283
g361031237024,557,61,185,403,220,125,69,421
g361031238011,249,11,63,11,13,11,11,271
g361031238012,477,49,37,14,13,4,15,472
g361031238013,460,20,72,79,79,52,11,452
g361031238021,267,117,16,21,48,82,60,253
g361031238022,349,11,68,11,42,82,17,359
g361031239001,344,50,94,54,56,40,105,307
g361031239002,208,14,13,16,11,26,19,216
g361031239003,212,124,15,11,47,20,60,201
g361031239004,445,12,37,11,70,326,127,399
g361031239005,164,11,23,11,11,13,80,138
g361031240011,424,13,174,22,85,44,11,468
g361031240012,361,106,25,33,61,248,11,347
g361031240013,117,49,11,11,11,12,11,111
g361031240021,274,54,84,147,173,18,163,265
g361031240022,299,11,16,20,48,72,85,317
g361031241011,538,27,38,74,53,14,8,562
g361031241012,347,11,62,11,11,150,183,309
g361031241013,414,82,11,27,31,64,11,404
g361031241021,309,108,22,11,30,29,16,319
g361031241022,422,285,37,13,11,49,11,314
g361031242001,451,11,41,11,110,28,11,446
g361031242002,289,53,39,28,36,11,81,247
g361031242003,253,5,81,11,80,50,11,234
g361031242004,478,30,11,11,11,23,11,483
g361031242005,519,81,11,11,49,136,11,525
g361031243001,379,11,102,11,11,137,11,342
g361031243002,383,36,33,24,11,300,145,307
g361031243003,328,79,63,29,24,23,62,322
g361031243004,426,74,59,11,56,11,11,450
g361031243005,207,51,91,11,11,11,11,197
g361031244011,186,11,26,11,39,11,11,184
g361031244012,293,13,21,11,57,25,43,297
g361031244013,340,74,49,57,32,60,73,354
g361031244021,241,11,18,11,11,16,139,245
g361031244022,320,31,16,15,15,11,11,318
g361031244023,286,11,3,11,11,11,11,286
g361031245001,286,18,11,87,11,11,11,285
g361031245002,210,15,84,11,30,16,15,203
g361031245003,474,19,5,3,11,4,14,476
g361031245004,411,19,67,311,11,154,15,255
g361031246011,164,17,24,22,9,56,11,167
g361031246012,181,13,11,25,10,46,11,182
g361031246013,167,11,10,12,11,8,11,167
g361031246021,178,4,4,33,9,4,11,166
g361031246022,233,56,18,66,11,11,11,214
g361031246023,218,12,20,48,11,15,6,211
g361031246024,185,42,69,11,76,19,60,160
g361031347021,565,11,201,32,69,27,50,531
g361031347022,482,11,11,11,29,34,11,483
g361031347023,179,33,123,37,49,25,11,179
g361031347024,210,11,32,48,24,26,52,240
g361031347031,283,11,11,11,11,11,11,283
g361031347032,247,29,11,11,105,40,38,238
g361031347033,312,61,11,16,11,11,11,315
g361031347034,171,11,11,11,15,28,11,170
g361031347041,220,11,81,8,11,8,11,219
g361031347042,216,78,24,48,48,13,122,155
g361031349021,234,98,35,31,11,11,11,226
g361031349022,232,123,48,11,11,28,23,238
g361031349023,325,11,176,13,47,11,11,316
g361031349031,108,33,41,6,7,17,23,126
g361031349041,437,11,11,11,11,24,360,369
g361031349042,472,11,11,57,11,11,11,476
g361031349043,397,37,28,17,11,32,11,380
g361031349044,225,98,11,24,60,74,24,187
g361031349061,373,23,11,20,20,11,11,374
g361031349062,267,20,11,11,88,11,11,272
g361031349063,286,11,205,11,11,176,11,270
g361031349064,235,25,54,48,77,57,40,247
g361031349071,387,150,51,42,11,25,21,358
g361031349072,415,11,39,11,22,95,49,431
g361031350021,273,79,11,11,34,11,11,275
g361031350022,335,52,106,79,85,32,11,334
g361031350023,308,11,92,62,14,45,38,328
g361031350031,289,64,12,11,23,11,14,301
g361031350032,280,11,28,11,9,9,23,287
g361031350033,226,13,20,11,45,139,10,203
g361031350041,210,40,5,45,5,17,11,213
g361031350042,112,19,21,6,18,11,11,114
g361031350043,91,8,3,3,22,33,28,79
g361031350051,161,11,40,11,34,29,27,151
g361031350052,132,40,40,26,18,38,71,133
g361031350053,258,8,5,4,11,11,3,258
g361031351011,259,25,8,4,11,89,11,243
g361031351012,290,82,19,11,13,88,38,314
g361031351021,208,11,27,11,34,11,11,218
g361031351022,306,21,92,23,26,21,42,306
g361031351023,240,11,12,11,11,34,41,241
g361031351031,347,52,11,12,33,18,30,324
g361031351032,236,11,11,86,11,43,11,254
g361031351033,305,11,103,23,11,42,154,311
g361031351041,278,14,11,11,11,70,11,282
g361031351042,339,74,137,63,11,32,15,372
g361031351043,198,22,139,11,80,44,61,179
g361031352011,119,40,65,45,19,7,9,165
g361031352041,359,11,11,11,20,11,11,359
g361031352042,371,11,110,11,21,53,11,394
g361031352043,239,4,2,40,2,13,11,244
g361031352051,251,93,11,28,52,85,24,246
g361031352052,252,31,50,11,63,83,24,268
g361031352053,200,21,59,15,2,41,107,205
g361031352081,232,15,33,11,17,132,11,239
g361031352082,261,34,18,11,88,11,11,291
g361031352091,276,10,21,32,28,21,11,288
g361031352092,235,11,11,150,11,57,26,231
g361031353011,245,72,18,12,64,71,11,286
g361031353012,313,26,3,3,4,80,12,294
g361031353013,307,11,193,11,17,11,11,260
g361031353031,441,30,25,284,15,28,26,364
g361031353032,312,11,11,49,11,11,11,312
g361031353041,275,16,14,2,85,2,45,261
g361031353042,96,13,15,11,16,16,11,95
g361031354011,332,11,229,11,11,11,11,301
g361031354012,513,30,24,11,11,11,53,503
g361031354013,736,443,54,25,71,50,11,699
g361031354021,480,31,11,57,40,166,56,538
g361031354022,538,144,19,50,100,11,11,535
g361031354023,266,13,4,11,35,15,11,264
g361031354024,324,11,11,11,11,11,206,312
g361031354031,269,60,11,11,11,11,11,261
g361031354032,338,46,15,21,65,31,24,345
g361031354033,264,16,170,11,27,48,11,259
g361031456021,432,79,286,133,21,94,197,298
g361031456022,438,140,35,89,258,105,11,318
g361031456023,539,71,230,193,149,323,190,399
g361031456031,784,153,169,91,167,455,416,435
g361031456032,394,32,125,12,39,175,95,327
g361031456033,663,101,353,39,163,442,92,519
g361031456041,666,125,263,151,208,285,174,585
g361031456042,607,72,133,75,114,47,11,598
g361031456051,303,52,197,27,95,75,11,254
g361031456052,423,61,38,170,191,131,205,359
g361031457011,239,58,13,8,8,40,11,221
g361031457012,355,15,34,29,28,24,14,325
g361031457013,318,74,20,31,11,98,24,318
g361031457014,322,11,11,11,11,32,32,329
g361031457021,528,11,46,76,31,164,126,478
g361031457022,531,120,250,215,11,164,11,376
g361031457023,833,11,269,424,340,286,220,564
g361031457031,410,63,10,179,11,24,11,385
g361031457032,751,194,261,22,307,242,87,742
g361031457033,657,94,229,105,197,321,211,351
g361031457041,763,92,125,11,142,181,58,720
g361031457042,402,25,31,51,181,11,19,360
g361031457043,1086,32,636,563,14,77,62,755
g361031457044,343,206,48,65,54,81,58,276
g361031458031,378,21,106,6,6,22,11,355
g361031458032,409,11,59,46,16,22,11,376
g361031458033,381,13,13,72,69,82,11,393
g361031458041,217,15,26,64,131,127,45,238
g361031458042,218,55,50,12,87,11,6,237
g361031458051,242,21,68,68,33,53,11,248
g361031458052,339,24,11,11,179,120,61,369
g361031458053,359,4,59,39,24,27,18,370
g361031458054,352,35,26,88,78,171,11,422
g361031458071,311,7,19,43,23,73,31,338
g361031458072,333,93,48,50,45,80,11,350
g361031458081,270,154,86,11,18,27,11,315
g361031458082,230,60,109,168,35,15,18,237
g361031459011,672,125,92,5,322,77,36,319
g361031459012,377,73,46,80,347,80,64,368
g361031459021,719,85,141,49,214,292,11,666
g361031459022,605,47,213,160,91,19,11,583
g361031459023,493,105,78,159,11,243,21,417
g361031459024,919,76,324,11,268,11,11,917
g361031459031,498,11,129,11,19,17,14,516
g361031459032,409,20,28,34,78,68,155,377
g361031459033,436,11,35,11,66,267,11,363
g361031459034,523,53,75,56,28,216,203,362
g361031460011,735,223,34,143,133,357,11,672
g361031460012,560,253,225,199,280,101,11,477
g361031460021,567,56,33,17,274,104,71,523
g361031460022,434,18,210,11,159,34,11,377
g361031460023,695,160,4,275,73,324,11,654
g361031460031,749,66,8,51,273,11,11,647
g361031460032,940,12,11,31,165,16,11,960
g361031460033,822,72,148,122,153,19,99,826
g361031460034,663,32,14,11,89,83,11,669
g361031461021,229,226,45,28,161,33,45,273
g361031461031,234,11,11,11,11,11,39,243
g361031461032,453,10,11,11,11,51,37,447
g361031461051,290,26,82,68,44,79,117,277
g361031461052,604,66,15,51,193,309,346,605
g361031461053,554,30,78,11,92,121,95,546
g361031461061,546,85,119,63,88,96,71,480
g361031461062,377,23,57,207,61,73,57,357
g361031462011,469,184,158,175,265,247,258,456
g361031462012,493,111,271,61,202,172,187,364
g361031462021,706,157,150,7,510,125,193,496
g361031462022,619,115,95,334,281,97,94,548
g361031462031,546,246,17,398,59,103,140,443
g361031462032,396,72,112,11,11,17,11,366
g361031462033,682,347,131,69,533,177,15,419
g361031462041,586,27,101,113,213,248,213,544
g361031462042,667,71,160,440,261,182,126,522
g361031462043,569,37,98,11,11,235,85,425
g361031462051,256,7,2,2,11,30,13,256
g361031462052,276,11,6,11,6,70,20,280
g361031462061,263,22,124,11,118,180,11,196
g361031462062,262,40,44,21,105,24,63,246
g361031463001,207,29,37,39,49,87,11,201
g361031463002,241,94,34,46,88,14,19,209
g361031464021,380,140,26,18,15,17,100,335
g361031464022,238,52,11,16,11,11,11,234
g361031464023,344,15,2,92,10,11,11,364
g361031464031,489,48,155,51,11,162,56,438
g361031464032,350,108,68,201,58,194,11,305
g361031464033,464,69,70,401,187,51,45,322
g361031464041,634,114,80,122,11,111,538,360
g361031464042,350,61,180,97,90,156,11,265
g361031465001,215,14,11,82,40,56,11,222
g361031465002,253,11,131,11,11,117,11,237
g361031465003,337,11,67,11,24,11,11,342
g361031465004,303,38,87,35,35,69,91,231
g361031466041,289,44,52,11,11,49,16,305
g361031466042,284,19,11,103,11,202,102,294
g361031466043,236,50,57,11,124,23,44,194
g361031466051,87,10,21,15,151,98,48,139
g361031466061,294,45,11,11,36,22,11,306
g361031466062,381,24,25,52,299,28,16,329
g361031466063,499,38,310,41,35,19,11,395
g361031466064,541,104,11,48,164,216,111,507
g361031466071,228,42,78,25,46,139,27,198
g361031466072,301,25,11,11,37,37,122,296
g361031466081,324,34,129,31,33,189,100,273
g361031466082,269,11,12,5,40,23,11,259
g361031466111,229,111,78,11,31,108,32,237
g361031466112,235,12,11,79,11,14,10,236
g361031466121,326,107,12,29,15,91,88,300
g361031466122,346,4,11,13,21,159,16,330
g361031466123,380,11,11,13,40,128,11,411
g361031466131,245,38,65,11,18,48,63,270
g361031466132,390,2,14,41,126,117,269,374
g361031466141,339,2,96,14,11,2,8,344
g361031466142,305,11,31,11,11,11,11,303
g361031466143,523,34,11,11,30,120,24,458
g361031466151,286,11,30,11,11,11,37,294
g361031466152,284,50,47,119,11,17,11,270
g361031466153,275,46,123,11,23,20,72,288
g361031467031,544,77,148,48,44,315,215,445
g361031467032,395,38,19,151,62,57,33,388
g361031467041,101,37,13,42,16,86,73,181
g361031467051,274,132,57,11,11,35,11,281
g361031467052,252,110,39,101,44,20,23,247
g361031467061,194,18,59,11,11,17,11,193
g361031467062,174,8,4,22,71,62,10,183
g361031468001,376,11,11,75,213,121,11,389
g361031468002,395,12,11,11,40,97,11,409
g361031468003,293,20,11,11,11,11,11,292
g361031468004,214,11,13,11,11,28,11,220
g361031469011,319,12,152,11,11,35,43,352
g361031469012,335,11,11,11,22,15,13,328
g361031469013,218,166,47,11,26,11,37,189
g361031469014,206,16,147,11,122,14,11,193
g361031469021,306,5,64,11,24,21,11,313
g361031469022,350,90,49,29,146,11,11,248
g361031469023,202,9,11,11,11,11,11,202
g361031470011,238,11,110,11,11,11,11,219
g361031470012,172,11,11,11,11,49,11,162
g361031470013,327,25,24,28,47,53,36,348
g361031470031,402,46,56,7,11,20,14,394
g361031470032,387,9,6,19,7,4,11,388
g361031470033,256,27,11,11,22,6,11,258
g361031470041,74,11,5,11,3,11,5,73
g361031471001,147,4,9,11,11,18,11,150
g361031471002,132,22,9,74,34,14,11,126
g361031471003,147,36,11,22,17,48,11,140
g361031472001,857,116,11,11,136,58,463,811
g361031472002,239,37,62,54,11,11,11,228
g361031472003,447,170,26,359,27,70,11,287
g361031472004,261,11,11,11,49,247,11,214
g361031472005,279,25,99,70,173,23,11,190
g361031473001,536,28,38,27,11,73,174,574
g361031473002,330,11,51,18,11,112,11,297
g361031473003,433,67,11,88,40,240,11,403
g361031473004,599,31,11,344,11,60,59,618
g361031473005,587,30,526,74,22,165,11,202
g361031473006,431,289,50,30,20,204,11,286
g361031474011,435,69,25,46,62,43,258,406
g361031474012,269,149,31,24,73,11,98,248
g361031474013,481,8,54,25,33,11,93,477
g361031474014,242,23,11,11,26,21,11,245
g361031474021,153,11,11,11,99,16,11,163
g361031474022,199,4,11,11,11,11,11,201
g361031474023,165,16,11,16,11,26,11,166
g361031475011,365,11,22,11,99,11,11,355
g361031475012,531,11,176,24,11,198,2,557
g361031475013,307,30,11,90,11,11,44,300
g361031475014,367,11,11,11,11,11,11,367
g361031475015,603,2,365,11,11,23,11,479
g361031475016,344,54,23,98,125,34,11,338
g361031475021,230,11,14,11,16,11,16,232
g361031475022,281,11,43,14,25,11,11,290
g361031475023,321,81,11,82,29,85,11,299
g361031475024,447,82,42,4,4,24,348,429
g361031475025,243,11,18,11,132,11,52,242
g361031475031,226,22,53,33,25,61,11,236
g361031476011,225,9,17,11,18,7,7,228
g361031476012,200,25,11,26,31,46,11,200
g361031476021,385,11,24,60,51,45,11,389
g361031476022,340,11,76,104,11,89,11,367
g361031476023,322,19,33,11,19,20,283,242
g361031476024,338,19,76,52,235,26,11,219
g361031477011,215,2,75,136,44,33,116,251
g361031477012,187,33,50,15,21,48,4,189
g361031477021,280,19,25,83,11,11,36,291
g361031477022,228,11,12,11,19,69,11,199
g361031477023,345,11,23,146,95,22,11,355
g361031477024,227,18,5,5,11,37,11,214
g361031478021,222,29,16,18,61,11,11,207
g361031478022,277,12,14,11,129,11,17,274
g361031478023,219,12,11,43,11,13,32,216
g361031478031,175,28,21,16,94,64,26,196
g361031478032,194,83,28,60,11,60,11,192
g361031478041,324,11,15,16,31,48,11,329
g361031478042,246,167,11,11,11,80,11,199
g361031478043,312,11,13,11,36,14,21,313
g361031478044,196,17,38,19,11,72,11,226
g361031479011,313,89,15,62,30,40,78,309
g361031479012,159,33,31,72,11,78,18,148
g361031479013,338,137,40,12,153,70,122,315
g361031479021,183,88,11,11,22,100,43,123
g361031479022,345,13,11,27,48,12,25,357
g361031479023,364,14,30,11,11,203,139,370
g361031479024,234,19,55,11,11,57,11,244
g361031580011,138,16,11,4,9,4,26,134
g361031580012,152,7,16,11,4,26,11,151
g361031580013,147,11,19,11,11,11,11,147
g361031580014,225,13,11,11,11,46,11,226
g361031580015,239,7,11,9,11,11,11,238
g361031580021,274,22,11,11,11,54,11,279
g361031580022,236,11,11,11,43,80,11,223
g361031580023,422,133,34,28,52,94,11,365
g361031580024,423,11,152,11,11,11,44,391
g361031580025,233,49,11,11,31,11,11,242
g361031580026,328,11,11,11,22,125,11,319
g361031580061,406,30,22,29,11,120,23,398
g361031580062,419,132,21,53,11,11,11,430
g361031580063,362,196,27,11,11,25,35,348
g361031580064,191,49,11,11,11,11,11,190
g361031580071,11,11,11,11,11,11,11,11
g361031580072,46,11,11,17,11,11,11,52
g361031580073,13,11,11,11,11,11,11,13
g361031580074,11,11,11,11,11,11,11,11
g361031580091,195,3,11,47,4,8,11,199
g361031580092,187,8,26,38,7,44,11,195
g361031580101,274,11,20,66,11,11,11,286
g361031580102,264,34,11,11,11,11,11,249
g361031580103,167,23,11,11,11,11,11,173
g361031580111,254,8,15,26,47,152,11,260
g361031580112,297,23,304,11,25,11,11,291
g361031580113,228,19,25,50,31,39,37,221
g361031581021,410,15,64,135,28,68,22,434
g361031581022,416,21,32,131,25,11,41,423
g361031581031,425,306,31,64,123,98,11,378
g361031581032,344,11,20,47,11,86,11,366
g361031581041,320,55,11,165,15,69,11,350
g361031581042,303,117,15,11,17,178,143,277
g361031581043,400,11,89,11,11,11,11,398
g361031581071,265,33,47,28,63,41,11,264
g361031581072,302,214,11,60,35,13,15,350
g361031581081,187,87,195,8,35,61,11,216
g361031581101,377,48,50,37,11,79,73,383
g361031581102,361,120,42,94,19,79,11,400
g361031581111,249,25,101,11,44,11,21,249
g361031581112,224,31,45,11,15,124,11,214
g361031581121,325,228,22,19,112,212,47,364
g361031581122,407,148,126,37,56,190,11,404
g361031581141,230,51,80,112,102,143,141,271
g361031581151,493,6,11,123,31,227,6,523
g361031581152,642,103,69,11,11,11,11,618
g361031581153,424,37,11,11,41,11,11,424
g361031581161,219,122,41,15,24,8,11,221
g361031581162,173,9,102,4,18,15,11,131
g361031582021,637,11,55,11,11,540,67,367
g361031582022,796,172,615,23,94,173,11,519
g361031582023,522,135,38,41,33,38,16,470
g361031582024,390,19,11,11,11,56,11,385
g361031582025,506,30,62,6,37,246,180,527
g361031582031,142,6,45,11,47,25,72,139
g361031582051,182,11,58,11,11,11,57,175
g361031582052,172,11,11,25,12,35,11,180
g361031582061,263,85,11,12,11,139,62,176
g361031582062,233,77,72,25,92,3,21,222
g361031582063,272,45,20,25,190,14,49,240
g361031582071,162,42,9,3,4,11,11,153
g361031582072,306,11,11,24,24,11,35,301
g361031582073,139,59,14,13,14,48,14,109
g361031582074,248,2,51,40,2,16,46,240
g361031583041,389,11,46,44,137,12,11,406
g361031583042,632,654,13,7,9,61,11,415
g361031583043,491,11,263,11,11,11,161,388
g361031583044,319,11,11,11,50,48,11,334
g361031583061,420,20,11,16,11,460,166,397
g361031583062,302,53,97,37,187,11,52,250
g361031583063,483,3,6,4,45,61,11,464
g361031583081,539,27,25,26,112,42,529,292
g361031583082,501,11,11,11,86,112,42,491
g361031583083,641,227,6,6,11,148,30,610
g361031583084,542,105,14,11,159,292,11,465
g361031583091,411,108,105,65,243,29,26,422
g361031583092,369,23,39,11,16,102,21,387
g361031583101,284,25,17,14,11,52,11,284
g361031583102,268,46,96,45,22,35,48,229
g361031583151,345,69,28,11,21,114,18,358
g361031583152,388,24,200,166,125,280,309,472
g361031583171,470,216,103,24,17,11,27,421
g361031583172,618,63,169,73,6,452,120,344
g361031583173,513,11,11,6,11,11,11,513
g361031583181,339,59,4,6,4,133,2,313
g361031583182,250,95,11,11,14,91,60,256
g361031583183,289,42,15,11,116,35,12,290
g361031583191,311,85,75,132,62,127,12,304
g361031583192,287,108,151,11,115,30,11,200
g361031583193,284,11,22,11,56,25,15,273
g361031583201,378,6,8,11,11,32,19,372
g361031583202,464,109,11,11,11,202,60,384
g361031583203,229,46,58,39,91,33,11,229
g361031583204,422,25,11,11,11,69,34,409
g361031583211,1002,165,4,872,236,86,26,580
g361031583212,329,41,11,11,11,69,43,327
g361031583213,371,20,11,11,40,11,11,385
g361031583214,691,93,75,11,11,181,198,691
g361031583221,189,11,60,8,60,11,15,209
g361031583231,430,8,289,27,129,28,11,353
g361031583232,414,11,88,11,33,11,11,412
g361031583233,482,11,11,11,11,213,11,485
g361031583234,444,143,7,7,35,186,11,432
g361031584011,112,19,16,97,6,13,17,144
g361031584021,268,26,60,20,18,89,11,288
g361031584022,111,3,4,44,3,11,3,107
g361031584023,262,16,70,11,11,11,11,268
g361031584031,196,48,32,39,11,12,35,218
g361031584032,190,21,26,11,70,97,11,167
g361031584051,323,62,44,15,7,109,7,327
g361031584052,252,4,17,11,11,11,156,252
g361031584053,292,11,11,11,47,11,11,296
g361031584071,343,28,6,136,11,96,11,360
g361031584072,556,29,11,149,31,184,214,507
g361031584073,444,11,11,11,301,19,11,315
g361031584074,483,35,5,5,18,161,11,496
g361031584081,402,70,175,148,16,150,179,339
g361031584082,273,32,112,25,11,99,29,265
g361031584091,455,21,129,46,101,19,11,438
g361031584092,451,29,13,17,208,59,79,378
g361031584093,344,22,11,11,11,11,11,342
g361031584101,247,43,11,11,50,68,26,259
g361031584102,238,69,54,83,39,66,45,257
g361031584103,266,91,11,39,25,110,241,112
g361031585021,311,34,16,28,19,23,19,307
g361031585022,309,13,33,15,26,37,12,313
g361031585023,188,44,79,60,102,63,36,201
g361031585051,455,8,315,10,24,204,33,493
g361031585052,228,31,71,153,11,32,11,196
g361031585053,162,58,49,83,17,27,11,142
g361031585061,316,66,11,136,11,217,45,216
g361031585062,152,89,14,11,11,11,51,152
g361031585071,236,12,11,13,11,19,39,238
g361031585072,229,24,42,11,11,28,11,231
g361031585073,438,45,107,14,103,12,11,414
g361031585081,357,24,54,11,81,11,11,357
g361031585082,352,15,11,11,189,145,11,341
g361031585083,340,5,5,27,11,11,11,350
g361031585084,186,25,6,7,26,11,24,190
g361031585085,350,11,11,11,27,11,11,353
g361031585091,276,35,132,11,96,29,11,273
g361031585092,265,19,146,46,15,11,18,252
g361031585093,478,109,204,75,61,162,11,516
g361031585101,533,25,35,11,327,273,42,483
g361031585102,475,11,128,283,83,59,298,257
g361031585103,590,221,86,22,43,2,11,561
g361031585104,409,11,104,162,80,107,11,381
g361031585111,373,14,77,11,64,16,37,378
g361031585112,465,54,13,12,11,202,164,415
g361031585113,536,9,228,10,59,322,45,339
g361031585121,292,11,90,21,20,15,16,285
g361031585122,467,98,4,4,27,387,11,256
g361031586041,402,4,21,71,42,53,22,403
g361031586042,325,16,11,98,13,250,11,239
g361031586043,374,37,52,40,151,131,11,351
g361031586051,406,28,106,11,31,19,70,438
g361031586052,373,36,37,123,48,84,132,375
g361031586061,281,99,33,11,52,33,37,305
g361031586062,323,11,51,11,175,177,27,193
g361031586063,343,101,43,76,52,233,11,393
g361031586071,349,15,148,88,59,36,45,303
g361031586072,340,49,133,149,184,38,87,255
g361031586081,242,65,60,42,70,64,19,188
g361031586082,250,12,22,11,65,28,73,263
g361031586083,268,21,24,14,64,12,11,287
g361031586091,337,18,9,18,38,72,108,371
g361031586092,339,11,18,11,17,61,78,337
g361031586093,272,40,30,11,11,162,36,257
g361031587041,467,120,180,11,114,179,284,309
g361031587042,359,13,36,11,194,60,11,292
g361031587043,640,6,161,85,11,97,11,639
g361031587044,695,273,113,154,312,219,11,518
g361031587045,258,25,29,26,46,26,51,258
g361031587051,371,67,254,29,124,140,11,360
g361031587052,418,97,114,11,155,154,20,369
g361031587053,402,133,184,17,64,104,11,342
g361031587071,138,33,30,12,17,49,82,162
g361031587081,128,56,45,86,11,11,27,103
g361031587082,382,72,94,71,243,68,25,332
g361031587083,382,217,22,11,82,11,108,288
g361031587091,166,176,169,45,38,70,37,267
g361031587101,355,132,151,14,100,24,102,327
g361031587102,211,34,11,16,28,11,40,220
g361031587103,428,27,35,3,48,68,11,443
g361031587104,11,11,11,11,11,11,11,11
g361031587111,379,36,11,19,11,11,11,367
g361031587112,247,126,6,68,22,43,35,252
g361031587113,594,99,36,150,323,263,36,582
g361031587121,436,212,260,11,88,31,11,449
g361031587122,458,11,11,96,44,329,11,386
g361031587123,388,25,40,11,19,99,91,356
g361031587124,519,173,32,11,46,11,11,544
g361031587125,612,155,11,11,46,158,11,574
g361031588021,372,27,11,25,36,11,77,365
g361031588022,275,30,11,19,55,28,20,288
g361031588023,250,50,120,11,11,73,11,255
g361031588031,413,21,11,11,11,30,240,377
g361031588032,408,4,58,28,78,61,17,425
g361031588033,384,11,86,124,42,11,11,394
g361031588034,210,35,27,20,52,11,19,202
g361031588041,537,52,151,378,37,11,11,422
g361031588042,369,54,69,17,20,11,11,369
g361031588043,468,107,32,50,11,289,11,330
g361031588044,392,18,17,150,365,85,11,202
g361031588045,477,34,24,19,11,11,18,486
g361031588046,384,239,11,38,32,18,11,331
g361031589001,487,33,278,359,28,11,145,250
g361031589002,649,257,287,102,112,215,62,460
g361031589003,303,11,11,25,11,11,11,303
g361031589004,270,85,27,19,11,42,96,241
g361031589005,358,127,33,34,38,113,149,352
g361031590001,366,168,92,230,113,93,75,284
g361031590002,359,36,191,98,54,56,167,297
g361031590003,251,18,140,51,116,28,11,194
g361031591021,333,137,245,32,25,44,47,256
g361031591022,516,73,194,38,69,75,53,439
g361031591023,425,11,11,11,11,52,11,428
g361031591024,419,26,121,39,4,375,186,350
g361031591025,168,91,47,112,43,99,36,127
g361031591031,250,57,47,16,35,16,11,235
g361031591032,390,200,11,66,11,11,11,344
g361031591033,726,444,290,179,17,290,228,580
g361031591034,447,337,433,13,164,189,11,229
g361031591051,418,24,114,222,54,22,11,406
g361031591052,409,11,73,207,76,49,11,391
g361031591053,531,47,96,8,5,11,256,512
g361031591054,396,26,11,11,71,11,11,392
g361031591061,324,75,11,11,145,204,88,318
g361031591062,412,125,34,41,44,33,11,436
g361031591063,319,5,18,2,23,19,62,332
g361031591071,289,11,69,19,11,22,118,298
g361031591072,290,16,18,56,11,31,11,281
g361031591073,333,16,62,11,46,58,11,345
g361031591081,455,11,11,11,11,16,11,456
g361031591082,761,101,90,32,35,275,11,801
g361031591083,412,11,11,11,11,11,11,412
g361031591084,421,11,11,11,91,53,11,432
g361031591085,406,11,11,11,13,167,224,408
g361031592011,283,114,178,17,25,24,11,278
g361031592012,488,12,10,347,25,14,11,340
g361031592031,327,26,168,11,53,66,11,323
g361031592032,516,361,23,11,23,22,49,418
g361031592033,411,177,143,11,11,11,62,452
g361031592041,240,21,70,11,68,45,39,222
g361031592042,253,23,39,11,11,11,11,249
g361031592043,408,100,49,129,57,16,22,285
g361031592044,194,11,26,11,11,45,11,194
g361031593001,125,32,8,11,22,53,11,115
g361031593002,138,69,11,92,44,27,14,147
g361031594041,452,85,99,11,259,24,70,388
g361031594042,287,11,104,73,189,123,11,160
g361031594043,860,876,128,59,153,189,11,482
g361031594044,503,165,192,37,48,294,199,413
g361031594045,712,11,11,89,71,370,11,614
g361031594061,290,40,109,51,11,51,11,272
g361031594062,327,66,91,89,19,106,31,279
g361031594063,361,11,83,63,216,193,11,319
g361031594071,583,78,229,109,11,30,11,555
g361031594072,347,61,76,45,202,43,11,266
g361031594073,432,11,11,188,31,64,11,415
g361031594081,337,24,70,243,108,132,12,425
g361031594082,228,105,107,14,94,11,11,222
g361031594101,545,125,11,11,30,11,11,544
g361031594102,345,31,155,184,245,11,11,408
g361031594103,643,137,151,74,23,120,16,650
g361031594111,372,53,99,16,11,89,11,358
g361031594112,324,49,159,67,10,14,11,312
g361031594121,330,13,11,11,13,195,125,399
g361031594122,498,39,11,43,34,63,11,510
g361031594123,547,157,63,164,38,30,57,547
g361031594124,455,48,51,33,11,11,29,464
g361031595051,568,11,11,59,11,11,11,574
g361031595052,710,236,11,535,22,171,117,412
g361031595053,410,117,11,150,11,202,11,360
g361031595054,650,175,11,11,11,76,11,569
g361031595055,673,13,11,160,11,172,11,682
g361031595061,573,75,47,11,205,11,404,525
g361031595062,616,52,387,47,24,18,148,595
g361031595063,510,34,164,25,44,136,11,416
g361031595064,551,330,283,37,7,11,400,353
g361031595081,527,11,295,11,21,11,11,484
g361031595082,487,115,11,114,62,21,40,440
g361031595083,701,431,116,11,84,24,11,522
g361031595084,717,19,2,188,54,173,242,676
g361031595091,245,11,60,11,54,11,25,253
g361031595092,321,26,147,85,122,113,75,176
g361031595093,345,199,174,11,14,11,11,268
g361031595101,62,11,15,14,21,12,20,50
g361031595102,9,11,11,11,11,11,11,9
g361031595111,563,38,19,35,331,31,11,560
g361031595112,459,161,44,61,346,58,35,278
g361031595113,459,202,263,78,48,11,11,389
g361031595114,528,11,127,11,11,21,438,384
g361031595121,331,397,92,97,22,3,43,278
g361031596011,465,11,11,11,43,56,24,469
g361031596012,162,11,11,32,22,11,19,163
g361031596013,398,11,4,11,4,73,11,380
g361031596014,433,11,20,11,11,49,11,439
g361031596015,518,96,11,63,11,196,363,387
g361031596021,404,47,2,11,8,85,11,400
g361031596022,450,54,87,39,29,108,11,439
g361031697011,374,11,102,11,18,58,49,331
g361031697012,441,11,67,35,34,67,11,411
g361031697013,503,11,61,22,40,333,65,491
g361031697014,384,151,11,11,24,11,11,397
g361031697015,430,60,18,11,42,114,11,421
g361031697031,187,32,23,55,94,25,41,209
g361031697041,239,28,18,71,75,29,55,224
g361031697042,452,129,11,15,9,115,11,405
g361031697043,671,74,123,384,33,70,369,302
g361031697044,249,22,41,116,69,40,28,222
g361031697045,173,11,27,96,49,115,11,146
g361031697046,341,11,68,35,24,200,11,300
g361031698001,676,445,25,26,73,65,48,569
g361031698002,418,156,154,59,88,58,11,269
g361031698003,597,72,87,11,245,221,90,311
g361031698004,540,126,145,59,36,434,11,315
g361031699011,749,440,16,11,21,11,16,634
g361031699012,848,55,150,148,349,323,25,998
g361031699021,584,11,68,11,138,341,11,460
g361031699022,653,11,420,11,39,11,11,510
g361031699023,493,11,11,11,11,84,11,492
g361031699024,136,11,11,11,11,11,11,136
g361031699025,569,254,16,78,6,83,12,515
g361031700011,443,11,11,101,11,74,38,456
g361031700012,403,97,60,125,22,81,55,372
g361031700013,286,40,11,186,11,32,11,204
g361031700014,238,12,29,168,165,26,160,255
g361031700015,393,53,11,5,11,73,11,387
g361031700021,149,11,11,76,11,11,11,134
g361031700022,253,31,61,11,26,39,11,251
g361031700023,243,11,18,11,11,13,11,238
g361031700024,381,14,11,15,31,18,11,380
g361031700025,207,12,22,75,11,18,39,191
g361031701011,184,18,126,89,24,31,29,158
g361031701012,274,163,68,46,42,59,85,233
g361031702011,375,11,15,11,11,11,27,375
g361031702012,363,45,11,23,11,11,11,373
g361031702013,320,11,15,15,11,11,11,320
g361031702014,280,109,11,11,11,11,11,269
g361031702015,180,11,11,59,28,11,58,174
g361031702016,458,11,29,11,11,8,11,458
g361031702017,288,11,11,57,11,23,11,288
g361031702021,205,40,18,11,40,14,66,180
g361031702022,120,11,4,11,4,23,11,114
g361031702023,186,11,23,40,32,41,9,161
g361031702024,130,4,13,15,6,10,3,130
g361031702025,200,68,64,41,29,28,24,219
g361031803001,347,11,11,11,8,11,11,348
g361031803002,334,11,11,39,11,30,187,327
g361031904011,370,10,129,11,11,119,11,344
g361031904012,346,89,11,167,11,11,71,237
g361031904013,251,11,201,66,84,31,11,179
g361031904014,9,9,11,11,11,11,11,11
g361031904015,464,115,240,11,148,11,11,341
g361031904016,492,36,11,11,27,27,40,487
g361031904017,932,362,523,450,11,11,473,529
g361031904021,335,265,81,38,123,11,12,161
g361031904022,198,11,30,44,11,37,29,185
g361031904031,314,65,50,11,48,43,16,296
g361031904032,300,11,60,11,11,126,170,180
g361031904033,635,35,14,25,31,57,79,620
g361031905021,206,11,61,15,86,11,11,200
g361031905022,158,19,53,17,33,58,60,139
g361031905023,143,36,19,4,35,31,16,135
g361031905031,219,11,38,11,139,11,20,205
g361031905032,331,203,7,2,39,55,141,274
g361031905033,199,15,27,11,11,11,11,196
g361031905034,151,17,11,11,48,11,11,146
g361031905041,188,32,11,11,29,34,5,184
g361031905042,159,23,2,23,5,11,11,154
g361031905043,212,11,11,11,11,11,11,212
g361031906011,154,4,4,4,4,11,46,155
g361031906012,325,30,15,30,11,17,11,320
g361031906013,282,50,16,24,11,11,11,279
g361031906014,281,27,15,11,115,15,12,291
g361031906015,208,11,11,11,11,11,84,193
g361031906016,148,16,17,35,11,34,11,135
g361031906031,358,27,115,40,66,30,306,169
g361031906032,507,23,11,169,306,176,113,351
g361031906033,370,64,26,11,14,177,11,334
g361031906041,409,164,4,118,117,81,11,380
g361031906042,434,85,140,61,33,111,11,392
g361031906043,253,65,22,33,71,13,56,212
g361031907041,462,11,22,11,299,11,11,398
g361031907042,138,11,11,11,11,11,11,138
g361031907043,118,11,3,11,11,11,8,119
g361031907044,170,2,21,81,16,16,90,173
g361031907045,245,26,11,8,11,11,11,245
g361031907051,119,10,41,12,9,12,61,88
g361031907052,276,18,86,132,74,31,11,281
g361031907053,144,18,39,11,11,26,21,111
g361031907054,326,11,37,11,55,172,78,288
g361031907055,235,43,101,49,89,11,66,224
g361031907061,211,46,14,37,11,27,26,199
g361031907062,275,41,62,15,15,55,127,268
g361031907063,225,6,16,11,11,11,11,222
g361031907064,213,16,74,11,11,18,11,195
g361031907065,321,20,11,11,127,47,11,323
g361031907071,313,11,25,75,34,29,11,305
g361031907072,594,58,584,11,11,61,14,193
g361031907073,179,11,11,24,2,11,43,176
g361031907074,374,8,9,7,7,65,287,277
g361031907075,263,11,15,74,25,59,26,255
g361031907081,159,8,7,27,10,55,14,146
g361031907082,267,56,58,11,13,53,11,246
g361031908001,311,14,260,37,11,35,11,225
g361031908002,294,94,87,14,21,11,21,231
g361031908003,225,3,11,22,21,11,11,221
g361031908004,225,38,15,11,11,60,11,211
g361032009011,164,4,24,21,9,4,4,158
g361032009012,103,16,5,9,5,29,23,102
g361032009021,491,40,11,11,31,52,29,490
g361032009022,242,11,104,11,11,11,11,222
g361032009023,453,124,322,11,11,134,11,287
g361032009024,347,11,11,11,11,294,11,190
g361032009025,222,58,87,18,12,48,11,164
g361032009026,598,28,25,11,28,137,11,589
g361032009027,312,22,9,11,9,45,11,299
g361032010011,312,11,46,11,11,221,11,300
g361032010012,353,67,224,114,11,49,11,264
g361032010013,409,56,89,11,26,26,19,375
g361032010014,294,11,11,11,11,61,11,290
g361032010015,627,33,19,40,454,75,134,486
g361032010031,529,91,40,57,16,112,242,511
g361032010032,263,11,36,11,11,11,11,261
g361032010033,109,11,35,11,11,11,11,104
g361032010034,235,11,4,11,43,62,21,211
g361032010035,277,15,72,72,11,42,11,203
g361032010041,99,16,11,11,11,34,11,98
g361032010042,248,49,168,11,27,19,40,219
g361032010043,238,55,11,15,49,11,11,233
g361032010044,243,98,23,33,11,11,14,243
g361032010045,302,57,11,11,11,126,11,297
g361032010046,254,11,25,26,11,15,11,255
g361032011001,697,116,21,11,218,67,11,615
g361032011002,500,61,21,11,168,156,187,487
g361032011003,110,107,33,15,18,11,11,11
g361032011004,681,11,101,11,55,371,19,524
g361039901000,11,11,11,11,11,11,11,11
