GEOID,B25038_001M,B25038_003M,B25038_004M,B25038_005M,B25038_006M,B25038_007M,B25038_008M,B25038_010M,B25038_011M,B25038_012M,B25038_013M,B25038_014M,B25038_015M
g361031101011,75,10,33,59,37,17,34,30,9,41,11,11,11
g361031101012,78,35,66,52,28,26,30,26,10,11,11,11,11
g361031101021,88,24,83,43,41,35,39,68,25,11,11,11,11
g361031101022,67,48,51,38,39,36,18,11,11,11,11,11,11
g361031101023,66,27,76,42,23,32,29,11,11,11,11,11,14
g361031101024,64,11,60,41,19,54,27,11,19,15,11,11,11
g361031102001,85,50,79,56,44,25,35,11,11,11,11,11,25
g361031102002,95,25,56,43,24,45,38,75,27,11,11,11,11
g361031102003,80,40,28,38,19,34,26,69,32,11,11,11,11
g361031102004,100,37,100,103,53,27,24,11,41,11,20,11,11
g361031102005,101,28,11,76,39,24,23,74,32,11,11,11,11
g361031103001,45,13,34,24,18,16,18,6,6,11,11,11,5
g361031103002,75,27,88,45,18,36,84,11,11,11,11,11,11
g361031103003,76,21,84,34,17,24,31,17,39,18,11,33,11
g361031103004,101,20,62,42,29,34,32,50,91,11,11,11,11
g361031103005,45,25,32,31,19,17,11,5,5,11,11,11,11
g361031104011,44,12,33,34,35,14,11,11,11,11,11,11,11
g361031104012,53,25,56,42,35,26,32,27,17,11,11,10,6
g361031104021,83,35,70,67,30,41,31,11,16,11,11,11,14
g361031104022,97,60,79,39,41,21,27,37,44,18,11,16,11
g361031105011,73,54,84,72,44,30,33,11,33,11,11,11,11
g361031105012,37,13,35,35,22,31,21,11,20,11,11,11,11
g361031105021,72,39,63,47,49,30,25,11,39,14,11,11,11
g361031105022,72,33,39,45,29,34,36,64,11,11,11,11,11
g361031106001,110,26,91,68,35,65,43,60,98,28,11,11,11
g361031106002,144,27,86,80,37,57,47,109,27,11,11,11,11
g361031106003,111,56,56,64,72,59,37,77,54,11,11,11,11
g361031106004,115,11,44,77,51,23,22,94,91,11,11,24,11
g361031106005,72,12,56,54,24,42,21,63,11,11,11,11,11
g361031108011,44,32,41,44,26,32,32,11,17,11,11,11,11
g361031108012,33,10,21,17,14,11,11,8,19,11,11,11,11
g361031108031,75,20,53,76,38,19,34,11,27,11,11,11,11
g361031108032,116,45,94,120,44,41,35,96,29,11,11,11,11
g361031108033,90,25,61,64,71,43,47,11,11,11,11,11,11
g361031108034,91,17,94,61,48,11,11,28,40,11,11,11,11
g361031109011,96,11,57,33,24,26,24,11,77,11,11,11,11
g361031109012,71,15,43,33,14,30,18,54,25,11,11,11,11
g361031109013,85,21,74,45,53,16,26,54,63,11,11,11,11
g361031109021,76,11,41,25,11,19,18,57,59,11,11,11,10
g361031109022,84,17,42,41,11,13,18,64,56,51,30,39,11
g361031109023,78,30,64,44,32,23,38,61,42,29,11,11,11
g361031110011,57,27,58,37,8,22,17,20,43,10,11,9,12
g361031110012,66,24,61,22,25,12,29,51,42,9,11,11,11
g361031110021,64,12,43,14,14,11,11,22,70,18,16,11,11
g361031110022,77,39,51,42,26,21,21,58,45,7,11,11,11
g361031110023,100,51,61,39,40,11,23,61,91,11,11,11,11
g361031110024,105,34,68,33,13,21,23,46,100,15,11,11,11
g361031111001,188,11,152,51,18,95,143,11,105,137,11,11,11
g361031111002,148,11,99,60,90,11,32,90,75,11,11,11,11
g361031111003,103,22,83,45,32,46,43,11,63,34,11,11,11
g361031111004,117,11,79,84,22,37,69,11,59,11,32,11,11
g361031111005,148,25,49,110,29,11,28,107,11,11,11,11,11
g361031112011,95,47,29,52,11,11,11,61,80,55,49,11,11
g361031112012,86,11,78,52,36,45,14,53,11,48,11,11,11
g361031112013,79,41,42,33,33,12,35,19,47,11,11,11,11
g361031112021,111,20,48,89,51,41,33,29,113,47,11,11,11
g361031112022,74,11,46,29,11,22,16,55,22,11,11,11,14
g361031112023,82,40,34,58,30,33,42,35,21,19,11,11,11
g361031113001,77,34,76,65,29,22,28,48,27,15,18,11,11
g361031113002,71,25,60,55,60,31,34,11,11,11,11,11,11
g361031113003,62,11,50,57,58,11,24,16,11,11,11,11,11
g361031114011,49,31,43,43,38,21,27,6,11,11,11,11,11
g361031114021,80,22,71,45,26,30,45,11,18,11,11,11,11
g361031114022,89,16,53,113,29,37,38,11,11,19,11,11,11
g361031114023,93,22,60,48,71,17,31,11,11,11,11,11,11
g361031114024,84,25,43,33,53,27,21,39,55,10,11,11,11
g361031115031,63,11,44,60,15,17,26,11,11,11,11,11,11
g361031115032,91,51,67,88,28,33,26,69,50,11,11,11,11
g361031115033,80,43,36,32,27,19,26,82,65,26,11,11,11
g361031115041,22,30,46,60,40,26,12,21,16,10,11,11,11
g361031115051,97,35,91,61,62,31,63,15,43,11,11,11,11
g361031115052,80,24,74,35,15,45,24,11,43,11,11,15,11
g361031115053,85,11,97,20,11,11,33,17,20,11,11,11,11
g361031115054,122,11,111,51,46,29,38,44,44,11,11,11,11
g361031115061,74,53,76,84,33,30,19,8,40,11,11,11,11
g361031115062,82,65,45,49,51,36,22,55,17,40,11,11,11
g361031116011,88,42,67,36,30,42,43,46,35,50,11,11,11
g361031116012,95,29,72,73,49,47,37,19,58,57,11,11,11
g361031116021,67,27,67,74,35,22,42,47,27,16,11,11,11
g361031116022,66,21,59,47,30,60,39,11,31,11,11,11,11
g361031117011,99,9,12,65,39,62,37,18,40,11,11,11,11
g361031117012,98,11,81,50,33,84,35,11,77,11,11,11,11
g361031117013,93,22,33,24,16,61,15,88,23,23,11,11,11
g361031117014,118,11,90,45,32,57,27,71,60,11,11,11,11
g361031117015,89,21,78,64,45,55,60,11,39,11,11,24,11
g361031117031,48,11,39,50,32,11,31,23,11,11,11,11,11
g361031117032,62,37,52,62,48,38,76,43,51,11,11,11,11
g361031117041,44,31,51,44,20,20,24,11,11,11,11,11,11
g361031117042,49,28,41,51,26,29,40,11,11,11,11,11,11
g361031117043,64,11,48,58,28,30,20,12,11,11,11,11,16
g361031118011,86,34,50,55,50,28,40,11,11,11,11,11,11
g361031118012,127,47,111,74,22,29,53,17,11,11,11,11,11
g361031118013,123,23,96,87,95,102,59,31,12,11,11,11,11
g361031118014,59,39,39,39,34,28,38,11,11,11,11,11,38
g361031118021,51,27,58,48,53,22,32,18,9,11,11,11,11
g361031118022,45,13,28,39,29,14,24,14,9,11,11,11,11
g361031118031,49,14,57,41,40,31,30,16,11,11,11,11,11
g361031118032,43,22,36,36,22,28,27,11,26,11,11,11,11
g361031118041,35,39,49,45,29,35,33,29,16,7,11,11,11
g361031119001,63,34,53,52,40,49,26,18,11,11,11,11,11
g361031119002,82,11,77,43,28,45,35,17,11,11,11,11,11
g361031119003,67,35,33,48,19,11,17,72,15,11,14,11,11
g361031119004,74,31,53,79,34,29,28,13,11,11,11,11,11
g361031119005,74,20,64,49,12,30,21,44,47,11,11,11,11
g361031120011,88,21,85,52,29,47,35,11,37,25,11,11,11
g361031120012,107,50,88,56,81,49,55,69,62,11,11,11,16
g361031120021,92,34,79,51,24,53,38,77,60,13,11,11,11
g361031120022,57,21,42,34,43,44,35,19,15,11,11,11,11
g361031120023,71,31,66,36,23,28,41,36,20,11,11,11,11
g361031121021,79,34,85,85,66,38,45,31,11,11,11,11,11
g361031121022,77,57,50,66,32,39,12,37,11,11,11,11,11
g361031121031,65,11,56,48,35,13,35,11,11,11,11,11,12
g361031121032,81,25,55,75,46,40,45,11,11,11,11,11,11
g361031121033,87,17,60,62,20,26,31,74,37,11,11,11,11
g361031121041,43,32,67,60,29,24,26,11,56,11,11,11,11
g361031122041,52,19,47,55,42,40,23,11,11,11,11,11,11
g361031122042,59,11,70,37,31,33,31,47,11,11,11,17,10
g361031122043,61,46,71,44,35,25,29,11,14,19,11,11,11
g361031122061,163,89,126,62,19,11,11,148,77,44,11,11,11
g361031122062,115,49,95,65,11,35,30,11,97,11,11,11,11
g361031122063,140,61,125,101,123,33,44,39,24,32,11,11,11
g361031122064,61,38,27,25,23,34,40,11,11,11,11,11,11
g361031122101,101,11,84,80,45,28,54,11,11,11,11,11,11
g361031122102,99,30,84,75,99,74,36,11,11,30,11,11,11
g361031122103,121,11,88,110,66,11,11,52,74,22,11,11,11
g361031122104,136,50,70,124,41,57,11,83,11,11,11,11,11
g361031122111,94,47,80,67,30,32,25,11,60,11,11,11,11
g361031122112,85,7,62,59,37,25,45,30,11,11,11,11,11
g361031122113,62,23,51,41,12,28,33,6,11,11,11,11,11
g361031122121,67,17,43,28,54,21,41,11,11,11,11,11,11
g361031122122,64,47,69,74,33,41,32,38,35,11,11,11,11
g361031122131,76,33,76,81,37,41,20,20,38,11,11,11,11
g361031122132,66,11,42,53,48,37,33,43,11,11,11,11,11
g361031122133,79,44,67,61,12,33,25,11,11,11,11,11,11
g361031122141,96,26,72,68,26,11,19,36,11,11,11,11,11
g361031122142,115,32,109,117,65,57,29,23,11,11,21,11,21
g361031122143,160,90,118,24,40,10,27,71,43,11,11,11,11
g361031122144,68,30,60,67,32,19,17,11,11,11,11,11,11
g361031223001,83,30,56,58,24,27,14,52,78,11,11,11,11
g361031223002,84,44,85,94,24,31,40,60,59,17,11,11,11
g361031224031,63,7,44,35,39,21,31,48,42,7,11,11,11
g361031224032,59,21,42,30,29,7,17,25,41,7,22,11,11
g361031224041,68,17,66,52,58,36,39,40,48,11,11,11,11
g361031224042,72,26,57,55,34,22,33,11,36,11,11,11,11
g361031224051,64,31,69,60,22,28,22,44,51,24,17,11,11
g361031224052,53,34,38,33,21,14,21,11,11,11,11,11,11
g361031224061,108,39,51,36,52,11,44,45,50,35,11,11,11
g361031224062,96,31,57,52,11,28,20,41,78,11,11,13,11
g361031224063,98,47,73,54,41,47,20,16,48,11,11,11,11
g361031225011,78,22,59,44,11,17,16,51,56,11,11,17,11
g361031225012,83,11,66,37,30,21,32,47,61,11,18,11,11
g361031225013,85,41,29,45,32,33,43,55,57,34,11,11,11
g361031225021,97,68,75,75,42,68,16,11,72,27,11,11,30
g361031225022,81,11,35,41,28,26,15,61,26,11,11,11,11
g361031225023,76,11,37,57,11,35,53,42,8,11,11,11,11
g361031226011,92,25,74,59,32,51,53,54,22,11,11,11,11
g361031226012,91,52,75,40,30,29,53,14,13,15,11,11,11
g361031226013,95,12,60,63,36,37,52,124,34,36,11,11,11
g361031226021,86,30,79,71,61,41,48,11,36,10,11,11,11
g361031226022,87,24,66,77,58,47,60,11,41,11,11,20,11
g361031226031,78,11,61,26,27,23,31,36,67,11,11,16,11
g361031226032,126,75,107,28,54,45,61,45,25,11,11,10,11
g361031226033,86,11,24,11,20,27,31,76,67,15,12,11,11
g361031226034,106,22,84,30,61,26,38,11,60,11,11,11,11
g361031227041,52,11,51,16,11,14,10,11,60,11,11,11,11
g361031227042,55,19,48,35,15,43,33,11,44,11,11,23,11
g361031227051,65,17,76,51,51,39,37,41,39,11,13,11,11
g361031227052,66,39,42,51,12,20,30,39,12,11,11,11,11
g361031227061,111,12,54,68,35,46,40,13,17,30,11,11,11
g361031227062,107,49,74,65,14,27,30,89,29,28,11,11,14
g361031227063,64,11,47,34,28,10,11,11,23,11,11,11,11
g361031227071,62,34,65,64,28,18,56,35,64,15,11,11,11
g361031227072,59,13,55,63,23,19,49,28,11,11,11,11,11
g361031228011,108,29,86,89,21,47,33,18,94,11,11,11,11
g361031228012,99,11,94,59,46,52,73,33,59,39,15,11,11
g361031228013,85,31,77,39,58,35,17,11,11,11,11,11,11
g361031228014,136,11,130,88,68,90,11,57,80,11,15,11,11
g361031228021,70,38,82,44,39,16,38,37,55,11,11,11,11
g361031228022,84,43,87,53,49,37,51,11,46,11,11,11,11
g361031229011,112,46,95,90,63,61,37,11,49,26,11,11,11
g361031229012,81,11,54,38,58,18,21,40,18,11,11,11,11
g361031229013,72,38,50,52,29,49,29,9,22,11,11,11,11
g361031229014,107,27,69,66,11,44,38,11,33,36,11,11,11
g361031229021,112,16,57,45,77,40,28,81,82,21,21,11,11
g361031229022,77,20,61,40,46,11,38,21,39,14,11,17,11
g361031229023,86,16,65,63,23,34,21,41,23,11,11,11,11
g361031230011,69,38,60,80,35,20,43,11,11,27,11,11,11
g361031230012,92,11,64,69,56,35,42,11,62,12,11,11,11
g361031230013,103,39,32,28,62,18,29,71,77,9,11,11,11
g361031230014,102,44,68,41,37,50,37,53,23,11,11,11,11
g361031230021,80,21,66,66,35,28,38,46,11,11,11,11,11
g361031230022,80,15,65,77,29,26,11,36,17,11,11,11,11
g361031230023,85,39,61,31,30,55,25,36,43,20,11,11,11
g361031231011,84,12,79,52,23,16,23,11,24,36,11,11,11
g361031231012,73,12,23,65,19,17,34,11,11,11,11,11,11
g361031231013,107,11,65,54,41,61,29,19,75,17,11,11,11
g361031231021,80,40,48,47,50,37,53,11,39,36,11,11,11
g361031231022,94,29,69,48,50,33,62,18,20,18,11,11,11
g361031231023,67,21,50,20,24,23,44,11,11,49,40,11,11
g361031232011,46,15,35,41,35,14,22,61,59,11,7,11,11
g361031232021,123,29,93,57,24,11,24,26,65,15,23,27,11
g361031232022,116,11,11,11,27,27,23,107,91,17,11,11,20
g361031232023,141,40,109,67,36,51,46,100,74,11,11,11,11
g361031232024,141,99,112,65,82,58,73,11,100,11,11,11,11
g361031233011,183,11,78,63,11,11,25,118,112,20,67,11,11
g361031233012,140,63,69,44,28,26,41,83,69,11,21,11,35
g361031233013,85,11,45,57,48,37,40,31,31,11,11,11,11
g361031233014,123,11,24,83,55,11,42,11,77,75,11,11,11
g361031233015,142,11,68,84,11,22,49,62,85,11,11,11,11
g361031233016,143,81,85,52,11,11,11,80,72,11,11,11,11
g361031233021,61,25,47,39,32,38,32,13,54,17,11,11,11
g361031234011,91,11,72,27,23,35,39,44,32,11,11,11,9
g361031234012,102,11,58,40,10,34,38,65,55,11,11,11,11
g361031234013,77,11,60,42,31,14,25,10,62,11,12,11,11
g361031234021,124,11,95,62,26,29,30,91,91,18,11,11,20
g361031234022,108,31,59,84,19,69,27,84,28,11,11,11,11
g361031234023,131,11,102,68,11,37,18,74,11,17,11,11,11
g361031234024,107,34,11,63,11,22,56,85,38,67,11,11,11
g361031234025,93,42,61,52,40,49,36,68,71,52,11,11,11
g361031235001,95,11,51,45,21,66,43,11,61,39,11,11,11
g361031235002,95,19,57,20,30,11,33,72,49,11,11,11,11
g361031235003,134,43,61,55,37,27,24,87,70,16,11,11,11
g361031235004,145,27,74,74,41,60,11,109,99,55,33,14,11
g361031236001,101,48,63,86,28,47,23,54,11,11,11,11,11
g361031236002,58,11,38,32,22,31,11,11,48,20,11,11,11
g361031236003,74,23,46,57,58,28,29,42,11,11,11,11,45
g361031237011,102,39,75,57,34,29,24,57,66,20,11,11,11
g361031237012,90,14,28,16,34,11,10,76,70,22,11,11,11
g361031237013,108,19,51,21,19,9,16,47,84,40,42,11,11
g361031237014,95,11,35,35,14,21,24,44,89,11,16,11,11
g361031237021,140,39,97,90,18,25,63,99,128,11,11,11,11
g361031237022,166,25,132,84,64,44,36,67,84,65,11,11,11
g361031237023,99,55,56,51,42,18,74,74,23,23,11,11,11
g361031237024,143,11,47,76,99,44,94,114,84,52,11,11,11
g361031238011,80,14,72,45,32,28,34,36,11,15,11,11,11
g361031238012,83,14,41,30,52,16,46,39,31,11,11,11,11
g361031238013,111,21,52,47,48,65,25,50,79,11,11,11,11
g361031238021,106,10,75,48,65,63,88,55,11,34,11,11,11
g361031238022,106,38,94,82,49,59,28,22,25,19,18,11,11
g361031239001,94,14,81,33,27,28,22,66,67,11,24,11,11
g361031239002,57,11,62,46,26,19,24,11,23,11,11,11,11
g361031239003,61,11,14,55,37,40,20,11,11,11,15,11,11
g361031239004,99,24,55,41,63,23,59,71,49,35,11,11,11
g361031239005,39,14,21,24,14,24,31,11,11,11,11,11,11
g361031240011,101,73,58,68,54,20,50,72,59,11,11,16,11
g361031240012,102,20,48,67,40,27,47,41,69,14,27,11,12
g361031240013,48,11,21,16,16,27,25,22,21,10,11,11,11
g361031240021,69,16,70,44,45,35,32,23,16,15,11,11,11
g361031240022,62,19,57,62,51,56,67,54,54,16,11,11,11
g361031241011,119,31,95,57,79,43,27,56,53,46,19,11,11
g361031241012,89,23,71,37,58,34,30,40,35,11,11,15,11
g361031241013,89,20,83,38,30,25,44,23,40,25,11,11,11
g361031241021,94,11,92,44,32,22,42,39,46,15,11,11,11
g361031241022,83,12,79,74,53,33,39,35,32,11,11,11,10
g361031242001,151,20,50,60,46,32,11,116,11,26,11,11,11
g361031242002,98,49,87,46,11,34,27,11,44,11,11,11,11
g361031242003,125,28,44,11,35,11,22,26,88,33,11,11,80
g361031242004,146,35,66,109,69,19,74,118,30,11,11,11,10
g361031242005,168,70,118,40,31,18,25,75,80,11,11,11,11
g361031243001,106,11,47,44,36,68,37,102,11,11,11,11,11
g361031243002,136,66,73,94,42,30,28,56,96,50,11,11,11
g361031243003,125,27,33,84,65,36,11,58,104,47,11,11,11
g361031243004,111,16,54,96,57,47,72,11,27,11,11,11,11
g361031243005,64,18,61,33,11,11,18,42,41,22,11,11,11
g361031244011,94,11,11,11,11,11,11,91,49,43,15,11,11
g361031244012,87,55,42,20,32,33,12,61,11,11,11,11,11
g361031244013,100,34,83,38,34,29,35,52,80,21,11,11,11
g361031244021,76,27,59,67,30,47,39,11,40,11,11,11,11
g361031244022,91,44,39,47,39,54,32,11,11,11,64,11,11
g361031244023,113,11,94,64,80,15,10,3,11,11,11,11,11
g361031245001,74,17,34,49,31,24,31,16,58,14,11,11,11
g361031245002,75,10,33,53,38,25,22,15,71,14,14,15,11
g361031245003,109,16,55,46,28,11,28,66,60,53,11,11,11
g361031245004,89,52,81,46,37,30,34,16,12,11,11,11,47
g361031246011,56,44,55,39,19,32,20,25,11,9,11,11,11
g361031246012,50,18,37,28,33,27,20,14,10,11,11,11,11
g361031246013,45,12,29,31,18,34,21,11,9,11,11,11,11
g361031246021,53,49,31,19,30,21,21,21,28,11,18,11,11
g361031246022,97,42,24,28,39,50,35,37,81,26,11,11,11
g361031246023,95,43,50,74,43,33,26,48,44,11,11,11,11
g361031246024,82,21,27,34,62,22,11,61,60,25,24,11,18
g361031347021,131,11,66,103,63,47,93,57,27,11,11,11,11
g361031347022,146,38,126,86,89,40,77,91,19,57,11,26,11
g361031347023,116,11,29,11,11,11,11,78,121,37,11,83,11
g361031347024,67,29,48,39,34,29,60,11,30,23,11,11,11
g361031347031,58,20,58,38,62,12,18,11,11,11,11,11,11
g361031347032,70,25,68,59,26,23,25,11,11,11,11,11,11
g361031347033,68,42,52,42,36,25,20,50,38,11,11,11,11
g361031347034,48,21,33,30,52,36,15,11,11,11,11,11,11
g361031347041,53,30,52,52,35,32,15,26,11,11,11,11,11
g361031347042,60,8,41,47,22,15,12,32,27,9,11,11,11
g361031349021,75,37,52,54,31,23,28,48,11,11,15,11,11
g361031349022,49,20,41,50,31,20,33,11,11,11,11,11,11
g361031349023,91,21,82,70,38,36,58,9,36,11,11,11,11
g361031349031,18,24,39,39,19,15,24,35,46,11,11,11,11
g361031349041,92,35,49,69,47,60,74,30,11,11,11,11,11
g361031349042,92,68,50,89,43,41,65,11,11,11,11,11,11
g361031349043,89,31,65,40,27,23,16,23,16,14,11,11,11
g361031349044,94,25,81,59,29,38,27,111,68,11,19,11,11
g361031349061,85,34,74,87,11,28,41,11,27,11,11,11,11
g361031349062,87,25,76,44,53,11,55,17,26,11,11,9,11
g361031349063,77,30,92,68,52,68,56,11,19,11,11,11,11
g361031349064,91,11,42,45,28,25,11,89,53,43,6,11,11
g361031349071,89,30,59,44,70,64,12,43,35,11,11,11,11
g361031349072,88,38,94,73,38,47,45,6,42,11,11,11,11
g361031350021,72,36,71,55,58,30,18,16,11,13,11,11,11
g361031350022,94,51,51,80,44,37,45,53,53,33,11,11,11
g361031350023,77,23,73,48,57,46,28,11,18,11,11,11,11
g361031350031,70,11,70,31,54,19,24,9,15,17,12,11,11
g361031350032,64,14,64,57,30,21,21,11,19,13,11,11,11
g361031350033,71,14,56,43,49,34,26,13,48,11,11,11,11
g361031350041,51,17,40,49,27,22,9,7,20,11,5,11,11
g361031350042,39,11,32,20,21,6,6,11,18,5,11,11,11
g361031350043,41,16,19,20,20,18,17,11,19,5,11,11,11
g361031350051,64,52,42,62,30,30,18,32,11,11,11,11,11
g361031350052,68,50,73,36,17,21,16,37,24,39,11,11,11
g361031350053,63,19,46,45,16,11,11,17,10,11,11,11,11
g361031351011,64,26,30,58,35,21,50,11,11,11,11,11,11
g361031351012,65,12,86,87,48,44,62,11,42,14,11,11,11
g361031351021,48,11,38,43,34,33,35,11,11,21,11,11,11
g361031351022,88,35,83,34,47,65,45,46,42,19,11,11,11
g361031351023,62,29,47,48,46,17,19,11,11,11,11,11,11
g361031351031,81,41,78,51,31,30,41,11,18,12,11,11,11
g361031351032,70,34,46,66,46,10,11,11,43,11,11,11,11
g361031351033,79,48,69,70,44,34,36,39,11,11,11,11,11
g361031351041,64,24,62,55,34,34,44,11,10,11,11,11,11
g361031351042,85,56,88,73,36,33,37,18,73,11,11,11,11
g361031351043,63,24,41,44,20,58,22,11,11,11,11,11,11
g361031352011,24,23,50,48,37,35,40,6,11,11,11,11,6
g361031352041,76,17,72,72,32,39,35,11,18,11,11,11,23
g361031352042,86,21,57,93,45,61,59,16,51,25,11,11,11
g361031352043,64,11,53,39,35,48,32,11,11,11,11,11,11
g361031352051,85,11,60,68,27,33,41,67,82,15,11,11,14
g361031352052,74,28,49,69,39,41,36,11,11,11,11,11,11
g361031352053,48,19,48,37,33,21,41,16,11,11,11,11,11
g361031352081,65,24,50,53,39,32,59,38,11,11,11,11,11
g361031352082,60,32,58,40,67,27,49,17,29,11,11,11,11
g361031352091,80,11,69,60,54,18,29,42,54,11,11,11,11
g361031352092,63,13,44,60,13,30,42,11,20,11,11,11,11
g361031353011,76,47,60,63,56,31,38,11,11,25,11,11,11
g361031353012,63,20,37,31,47,34,56,11,11,11,11,11,11
g361031353013,73,11,65,32,37,11,11,12,11,11,11,11,11
g361031353031,73,81,81,79,30,41,49,11,47,11,21,11,11
g361031353032,75,15,55,42,64,50,29,11,52,11,11,11,11
g361031353041,67,31,64,64,54,34,38,11,11,11,11,11,11
g361031353042,48,24,45,38,24,11,32,16,15,11,16,11,11
g361031354011,103,14,74,11,11,11,11,99,69,26,11,11,11
g361031354012,126,38,79,79,50,70,66,25,23,11,11,11,11
g361031354013,156,136,118,91,89,48,66,63,23,40,11,11,11
g361031354021,119,74,106,96,61,39,30,11,72,23,11,11,11
g361031354022,117,29,115,61,55,64,31,73,40,11,21,11,11
g361031354023,69,11,45,80,63,28,11,26,11,11,11,11,11
g361031354024,114,21,41,92,66,23,26,86,11,11,11,11,22
g361031354031,77,27,45,72,30,26,11,11,19,11,11,11,11
g361031354032,95,45,72,89,39,37,31,48,27,19,11,11,11
g361031354033,78,22,44,18,67,24,17,26,12,11,11,16,11
g361031456021,87,11,76,52,21,12,25,60,30,16,11,11,11
g361031456022,93,31,73,57,33,18,24,61,31,11,11,11,11
g361031456023,110,47,86,88,28,49,25,30,30,18,11,11,11
g361031456031,120,35,100,40,32,44,31,11,90,11,47,14,11
g361031456032,95,21,55,21,9,27,23,61,55,11,11,7,11
g361031456033,112,48,97,66,34,48,11,67,73,29,9,12,11
g361031456041,122,36,92,45,52,38,50,73,87,11,11,20,11
g361031456042,104,30,71,31,56,11,25,31,53,31,11,11,11
g361031456051,59,17,37,34,21,11,31,50,39,11,11,11,11
g361031456052,69,32,65,37,27,11,16,51,44,34,11,11,11
g361031457011,60,23,47,31,31,16,43,11,11,11,11,11,11
g361031457012,86,43,48,84,28,42,52,11,11,11,11,15,11
g361031457013,125,11,21,11,16,11,11,112,113,45,11,11,11
g361031457014,87,15,89,55,44,25,43,11,36,11,11,11,11
g361031457021,101,30,89,23,23,20,11,40,11,11,11,11,11
g361031457022,115,14,61,75,60,49,22,51,18,23,11,11,11
g361031457023,131,42,92,55,58,51,50,11,109,21,11,11,11
g361031457031,74,19,49,37,25,11,16,49,37,11,11,11,11
g361031457032,111,11,114,63,25,65,50,45,65,39,11,11,11
g361031457033,115,26,72,52,11,11,11,74,98,28,14,11,11
g361031457041,166,11,106,92,51,46,18,19,97,16,11,11,23
g361031457042,149,11,92,87,30,33,11,80,106,11,11,11,11
g361031457043,198,11,99,73,85,39,16,113,125,19,11,85,11
g361031457044,167,11,11,14,11,11,11,155,121,23,18,11,11
g361031458031,90,60,62,64,47,31,10,11,11,11,11,11,11
g361031458032,95,32,34,75,63,62,23,38,11,11,11,11,11
g361031458033,110,46,58,61,26,30,31,49,66,13,11,11,11
g361031458041,67,14,50,60,37,28,37,33,32,17,11,11,11
g361031458042,61,31,48,36,18,9,11,12,32,11,11,11,11
g361031458051,122,17,105,36,39,17,11,90,64,19,16,11,11
g361031458052,87,25,68,65,74,43,56,58,11,11,11,11,11
g361031458053,112,59,50,82,32,49,29,59,32,36,18,11,11
g361031458054,102,83,91,70,51,34,11,26,24,22,11,11,11
g361031458071,86,48,74,61,54,47,43,11,31,11,11,11,11
g361031458072,83,22,55,86,59,61,19,11,23,29,11,11,11
g361031458081,72,13,53,58,32,50,34,46,25,11,41,11,11
g361031458082,61,11,66,65,21,46,19,40,16,11,11,9,11
g361031459011,84,45,42,29,15,23,28,32,69,11,9,11,11
g361031459012,71,46,67,59,43,33,31,13,15,15,11,11,11
g361031459021,130,33,116,47,40,11,39,78,84,11,11,11,11
g361031459022,149,11,114,56,74,12,38,87,98,11,11,11,11
g361031459023,155,35,114,37,61,15,43,88,85,11,11,11,11
g361031459024,161,11,129,100,11,36,11,117,100,11,11,11,11
g361031459031,86,33,89,47,20,30,37,11,36,11,11,11,11
g361031459032,79,56,54,67,36,33,28,29,19,11,11,11,11
g361031459033,100,35,63,53,18,21,40,65,48,11,11,11,11
g361031459034,110,13,73,64,19,23,38,66,72,11,11,11,11
g361031460011,98,13,77,67,57,47,28,43,86,11,11,11,11
g361031460012,110,17,56,57,58,32,22,63,67,33,11,11,11
g361031460021,118,31,79,38,65,47,39,11,22,43,11,11,11
g361031460022,96,25,75,32,19,34,11,72,11,11,11,11,11
g361031460023,113,41,76,61,15,76,28,11,84,11,12,11,11
g361031460031,158,11,129,23,32,39,24,33,66,35,11,11,11
g361031460032,138,11,26,104,48,32,41,55,43,22,11,11,11
g361031460033,170,34,103,115,89,11,26,49,135,108,11,11,11
g361031460034,141,11,81,60,51,89,63,11,103,21,11,11,11
g361031461021,46,31,58,45,15,26,34,53,10,11,11,11,8
g361031461031,75,19,43,84,24,28,37,11,20,11,11,11,11
g361031461032,95,29,94,70,59,44,42,11,23,10,11,11,11
g361031461051,124,19,54,28,11,26,11,69,121,37,44,11,11
g361031461052,142,16,51,63,55,32,28,81,102,11,11,11,11
g361031461053,109,22,104,80,29,26,21,11,55,11,11,11,11
g361031461061,83,41,76,56,22,13,32,80,78,37,11,11,11
g361031461062,93,11,56,73,27,11,31,57,34,11,11,11,11
g361031462011,103,51,63,72,58,13,23,64,94,50,11,11,34
g361031462012,109,69,68,49,56,23,57,11,45,46,12,11,11
g361031462021,107,41,85,33,38,42,35,37,67,11,11,11,11
g361031462022,104,33,67,60,36,26,34,70,78,11,11,11,11
g361031462031,117,15,67,51,32,13,22,74,75,41,11,12,55
g361031462032,80,23,72,57,11,11,9,11,15,15,11,11,11
g361031462033,115,31,76,30,35,28,28,108,48,18,11,11,11
g361031462041,114,46,61,78,29,52,33,31,74,16,64,11,11
g361031462042,134,17,73,54,30,33,35,81,88,27,11,11,11
g361031462043,92,25,76,29,34,13,16,11,40,11,11,11,11
g361031462051,52,4,39,25,26,11,10,11,40,11,11,11,11
g361031462052,63,35,39,41,34,33,31,11,19,11,11,11,11
g361031462061,57,20,52,35,20,11,20,25,25,11,11,11,11
g361031462062,55,26,60,49,36,32,35,12,18,24,11,11,11
g361031463001,80,34,64,66,17,14,11,69,38,32,11,11,11
g361031463002,92,50,56,18,11,11,11,82,56,16,11,11,11
g361031464021,97,34,73,84,57,35,38,51,11,26,11,11,11
g361031464022,65,15,55,40,32,13,25,39,17,11,11,11,11
g361031464023,75,21,47,46,17,16,37,11,11,11,11,11,11
g361031464031,91,47,61,35,40,18,51,26,58,11,11,15,11
g361031464032,93,38,59,44,26,24,38,68,45,31,11,11,11
g361031464033,76,44,63,40,18,11,20,50,41,11,11,11,11
g361031464041,103,26,82,41,20,15,21,36,81,15,14,11,11
g361031464042,80,36,62,48,24,44,38,30,30,11,11,11,11
g361031465001,66,39,54,42,22,19,42,28,11,12,11,11,11
g361031465002,60,19,51,47,38,11,20,11,37,33,11,10,11
g361031465003,100,17,63,104,45,11,21,29,11,11,11,11,11
g361031465004,77,10,50,44,43,38,28,32,44,17,11,11,11
g361031466041,96,13,11,11,11,11,10,100,95,51,11,11,11
g361031466042,76,12,54,68,32,53,19,17,11,13,11,11,11
g361031466043,55,10,39,46,35,34,28,13,17,11,11,11,11
g361031466051,24,14,29,35,28,15,27,11,17,12,11,11,7
g361031466061,88,30,99,49,42,68,51,11,11,11,11,11,11
g361031466062,123,11,89,47,46,46,39,11,106,11,11,21,11
g361031466063,131,19,100,69,54,40,20,20,65,11,11,11,11
g361031466064,128,51,90,81,52,57,34,59,24,69,11,11,11
g361031466071,89,25,65,81,25,12,11,33,21,11,11,11,11
g361031466072,84,49,25,27,42,19,9,67,73,40,51,19,10
g361031466081,102,45,62,35,33,41,56,59,56,11,11,11,9
g361031466082,87,11,30,27,33,5,11,83,60,8,11,11,11
g361031466111,65,13,53,53,18,18,11,67,77,18,11,11,11
g361031466112,58,24,52,47,47,30,31,10,24,11,11,11,11
g361031466121,60,19,37,32,26,47,18,28,11,11,11,11,11
g361031466122,92,13,96,60,46,51,19,54,62,11,11,11,11
g361031466123,87,11,66,73,47,43,49,54,11,11,11,11,11
g361031466131,65,23,47,38,32,32,50,36,16,16,9,11,11
g361031466132,67,14,82,77,52,30,46,44,52,11,11,11,11
g361031466141,98,11,81,93,28,43,11,28,33,11,11,11,11
g361031466142,74,11,54,74,30,42,11,11,11,11,11,11,11
g361031466143,119,42,127,88,66,55,37,28,72,11,11,11,11
g361031466151,78,16,42,62,76,63,11,18,11,11,11,11,11
g361031466152,100,16,45,42,25,30,34,84,58,27,11,11,11
g361031466153,98,12,43,34,20,11,17,96,90,17,19,11,11
g361031467031,116,12,81,43,27,21,67,77,80,16,11,11,11
g361031467032,101,53,68,70,31,30,42,11,24,17,11,11,11
g361031467041,24,15,38,47,29,37,49,11,11,5,11,11,11
g361031467051,65,45,51,48,39,33,33,39,11,11,11,11,11
g361031467052,61,19,58,60,35,36,34,21,26,11,11,11,11
g361031467061,53,17,51,28,36,29,42,15,11,11,10,11,11
g361031467062,52,46,55,35,33,15,32,10,7,11,11,11,11
g361031468001,101,32,87,62,71,29,65,14,56,11,11,11,11
g361031468002,97,16,88,67,39,47,39,23,11,11,11,11,11
g361031468003,69,30,45,76,42,24,36,11,11,11,11,11,11
g361031468004,53,11,42,30,19,33,19,11,14,11,11,11,11
g361031469011,83,17,77,81,71,51,54,57,14,11,11,11,35
g361031469012,79,26,51,63,39,19,32,11,44,11,11,11,19
g361031469013,51,21,42,30,28,38,15,11,32,11,11,11,11
g361031469014,52,24,31,48,30,14,33,9,28,11,11,11,11
g361031469021,80,35,62,72,38,48,25,12,25,11,11,11,11
g361031469022,83,22,71,43,10,19,50,11,16,11,11,11,11
g361031469023,61,11,62,51,29,26,18,11,11,11,11,11,11
g361031470011,61,18,29,37,27,39,22,12,30,11,39,11,11
g361031470012,63,24,69,19,34,21,19,11,12,11,11,11,11
g361031470013,71,41,70,71,53,57,46,37,30,11,14,11,11
g361031470031,109,80,74,63,46,35,42,11,11,18,11,11,11
g361031470032,81,24,83,32,54,38,45,11,11,11,11,11,11
g361031470033,89,45,74,40,26,20,22,11,52,11,11,11,11
g361031470041,27,4,10,12,9,6,9,5,11,5,3,11,11
g361031471001,53,27,43,37,20,27,16,7,6,11,11,11,11
g361031471002,40,21,24,23,22,14,12,34,12,17,7,10,11
g361031471003,42,11,36,42,27,14,16,5,11,11,11,11,7
g361031472001,167,65,125,85,55,20,32,11,114,73,11,11,11
g361031472002,117,26,65,11,11,11,11,25,83,60,27,11,11
g361031472003,126,23,62,46,36,23,27,89,98,39,11,11,11
g361031472004,78,11,38,43,32,29,33,58,11,11,23,11,11
g361031472005,125,11,32,11,11,11,11,101,100,11,11,11,11
g361031473001,134,11,41,67,11,11,11,86,109,50,22,11,11
g361031473002,109,11,27,11,31,11,11,101,53,18,11,11,11
g361031473003,109,52,96,28,46,27,40,69,29,28,11,11,11
g361031473004,140,34,101,11,11,24,25,63,108,30,11,11,38
g361031473005,179,11,24,11,23,11,11,128,170,11,23,11,11
g361031473006,154,49,81,81,54,33,32,108,70,11,11,11,11
g361031474011,119,49,78,74,37,81,52,80,61,31,11,11,11
g361031474012,118,49,91,60,41,11,19,61,93,31,31,11,11
g361031474013,118,57,117,36,51,32,34,35,110,11,11,11,11
g361031474014,107,23,67,47,29,11,11,69,74,11,11,11,11
g361031474021,52,28,38,56,32,27,28,20,22,11,11,11,11
g361031474022,65,56,57,41,26,40,11,12,11,11,11,11,11
g361031474023,53,27,52,41,30,50,22,28,11,11,11,11,11
g361031475011,96,11,34,52,35,35,23,72,64,30,11,11,11
g361031475012,132,27,82,102,84,61,40,63,11,11,11,11,11
g361031475013,72,38,54,30,11,22,22,11,11,11,11,11,11
g361031475014,79,11,63,17,36,11,25,11,56,36,11,11,11
g361031475015,125,11,103,105,66,51,26,11,11,26,11,11,11
g361031475016,111,32,63,43,63,52,62,18,46,42,20,11,11
g361031475021,62,39,50,24,44,23,22,11,11,11,11,11,11
g361031475022,66,29,46,71,55,21,31,11,11,11,11,11,14
g361031475023,96,36,63,62,53,86,46,11,11,11,11,11,11
g361031475024,76,29,92,55,52,36,57,16,11,11,11,12,11
g361031475025,64,26,37,47,39,28,28,11,47,11,11,11,11
g361031475031,32,14,76,58,26,25,33,35,11,12,11,11,11
g361031476011,55,21,54,42,40,18,21,11,7,11,11,11,11
g361031476012,51,18,45,37,39,24,20,19,19,11,11,11,11
g361031476021,112,75,48,62,57,31,43,51,44,32,11,11,11
g361031476022,96,30,92,61,82,54,32,45,11,11,11,11,11
g361031476023,89,45,50,77,58,11,49,36,34,25,11,11,33
g361031476024,81,11,85,44,54,29,41,11,11,11,11,11,11
g361031477011,60,22,65,39,46,35,20,51,39,15,11,11,11
g361031477012,70,27,50,45,43,44,31,20,39,11,11,11,11
g361031477021,78,24,63,68,32,41,22,11,16,11,37,11,11
g361031477022,70,23,49,40,39,19,32,46,11,11,11,11,11
g361031477023,87,17,64,51,23,43,35,45,22,22,11,11,11
g361031477024,55,11,30,45,33,11,21,19,13,15,11,17,11
g361031478021,76,32,41,33,25,20,16,47,34,24,11,11,11
g361031478022,64,21,62,45,45,22,38,11,15,11,11,11,11
g361031478023,78,26,44,67,29,26,31,69,12,34,11,11,11
g361031478031,78,28,62,49,47,16,21,52,67,11,11,11,11
g361031478032,56,35,43,47,34,22,20,38,30,11,11,11,11
g361031478041,87,63,79,75,46,31,33,11,11,11,11,11,11
g361031478042,76,30,59,58,18,13,43,14,27,11,11,11,11
g361031478043,63,21,55,52,38,42,36,11,11,11,11,11,11
g361031478044,62,11,58,61,39,35,25,11,11,11,11,11,11
g361031479011,101,45,71,56,52,43,28,15,19,37,11,11,11
g361031479012,98,16,17,16,16,11,11,64,95,31,11,11,11
g361031479013,99,13,13,37,11,11,17,90,94,22,11,11,11
g361031479021,53,11,32,35,29,41,25,20,11,11,11,11,11
g361031479022,83,37,70,34,28,44,11,11,24,11,11,11,11
g361031479023,82,11,60,88,40,22,22,23,11,13,11,11,11
g361031479024,56,38,40,54,25,34,26,16,19,11,14,11,11
g361031580011,59,17,34,34,18,20,6,11,7,6,14,11,4
g361031580012,44,21,25,35,16,18,11,24,8,4,11,11,11
g361031580013,49,11,43,35,32,11,25,11,11,12,11,11,16
g361031580014,64,66,47,42,27,14,15,8,13,11,11,11,11
g361031580015,48,14,21,50,23,11,18,11,14,11,11,11,11
g361031580021,74,30,62,60,26,32,57,11,30,11,11,11,11
g361031580022,88,11,95,48,39,47,36,11,11,11,11,11,11
g361031580023,124,14,126,70,81,38,41,28,32,11,11,11,11
g361031580024,121,11,98,48,39,11,32,23,55,11,11,11,11
g361031580025,69,67,47,39,34,32,11,40,34,11,11,11,11
g361031580026,86,58,102,59,45,31,25,11,11,11,11,11,11
g361031580061,111,53,101,93,67,52,78,24,86,11,11,11,11
g361031580062,106,33,87,106,76,49,56,81,11,11,11,11,11
g361031580063,105,35,70,49,28,11,37,76,27,25,11,11,11
g361031580064,68,62,25,47,22,11,11,11,11,11,11,11,11
g361031580071,11,11,11,11,11,11,11,11,11,11,11,11,11
g361031580072,11,11,14,6,11,11,11,11,11,5,11,11,11
g361031580073,13,11,11,13,11,11,11,11,11,11,11,11,11
g361031580074,11,11,11,11,11,11,11,11,11,11,11,11,11
g361031580091,52,19,37,47,22,26,20,8,8,11,11,11,11
g361031580092,58,28,36,57,16,27,22,14,11,11,11,11,11
g361031580101,83,45,69,56,65,62,31,11,11,11,11,11,11
g361031580102,60,11,73,36,35,26,24,11,24,11,11,11,11
g361031580103,51,11,27,49,28,45,36,11,11,11,11,11,11
g361031580111,82,27,91,70,47,35,49,24,44,13,11,11,11
g361031580112,65,40,75,68,32,36,22,11,11,11,11,11,11
g361031580113,92,70,98,32,11,11,11,18,45,18,11,11,11
g361031581021,115,20,94,75,34,37,50,42,84,27,18,11,14
g361031581022,95,36,57,97,49,62,14,11,11,11,11,11,11
g361031581031,117,64,97,60,75,45,42,73,49,11,11,11,11
g361031581032,84,22,54,28,29,64,29,11,59,47,11,11,11
g361031581041,82,50,93,43,45,48,32,11,46,11,11,11,11
g361031581042,81,11,68,52,63,25,47,11,39,23,11,11,11
g361031581043,97,20,95,43,36,37,34,11,46,11,11,11,11
g361031581071,80,35,80,36,26,30,39,21,32,11,11,11,11
g361031581072,77,27,82,67,30,36,32,16,45,20,57,11,11
g361031581081,46,26,66,49,34,32,23,46,56,7,11,11,11
g361031581101,75,11,50,68,47,55,40,31,20,11,11,11,16
g361031581102,72,12,62,49,57,43,27,11,22,11,11,11,11
g361031581111,68,36,50,45,39,31,40,12,29,11,11,11,11
g361031581112,61,44,46,41,33,24,29,23,30,11,11,12,11
g361031581121,86,17,73,68,42,20,34,59,46,28,11,11,10
g361031581122,92,39,77,31,76,50,65,59,17,15,11,11,11
g361031581141,77,33,78,64,35,73,61,51,55,11,11,11,25
g361031581151,150,31,96,87,59,77,19,132,53,11,11,11,11
g361031581152,119,11,70,26,70,65,54,82,11,11,11,11,11
g361031581153,119,22,82,75,89,50,72,46,22,11,11,11,11
g361031581161,62,16,66,50,31,31,11,11,14,11,11,11,11
g361031581162,55,32,31,29,26,9,11,26,8,14,11,11,11
g361031582021,133,55,69,105,39,11,16,74,25,69,11,11,11
g361031582022,171,74,80,54,11,25,77,104,149,44,19,11,11
g361031582023,144,44,91,65,32,41,45,70,31,11,11,11,11
g361031582024,97,40,49,67,36,57,72,11,11,11,11,11,11
g361031582025,132,11,137,99,22,11,73,40,11,35,11,11,11
g361031582031,25,24,50,45,53,34,21,17,10,12,11,11,11
g361031582051,50,11,46,40,24,11,9,11,11,11,11,11,11
g361031582052,43,17,43,34,36,22,21,11,9,11,11,11,11
g361031582061,99,20,54,62,24,41,27,56,47,11,11,11,11
g361031582062,80,12,64,42,25,27,29,50,35,34,11,11,11
g361031582063,82,26,62,24,26,32,11,74,47,11,11,11,11
g361031582071,44,10,30,25,11,21,9,11,15,11,11,11,11
g361031582072,89,20,69,54,47,37,33,33,57,11,11,11,11
g361031582073,59,20,31,44,10,11,11,49,19,14,11,11,11
g361031582074,86,12,58,49,52,38,15,59,43,13,11,11,11
g361031583041,147,22,111,55,125,45,11,11,11,30,11,11,11
g361031583042,128,52,123,67,44,58,25,20,25,11,83,11,11
g361031583043,152,11,131,60,101,50,21,11,15,32,11,11,11
g361031583044,105,92,69,133,48,36,41,32,11,26,11,11,11
g361031583061,108,41,101,103,76,44,40,64,68,11,11,11,11
g361031583062,119,30,98,57,68,45,11,11,49,11,11,11,11
g361031583063,93,28,73,84,87,66,11,11,11,11,11,11,11
g361031583081,123,11,74,52,41,44,25,26,97,27,11,11,11
g361031583082,156,124,78,42,51,21,45,120,29,11,11,11,11
g361031583083,135,90,133,90,60,79,42,53,68,11,11,11,11
g361031583084,147,11,96,75,51,87,94,11,33,11,11,11,25
g361031583091,110,17,101,98,71,46,19,94,117,55,11,11,11
g361031583092,116,30,37,44,46,16,13,74,103,19,11,11,11
g361031583101,69,26,52,56,23,60,30,10,34,36,11,11,11
g361031583102,89,74,82,72,24,18,23,30,35,37,11,11,11
g361031583151,92,30,101,91,70,40,11,25,47,11,11,11,11
g361031583152,91,26,100,48,58,34,11,11,27,58,11,11,11
g361031583171,155,29,134,74,94,51,47,32,42,72,11,11,11
g361031583172,137,35,89,48,43,41,60,73,38,11,11,11,11
g361031583173,99,58,98,73,47,20,25,11,29,11,11,11,11
g361031583181,91,45,90,49,27,41,21,40,24,30,11,11,11
g361031583182,83,35,68,36,33,46,23,11,11,11,11,11,11
g361031583183,77,21,61,73,57,44,38,11,11,15,11,11,11
g361031583191,115,31,98,46,34,14,11,66,37,11,11,11,11
g361031583192,82,28,71,30,33,55,27,14,11,11,11,11,11
g361031583193,73,11,32,42,31,35,37,54,11,11,11,11,11
g361031583201,91,17,81,76,39,11,11,11,11,11,11,11,11
g361031583202,126,11,78,110,34,78,11,11,11,11,11,11,11
g361031583203,130,44,124,67,11,31,11,85,75,23,11,11,11
g361031583204,96,35,61,73,58,55,11,11,11,11,11,11,11
g361031583211,191,125,101,71,37,24,17,160,122,11,11,11,11
g361031583212,123,59,105,65,39,34,11,58,53,11,11,11,11
g361031583213,81,11,77,92,56,40,11,11,11,11,11,11,11
g361031583214,202,62,36,11,29,10,11,165,227,39,11,63,11
g361031583221,51,17,68,25,32,12,11,7,13,11,11,11,11
g361031583231,106,26,95,63,34,62,11,11,11,11,11,11,11
g361031583232,103,38,61,97,50,28,39,11,11,11,11,11,11
g361031583233,115,31,121,79,32,55,17,11,24,18,11,11,11
g361031583234,144,75,115,115,38,28,11,47,17,41,11,11,11
g361031584011,31,31,47,53,18,24,12,8,28,6,7,11,11
g361031584021,72,11,55,69,65,45,41,14,31,11,11,11,11
g361031584022,39,9,22,15,15,17,20,4,11,11,11,11,11
g361031584023,73,21,53,59,25,28,35,44,16,11,11,11,11
g361031584031,61,44,66,47,31,24,11,11,18,11,11,11,11
g361031584032,70,34,45,35,20,27,10,48,15,15,11,11,11
g361031584051,98,11,102,67,55,38,15,17,52,11,11,11,11
g361031584052,60,25,46,50,32,33,11,15,11,11,11,11,11
g361031584053,71,43,69,45,32,30,21,37,11,11,11,11,11
g361031584071,101,56,86,56,43,17,34,26,11,11,11,11,11
g361031584072,134,76,97,69,40,44,22,11,72,11,11,11,11
g361031584073,128,11,48,110,55,11,23,24,45,19,11,11,11
g361031584074,135,31,120,72,59,11,11,11,71,11,11,11,11
g361031584081,97,61,62,75,33,28,20,90,57,11,11,11,11
g361031584082,85,32,62,66,31,29,48,53,34,28,18,11,11
g361031584091,117,19,68,44,39,13,21,81,92,11,27,11,11
g361031584092,112,60,96,77,66,28,16,11,9,11,11,11,11
g361031584093,86,11,64,40,42,13,11,39,11,11,11,11,11
g361031584101,89,78,87,80,55,11,11,23,11,11,11,11,11
g361031584102,114,72,104,76,59,11,36,37,39,11,11,11,11
g361031584103,125,26,104,85,11,11,26,11,66,11,11,11,11
g361031585021,89,60,31,77,33,30,24,29,41,62,11,11,11
g361031585022,70,11,58,50,24,37,20,34,11,11,11,11,11
g361031585023,84,11,33,11,19,22,12,87,96,48,16,47,11
g361031585051,80,11,82,81,43,49,38,52,41,11,11,11,11
g361031585052,55,38,41,36,22,18,22,11,11,11,11,15,11
g361031585053,70,33,11,15,11,11,11,69,61,11,18,11,11
g361031585061,61,47,49,38,39,29,17,9,56,11,9,11,19
g361031585062,53,25,36,30,27,22,24,33,7,11,11,6,11
g361031585071,77,11,63,32,39,30,13,12,11,11,14,11,11
g361031585072,70,23,60,50,52,19,24,11,11,16,11,11,11
g361031585073,87,44,69,75,49,11,55,20,46,11,14,11,11
g361031585081,76,51,87,30,61,58,54,11,11,11,11,11,11
g361031585082,99,29,65,64,42,11,42,103,11,11,11,11,11
g361031585083,87,8,60,82,40,52,11,11,11,11,11,11,11
g361031585084,80,11,32,64,16,23,11,12,43,11,11,11,11
g361031585085,75,25,64,53,42,17,53,11,11,11,11,11,11
g361031585091,95,11,57,39,54,40,14,75,41,11,11,11,11
g361031585092,91,11,88,48,59,22,17,11,56,40,10,11,11
g361031585093,119,51,58,45,11,25,30,97,104,39,11,11,11
g361031585101,171,79,94,87,109,75,12,67,131,11,11,11,11
g361031585102,110,11,83,57,49,63,38,11,68,11,11,11,11
g361031585103,140,22,97,52,98,26,40,35,39,14,25,11,11
g361031585104,122,11,102,62,65,37,60,11,23,11,11,11,11
g361031585111,91,31,91,67,42,26,45,48,43,11,11,11,11
g361031585112,103,79,83,73,32,38,38,22,54,11,11,11,11
g361031585113,99,32,85,69,50,41,38,47,15,11,12,11,11
g361031585121,76,16,86,71,44,47,32,11,12,11,11,11,11
g361031585122,80,11,82,56,58,24,20,15,15,11,11,11,11
g361031586041,89,11,79,53,43,41,34,14,46,11,11,11,11
g361031586042,72,11,60,46,28,33,30,43,11,11,11,11,11
g361031586043,95,17,78,68,51,45,47,16,52,11,11,11,11
g361031586051,99,42,71,75,77,38,41,25,11,25,11,11,11
g361031586052,98,22,76,50,77,41,39,21,64,11,11,11,11
g361031586061,80,64,52,67,74,43,28,11,11,28,11,11,11
g361031586062,95,15,80,37,51,14,29,11,56,11,11,11,11
g361031586063,75,11,57,33,32,46,10,10,49,11,41,11,15
g361031586071,120,35,76,72,23,34,18,75,63,26,14,11,11
g361031586072,88,8,73,65,59,20,17,30,26,17,11,11,11
g361031586081,63,29,35,16,11,18,11,41,42,42,12,11,11
g361031586082,75,17,46,44,21,37,11,13,65,14,11,11,11
g361031586083,75,23,81,27,47,66,20,37,32,15,11,11,11
g361031586091,91,44,72,51,45,44,44,62,40,11,11,11,11
g361031586092,93,11,79,37,37,45,51,11,47,11,11,11,11
g361031586093,76,38,50,25,17,32,13,14,70,11,11,11,11
g361031587041,136,11,82,61,50,43,11,60,119,27,77,11,11
g361031587042,150,11,56,38,18,33,29,139,106,11,11,11,11
g361031587043,184,89,174,50,52,35,26,11,35,11,11,11,11
g361031587044,212,28,151,142,63,15,24,138,104,86,11,11,11
g361031587045,117,35,111,106,61,11,11,11,73,31,11,11,11
g361031587051,93,25,47,48,19,13,24,42,87,20,11,11,11
g361031587052,121,25,104,50,65,15,11,59,14,11,11,11,11
g361031587053,100,11,43,46,53,16,15,50,58,11,11,11,11
g361031587071,56,29,52,30,29,23,12,34,15,11,11,11,11
g361031587081,95,20,50,57,16,11,18,75,71,18,11,11,11
g361031587082,125,33,72,39,42,20,11,104,69,22,11,11,11
g361031587083,77,11,39,72,44,42,13,11,25,11,11,11,11
g361031587091,53,44,70,54,41,29,9,25,29,16,11,11,10
g361031587101,91,17,79,44,51,19,13,44,45,11,26,11,11
g361031587102,79,11,43,51,39,31,27,34,30,24,11,11,11
g361031587103,85,11,65,67,18,29,18,56,75,11,11,11,11
g361031587104,11,11,11,11,11,11,11,11,11,11,11,11,11
g361031587111,114,37,68,82,23,59,80,11,11,11,11,11,11
g361031587112,135,38,134,87,48,25,11,38,63,11,11,11,11
g361031587113,166,11,83,42,11,31,72,127,122,38,11,11,11
g361031587121,106,27,95,100,32,83,17,27,11,11,11,11,11
g361031587122,144,55,98,146,30,45,11,11,41,11,11,11,11
g361031587123,92,21,38,77,32,43,26,11,11,11,11,11,11
g361031587124,127,88,84,87,43,41,33,11,69,11,11,11,11
g361031587125,142,101,115,46,29,49,11,113,11,11,37,11,11
g361031588021,86,11,65,68,45,35,23,38,54,15,11,11,11
g361031588022,80,38,63,34,63,41,36,15,22,11,11,11,11
g361031588023,70,14,55,47,44,43,38,47,49,17,11,11,11
g361031588031,111,11,84,65,67,28,11,11,79,13,11,11,11
g361031588032,104,11,64,42,29,24,25,119,57,11,11,11,11
g361031588033,99,59,108,82,34,27,14,28,11,29,11,11,11
g361031588034,91,77,54,51,45,11,11,80,11,11,11,11,11
g361031588041,139,85,127,69,56,11,28,21,18,11,11,11,11
g361031588042,116,11,88,29,94,35,20,23,28,11,11,11,11
g361031588043,119,34,110,48,28,61,28,62,11,11,11,11,11
g361031588044,120,68,105,18,18,72,11,11,11,18,11,11,11
g361031588045,113,11,22,75,52,62,58,11,18,70,11,11,11
g361031588046,84,16,46,43,47,57,32,64,24,11,11,11,11
g361031589001,183,25,65,92,27,11,32,101,138,24,25,11,11
g361031589002,128,11,72,32,25,11,11,148,96,11,11,11,11
g361031589003,97,23,74,85,11,22,22,11,25,11,11,11,11
g361031589004,131,11,65,46,67,36,11,91,47,30,11,11,11
g361031589005,151,44,107,63,44,34,46,81,104,11,19,11,11
g361031590001,117,57,59,65,56,20,41,69,73,11,11,17,11
g361031590002,107,49,57,54,34,15,52,66,59,30,11,11,15
g361031590003,147,27,65,46,11,11,11,106,74,25,11,11,11
g361031591021,142,11,58,60,11,22,20,93,123,11,11,11,11
g361031591022,144,26,59,18,40,29,36,74,135,11,38,11,11
g361031591023,101,11,57,95,36,47,26,11,11,11,11,11,11
g361031591024,137,11,55,57,11,29,21,143,106,61,21,11,11
g361031591025,133,11,80,11,11,34,37,52,120,43,21,11,11
g361031591031,70,22,59,23,27,24,22,20,11,11,14,11,11
g361031591032,95,47,37,32,11,37,11,11,67,12,11,11,11
g361031591033,131,73,97,27,21,43,31,51,71,15,11,11,11
g361031591034,108,14,27,49,11,45,42,87,89,18,11,11,11
g361031591051,130,11,85,90,82,50,43,49,43,11,11,11,11
g361031591052,164,11,23,11,11,11,11,113,137,99,72,20,11
g361031591053,140,78,107,113,41,41,11,27,38,11,11,11,11
g361031591054,119,59,112,53,57,32,28,11,11,22,11,11,11
g361031591061,81,18,76,54,51,20,11,29,31,11,19,11,11
g361031591062,132,28,76,49,49,28,11,105,114,11,11,11,11
g361031591063,85,29,77,42,35,58,11,11,28,11,11,11,11
g361031591071,89,50,67,48,31,32,23,11,11,11,11,11,11
g361031591072,55,11,67,27,32,23,29,10,11,11,11,11,11
g361031591073,79,11,66,44,30,39,31,11,11,11,40,11,11
g361031591081,88,11,43,68,25,44,16,41,11,11,11,11,11
g361031591082,144,25,148,62,68,115,11,43,64,11,11,11,11
g361031591083,80,16,56,86,24,85,11,11,11,11,11,11,11
g361031591084,95,11,62,86,20,72,11,11,11,11,11,11,11
g361031591085,93,56,65,29,39,46,18,11,45,11,11,11,11
g361031592011,85,54,80,32,63,26,40,32,19,11,11,11,18
g361031592012,97,90,60,51,24,53,40,11,69,61,11,11,11
g361031592031,120,11,86,102,55,52,29,11,21,11,11,11,11
g361031592032,132,60,102,75,65,83,43,37,59,23,11,11,11
g361031592033,136,34,105,62,62,21,36,79,100,11,11,11,11
g361031592041,79,64,35,41,22,17,21,13,48,11,11,11,11
g361031592042,70,11,40,25,46,40,11,11,11,11,11,11,11
g361031592043,104,37,55,50,36,24,18,69,64,11,11,11,11
g361031592044,65,17,57,54,34,33,23,11,13,11,11,11,11
g361031593001,71,15,33,33,14,24,30,38,38,5,11,11,11
g361031593002,60,26,51,31,21,25,40,24,25,12,27,11,12
g361031594041,168,19,46,22,11,26,11,152,127,33,11,11,11
g361031594042,77,11,65,43,42,22,11,22,39,11,11,11,11
g361031594043,210,102,78,39,73,49,11,124,174,11,11,11,11
g361031594044,152,97,114,103,58,41,11,93,71,11,11,11,11
g361031594045,167,11,97,57,38,27,17,11,109,11,11,11,11
g361031594061,96,44,58,41,11,15,11,54,52,24,11,11,11
g361031594062,118,71,40,31,21,21,11,87,89,33,11,11,11
g361031594063,97,11,69,50,40,23,11,83,16,11,11,11,11
g361031594071,113,28,83,54,106,41,11,61,44,11,11,12,11
g361031594072,89,11,65,55,49,34,16,40,40,11,11,11,11
g361031594073,122,80,101,65,68,62,17,11,30,11,11,11,11
g361031594081,84,64,88,48,58,72,29,36,64,11,11,11,13
g361031594082,79,30,46,25,41,47,46,60,40,11,11,11,11
g361031594101,138,91,92,55,105,35,63,11,11,11,11,11,11
g361031594102,113,53,127,53,38,45,21,89,60,11,11,11,21
g361031594103,141,53,162,129,16,23,16,62,25,16,16,16,16
g361031594111,103,16,67,60,57,77,11,17,11,11,11,11,11
g361031594112,96,42,55,54,53,21,11,37,26,11,11,11,11
g361031594121,90,19,75,55,23,23,11,11,11,11,11,11,11
g361031594122,147,35,156,75,25,11,18,29,82,62,11,11,11
g361031594123,158,42,111,94,131,36,11,11,34,11,11,11,11
g361031594124,140,53,99,49,37,11,11,111,110,11,29,11,11
g361031595051,134,14,85,98,77,55,11,59,11,21,11,11,11
g361031595052,169,32,96,52,18,44,33,127,137,11,11,11,11
g361031595053,96,36,75,56,31,17,11,11,27,11,11,11,11
g361031595054,132,11,63,111,53,50,22,11,11,11,22,11,11
g361031595055,153,38,134,112,58,72,11,11,11,15,11,11,11
g361031595061,135,45,103,26,63,87,11,160,40,11,11,11,11
g361031595062,157,39,96,113,44,80,11,28,82,31,11,11,11
g361031595063,116,32,88,53,23,57,11,11,78,11,11,11,11
g361031595064,143,22,106,122,45,34,11,110,79,11,11,11,11
g361031595081,127,50,108,66,56,31,28,11,70,12,11,11,11
g361031595082,152,86,79,95,60,42,28,61,43,11,66,11,11
g361031595083,198,24,118,46,40,29,11,191,44,22,18,11,11
g361031595084,196,133,118,72,70,29,24,59,79,17,11,11,11
g361031595091,99,46,77,11,30,20,11,14,34,16,11,11,11
g361031595092,107,21,33,27,52,16,29,67,60,11,11,11,11
g361031595093,97,28,54,25,21,11,14,48,81,11,11,11,11
g361031595101,26,3,6,18,4,13,3,11,6,9,3,11,11
g361031595102,5,3,4,11,11,11,11,11,11,11,11,11,11
g361031595111,128,40,105,97,48,69,20,11,78,52,11,11,11
g361031595112,117,10,96,27,78,33,10,15,58,15,11,11,11
g361031595113,155,21,69,40,30,77,29,97,88,11,11,11,11
g361031595114,153,104,75,83,47,56,128,64,51,11,11,11,11
g361031595121,80,7,53,52,47,53,15,48,68,11,11,11,11
g361031596011,116,22,97,82,41,29,22,11,69,11,11,11,11
g361031596012,83,29,71,55,52,30,11,11,11,11,11,11,11
g361031596013,104,11,75,50,11,45,43,35,64,11,11,11,11
g361031596014,126,24,99,79,61,22,69,84,11,11,11,11,11
g361031596015,128,11,56,79,91,70,46,11,34,29,11,11,11
g361031596021,95,55,110,91,51,69,32,11,11,11,11,11,11
g361031596022,119,20,71,49,42,29,40,39,51,64,11,11,18
g361031697011,106,57,70,77,26,65,11,11,39,11,11,11,11
g361031697012,129,22,70,95,27,88,30,11,65,11,11,11,11
g361031697013,145,21,124,94,102,43,19,68,16,11,11,11,11
g361031697014,110,60,80,94,43,31,21,21,11,11,11,11,11
g361031697015,134,38,97,93,79,82,25,22,11,11,11,11,11
g361031697031,84,21,91,64,27,16,15,16,16,30,11,11,11
g361031697041,117,11,49,91,40,20,46,35,36,11,11,11,11
g361031697042,117,43,56,73,90,11,11,50,11,11,11,11,11
g361031697043,171,11,80,39,45,29,28,124,76,108,11,11,11
g361031697044,146,70,130,42,46,27,11,11,22,28,11,11,33
g361031697045,129,97,63,83,11,11,11,11,32,32,11,11,11
g361031697046,114,78,96,81,18,30,11,11,38,11,11,11,11
g361031698001,167,50,61,47,65,60,35,132,92,17,48,11,11
g361031698002,88,46,67,18,46,11,25,62,59,17,11,11,11
g361031698003,120,20,89,35,63,38,49,34,78,11,22,11,11
g361031698004,127,11,21,20,17,13,11,71,113,37,18,11,11
g361031699011,190,11,140,60,30,27,27,11,104,30,11,41,11
g361031699012,211,67,174,93,11,11,68,159,158,101,11,11,11
g361031699021,202,94,92,165,20,26,11,60,83,11,11,11,11
g361031699022,169,79,78,52,107,11,19,11,75,11,11,11,11
g361031699023,147,11,115,101,11,11,34,11,36,11,11,11,11
g361031699024,64,11,28,41,11,11,35,11,27,11,11,11,11
g361031699025,184,75,110,88,66,28,11,77,132,11,11,11,11
g361031700011,151,120,57,96,50,55,92,11,24,11,11,11,11
g361031700012,173,59,72,62,67,56,51,11,117,100,11,11,11
g361031700013,102,11,63,49,35,39,31,44,11,11,11,11,11
g361031700014,121,11,53,96,11,37,29,30,121,11,11,11,11
g361031700015,131,30,63,83,98,48,11,11,52,11,11,11,11
g361031700021,81,11,57,29,34,51,29,11,18,11,11,11,11
g361031700022,95,49,50,50,27,39,50,47,11,11,11,11,11
g361031700023,84,11,51,43,31,39,36,11,11,11,11,11,11
g361031700024,127,17,70,20,44,23,15,43,30,11,27,11,86
g361031700025,77,11,27,53,56,15,11,21,19,5,11,11,11
g361031701011,67,19,38,27,23,19,19,28,49,30,32,11,11
g361031701012,86,9,33,24,28,19,14,55,91,20,11,11,11
g361031702011,149,26,101,125,44,51,11,11,33,22,11,11,11
g361031702012,110,61,100,84,11,30,47,11,45,11,11,11,11
g361031702013,95,11,75,97,25,30,30,11,11,23,11,11,11
g361031702014,107,34,50,43,11,77,29,25,11,11,11,11,11
g361031702015,92,43,44,11,35,36,47,11,39,37,37,11,11
g361031702016,119,11,62,106,56,49,24,49,11,45,11,11,11
g361031702017,105,11,43,75,64,11,22,11,11,11,23,11,11
g361031702021,84,38,35,11,23,13,18,37,61,12,11,11,11
g361031702022,52,8,6,36,11,22,6,25,3,11,11,11,11
g361031702023,83,12,66,18,31,18,35,25,10,10,11,11,11
g361031702024,54,10,29,26,23,38,22,10,12,11,8,11,11
g361031702025,93,43,71,48,28,11,29,39,16,21,11,11,11
g361031803001,135,43,95,71,58,47,17,16,46,11,11,3,11
g361031803002,119,16,88,31,63,57,46,26,55,10,11,11,8
g361031904011,115,71,79,51,50,10,87,11,20,11,11,11,11
g361031904012,132,52,11,11,22,18,32,58,102,11,11,11,11
g361031904013,140,81,124,59,11,36,8,11,48,11,11,11,11
g361031904014,11,11,11,11,11,11,11,11,11,11,11,11,11
g361031904015,142,40,47,72,11,11,41,118,124,11,11,28,11
g361031904016,125,11,54,71,48,49,27,11,71,11,11,11,11
g361031904017,203,47,144,162,80,41,11,52,153,11,11,11,11
g361031904021,79,33,46,24,26,11,21,48,20,8,23,11,11
g361031904022,73,39,56,32,24,22,11,48,15,8,11,11,8
g361031904031,109,11,35,41,74,22,19,53,68,11,11,11,11
g361031904032,78,29,46,27,21,22,15,14,67,15,11,11,11
g361031904033,134,11,61,51,36,31,18,68,84,40,11,15,11
g361031905021,72,8,49,41,47,12,11,29,14,11,11,11,11
g361031905022,70,11,31,41,19,22,27,32,32,11,5,11,11
g361031905023,72,9,54,25,23,15,17,33,38,13,11,11,11
g361031905031,65,20,40,27,33,8,15,20,43,11,11,23,11
g361031905032,96,11,43,54,47,9,11,55,58,11,11,11,11
g361031905033,83,6,55,39,20,45,42,11,27,11,11,11,11
g361031905034,59,16,35,22,29,24,8,16,21,11,11,11,11
g361031905041,65,12,44,54,11,11,3,11,16,9,11,11,11
g361031905042,68,11,42,27,17,11,26,11,64,9,11,11,11
g361031905043,67,25,34,35,31,14,11,11,28,11,11,11,11
g361031906011,57,11,37,38,18,14,21,22,6,11,11,11,11
g361031906012,104,49,79,34,21,25,21,62,15,11,11,11,11
g361031906013,87,35,56,58,53,35,19,24,49,11,11,11,11
g361031906014,109,11,65,65,28,65,30,11,32,11,11,11,11
g361031906015,75,15,17,53,13,42,11,11,47,11,11,11,11
g361031906016,70,5,56,21,17,11,7,24,23,11,11,11,11
g361031906031,116,16,51,63,34,42,16,11,92,11,11,11,13
g361031906032,130,60,108,81,27,30,29,42,83,11,11,11,11
g361031906033,118,32,73,44,43,35,30,53,29,41,11,11,11
g361031906041,157,61,145,49,38,30,30,35,42,12,19,11,11
g361031906042,139,55,69,91,42,39,11,58,93,11,11,11,11
g361031906043,128,11,20,50,34,15,29,64,87,11,11,11,11
g361031907041,123,9,66,88,21,16,11,73,19,18,11,11,37
g361031907042,59,11,43,27,21,5,15,11,11,6,15,5,18
g361031907043,45,14,19,16,23,4,17,4,11,11,11,11,3
g361031907044,70,11,33,69,18,14,19,16,33,11,11,11,11
g361031907045,96,12,81,51,21,15,22,11,23,11,16,11,11
g361031907051,30,11,17,10,19,11,11,11,10,11,11,11,11
g361031907052,124,52,43,47,35,58,57,104,35,11,11,11,11
g361031907053,56,16,25,28,30,25,20,11,16,16,11,11,11
g361031907054,112,30,78,30,55,36,50,54,37,11,15,11,11
g361031907055,91,11,32,35,33,34,11,69,52,50,11,11,11
g361031907061,100,25,63,57,29,35,36,19,43,19,11,11,11
g361031907062,110,19,46,80,44,11,35,33,76,16,11,11,18
g361031907063,86,48,57,37,11,47,54,18,11,11,11,11,11
g361031907064,93,15,31,48,30,61,16,11,30,38,11,11,11
g361031907065,83,27,40,8,26,59,11,16,63,13,11,11,11
g361031907071,99,21,70,53,73,27,16,33,21,11,11,11,11
g361031907072,128,49,64,37,20,51,14,13,95,18,11,11,11
g361031907073,78,16,62,41,42,11,11,11,11,32,11,11,11
g361031907074,125,16,106,40,30,16,11,80,15,11,11,11,11
g361031907075,153,73,55,111,36,39,78,11,25,11,11,11,11
g361031907081,58,12,29,28,24,14,16,7,19,11,11,4,11
g361031907082,102,19,33,22,41,25,28,15,87,8,11,11,11
g361031908001,105,11,53,36,37,24,15,30,62,11,14,11,11
g361031908002,85,64,41,32,59,11,22,9,22,27,11,11,11
g361031908003,101,21,44,44,29,50,25,65,15,11,11,11,11
g361031908004,81,11,38,25,40,25,11,70,11,29,11,11,11
g361032009011,66,14,21,18,17,19,15,31,47,13,8,11,5
g361032009012,52,9,19,18,20,21,24,15,15,6,5,11,11
g361032009021,164,38,83,105,26,33,11,11,93,11,11,11,11
g361032009022,98,23,62,77,11,11,11,15,34,11,11,11,11
g361032009023,159,11,66,74,19,36,27,116,19,79,11,11,11
g361032009024,111,26,22,26,60,59,11,11,27,24,68,11,11
g361032009025,71,9,40,22,31,19,13,31,27,18,11,11,6
g361032009026,198,38,172,105,58,23,27,38,125,11,11,11,11
g361032009027,103,34,55,39,32,12,28,25,35,11,12,11,11
g361032010011,131,30,92,76,38,40,32,11,11,79,11,11,11
g361032010012,141,11,79,62,36,31,28,93,39,11,11,11,11
g361032010013,152,22,95,92,63,11,46,11,28,11,11,11,11
g361032010014,119,11,61,46,33,60,11,69,11,11,11,11,11
g361032010015,188,41,128,83,54,19,11,11,118,11,11,11,11
g361032010031,124,11,53,68,33,34,45,57,89,15,10,11,20
g361032010032,68,11,53,23,37,11,7,26,11,11,11,11,11
g361032010033,57,33,15,11,29,11,6,11,11,33,11,11,11
g361032010034,84,16,30,26,22,25,45,22,46,4,11,11,11
g361032010035,110,26,65,48,11,43,10,17,62,31,11,11,11
g361032010041,50,16,11,46,11,11,16,11,15,11,11,11,11
g361032010042,120,55,25,20,50,45,18,54,68,11,11,11,11
g361032010043,98,26,27,49,24,53,56,15,43,11,11,11,11
g361032010044,93,11,40,48,14,15,16,53,30,20,11,11,11
g361032010045,148,62,63,55,74,37,69,11,65,11,11,11,11
g361032010046,113,23,46,38,59,59,15,15,17,57,11,11,11
g361032011001,116,41,91,101,28,24,14,34,38,28,11,11,11
g361032011002,100,11,85,46,33,11,27,65,12,33,11,11,8
g361032011003,11,11,11,11,11,11,11,11,11,11,11,11,11
g361032011004,121,42,71,65,19,27,42,36,25,11,11,11,11
g361039901000,11,11,11,11,11,11,11,11,11,11,11,11,11
