GEOID,B25038_001E,B25038_003E,B25038_004E,B25038_005E,B25038_006E,B25038_007E,B25038_008E,B25038_010E,B25038_011E,B25038_012E,B25038_013E,B25038_014E,B25038_015E
g361031101011,466,9,91,120,98,22,62,20,5,39,0,0,0
g361031101012,681,71,220,195,55,55,63,16,6,0,0,0,0
g361031101021,613,29,217,104,69,46,68,64,16,0,0,0,0
g361031101022,362,70,86,83,59,53,11,0,0,0,0,0,0
g361031101023,385,23,185,72,25,40,32,0,0,0,0,0,8
g361031101024,373,7,151,66,20,80,23,0,16,10,0,0,0
g361031102001,402,58,113,124,52,16,23,0,0,0,0,0,16
g361031102002,335,15,45,37,27,49,31,100,31,0,0,0,0
g361031102003,258,27,28,56,32,32,16,45,22,0,0,0,0
g361031102004,670,39,273,205,73,16,15,0,36,0,13,0,0
g361031102005,357,25,0,188,34,28,14,47,21,0,0,0,0
g361031103001,266,22,98,48,37,32,19,4,3,0,0,0,3
g361031103002,514,30,242,85,23,57,77,0,0,0,0,0,0
g361031103003,394,14,162,46,11,23,36,11,58,12,0,21,0
g361031103004,561,18,154,77,40,80,51,41,100,0,0,0,0
g361031103005,306,31,95,85,39,28,22,3,3,0,0,0,0
g361031104011,266,18,64,96,60,13,8,0,7,0,0,0,0
g361031104012,698,47,214,164,62,59,101,26,11,0,0,10,4
g361031104021,588,34,195,161,35,67,76,0,10,0,0,0,10
g361031104022,563,103,182,63,66,23,36,31,39,10,0,10,0
g361031105011,792,105,247,212,91,43,47,0,47,0,0,0,0
g361031105012,239,9,86,48,20,45,19,0,12,0,0,0,0
g361031105021,502,36,157,118,42,50,36,7,48,8,0,0,0
g361031105022,480,43,87,136,44,48,75,47,0,0,0,0,0
g361031106001,688,15,201,88,21,96,55,67,128,17,0,0,0
g361031106002,667,16,132,176,23,106,81,116,17,0,0,0,0
g361031106003,784,64,126,150,122,112,45,89,76,0,0,0,0
g361031106004,536,0,46,158,68,15,15,94,124,0,0,16,0
g361031106005,258,3,69,66,15,46,13,46,0,0,0,0,0
g361031108011,529,55,132,133,55,82,60,0,12,0,0,0,0
g361031108012,220,15,55,48,31,16,17,8,30,0,0,0,0
g361031108031,363,12,86,157,50,12,21,0,25,0,0,0,0
g361031108032,753,52,171,242,46,49,31,144,18,0,0,0,0
g361031108033,418,15,86,124,81,49,63,0,0,0,0,0,0
g361031108034,439,11,167,130,72,0,0,17,42,0,0,0,0
g361031109011,351,0,96,58,21,31,27,0,118,0,0,0,0
g361031109012,223,9,73,36,9,34,12,35,15,0,0,0,0
g361031109013,631,24,185,75,63,11,44,85,144,0,0,0,0
g361031109021,329,0,63,47,0,25,20,67,100,0,0,0,7
g361031109022,488,14,46,48,0,8,15,108,133,58,19,39,0
g361031109023,557,40,124,84,48,28,68,102,44,19,0,0,0
g361031110011,430,38,148,96,5,17,28,25,50,6,0,5,12
g361031110012,443,38,121,26,42,11,40,101,58,6,0,0,0
g361031110021,211,8,62,8,8,0,0,19,86,11,9,0,0
g361031110022,380,39,82,52,39,24,36,48,56,4,0,0,0
g361031110023,475,65,64,53,37,0,27,52,177,0,0,0,0
g361031110024,540,60,181,44,9,22,24,30,160,10,0,0,0
g361031111001,907,0,226,57,10,81,220,0,145,168,0,0,0
g361031111002,503,0,148,79,80,0,20,71,105,0,0,0,0
g361031111003,309,13,98,37,19,40,38,0,43,21,0,0,0
g361031111004,509,0,115,153,14,30,105,0,73,0,19,0,0
g361031111005,363,16,31,144,18,0,18,136,0,0,0,0,0
g361031112011,371,29,31,46,0,5,7,64,95,51,43,0,0
g361031112012,413,0,147,67,44,61,12,51,0,31,0,0,0
g361031112013,320,34,47,45,33,6,65,16,74,0,0,0,0
g361031112021,862,17,104,214,65,80,79,32,238,33,0,0,0
g361031112022,230,0,90,31,0,20,18,43,19,0,0,0,9
g361031112023,415,44,60,87,31,61,66,41,13,12,0,0,0
g361031113001,610,56,173,186,39,24,52,32,28,9,11,0,0
g361031113002,606,24,194,169,130,35,54,0,0,0,0,0,0
g361031113003,345,0,125,89,89,0,32,10,0,0,0,0,0
g361031114011,450,52,134,102,68,40,50,4,0,0,0,0,0
g361031114021,529,19,222,117,33,46,77,0,15,0,0,0,0
g361031114022,529,14,111,249,29,46,68,0,0,12,0,0,0
g361031114023,288,20,84,54,74,13,43,0,0,0,0,0,0
g361031114024,386,27,83,63,79,35,18,27,48,6,0,0,0
g361031115031,270,0,90,98,10,22,50,0,0,0,0,0,0
g361031115032,629,54,126,182,40,56,46,62,63,0,0,0,0
g361031115033,734,43,78,53,34,17,32,213,218,40,6,0,0
g361031115041,478,35,127,179,56,41,8,15,12,5,0,0,0
g361031115051,772,38,271,158,110,44,113,10,28,0,0,0,0
g361031115052,318,23,122,44,14,35,23,0,48,0,0,9,0
g361031115053,268,0,171,27,7,0,35,11,17,0,0,0,0
g361031115054,555,0,242,68,72,53,56,28,36,0,0,0,0
g361031115061,642,48,229,199,70,48,20,3,25,0,0,0,0
g361031115062,455,54,71,83,88,36,20,47,11,45,0,0,0
g361031116011,569,48,112,81,39,79,73,54,34,49,0,0,0
g361031116012,827,40,161,209,83,75,53,26,93,87,0,0,0
g361031116021,634,38,145,174,81,33,79,44,30,10,0,0,0
g361031116022,495,23,127,88,34,119,69,0,35,0,0,0,0
g361031117011,304,4,7,87,43,61,47,13,42,0,0,0,0
g361031117012,556,0,142,66,27,147,50,0,124,0,0,0,0
g361031117013,283,13,64,15,10,54,9,85,19,14,0,0,0
g361031117014,412,0,113,53,30,74,29,46,67,0,0,0,0
g361031117015,494,13,110,117,57,91,58,0,33,0,0,15,0
g361031117031,269,0,72,87,47,0,46,17,0,0,0,0,0
g361031117032,825,61,156,220,57,76,140,60,55,0,0,0,0
g361031117041,347,50,127,95,26,29,20,0,0,0,0,0,0
g361031117042,356,26,62,100,35,46,87,0,0,0,0,0,0
g361031117043,380,7,123,128,46,39,18,8,0,0,0,0,11
g361031118011,318,23,53,76,81,28,57,0,0,0,0,0,0
g361031118012,496,30,174,128,23,27,112,2,0,0,0,0,0
g361031118013,830,14,186,197,164,116,125,20,8,0,0,0,0
g361031118014,324,40,69,60,42,25,63,0,0,0,0,0,25
g361031118021,579,34,143,113,125,44,93,21,6,0,0,0,0
g361031118022,319,19,75,83,64,17,46,9,6,0,0,0,0
g361031118031,514,12,131,119,92,80,61,19,0,0,0,0,0
g361031118032,352,24,67,78,38,60,67,0,18,0,0,0,0
g361031118041,733,71,190,225,40,107,62,21,13,4,0,0,0
g361031119001,459,48,111,100,76,80,32,12,0,0,0,0,0
g361031119002,377,0,163,77,24,48,55,10,0,0,0,0,0
g361031119003,310,34,53,98,11,7,15,74,10,0,8,0,0
g361031119004,429,30,116,134,51,38,52,8,0,0,0,0,0
g361031119005,377,13,168,82,8,27,19,30,30,0,0,0,0
g361031120011,579,18,158,101,47,94,88,0,51,22,0,0,0
g361031120012,1089,57,342,107,204,114,89,74,91,0,0,0,11
g361031120021,773,44,218,152,27,65,66,124,69,8,0,0,0
g361031120022,446,18,112,80,85,58,65,19,9,0,0,0,0
g361031120023,472,37,145,67,25,38,111,32,17,0,0,0,0
g361031121021,771,35,192,205,140,88,91,20,0,0,0,0,0
g361031121022,476,85,77,130,71,78,8,27,0,0,0,0,0
g361031121031,331,0,126,68,50,9,70,0,0,0,0,0,8
g361031121032,617,28,148,197,62,67,115,0,0,0,0,0,0
g361031121033,548,11,130,94,13,23,42,153,82,0,0,0,0
g361031121041,741,31,303,187,48,43,43,0,86,0,0,0,0
g361031122041,416,12,100,124,74,72,34,0,0,0,0,0,0
g361031122042,423,0,143,53,44,52,71,32,0,0,0,21,7
g361031122043,466,51,180,68,56,38,50,0,11,12,0,0,0
g361031122061,1155,119,428,126,11,0,0,304,128,39,0,0,0
g361031122062,629,34,304,137,0,22,49,0,83,0,0,0,0
g361031122063,979,66,309,234,237,26,46,25,16,20,0,0,0
g361031122064,155,30,24,15,15,33,38,0,0,0,0,0,0
g361031122101,382,0,122,127,40,18,75,0,0,0,0,0,0
g361031122102,684,24,206,94,166,141,30,0,0,23,0,0,0
g361031122103,645,0,158,173,85,0,0,84,131,14,0,0,0
g361031122104,564,31,131,223,52,73,0,54,0,0,0,0,0
g361031122111,611,41,239,153,49,40,35,0,54,0,0,0,0
g361031122112,461,5,119,147,36,25,108,21,0,0,0,0,0
g361031122113,311,20,110,75,8,31,65,2,0,0,0,0,0
g361031122121,314,17,111,29,95,19,43,0,0,0,0,0,0
g361031122122,695,88,168,186,49,101,50,30,23,0,0,0,0
g361031122131,749,55,261,174,89,101,24,13,32,0,0,0,0
g361031122132,407,0,48,123,87,52,61,36,0,0,0,0,0
g361031122133,459,55,178,154,8,28,36,0,0,0,0,0,0
g361031122141,255,15,94,93,16,0,12,25,0,0,0,0,0
g361031122142,863,27,310,255,118,86,26,15,0,0,13,0,13
g361031122143,1290,80,956,33,33,1,23,91,73,0,0,0,0
g361031122144,252,18,77,115,19,12,11,0,0,0,0,0,0
g361031223001,524,36,110,153,30,27,13,33,122,0,0,0,0
g361031223002,798,45,222,256,28,43,61,48,83,12,0,0,0
g361031224031,469,5,146,85,54,30,46,53,45,5,0,0,0
g361031224032,280,13,92,36,24,5,14,23,54,5,14,0,0
g361031224041,670,17,188,86,142,56,88,36,57,0,0,0,0
g361031224042,426,21,149,82,54,26,55,0,32,0,0,0,7
g361031224051,711,31,207,155,47,41,32,69,93,21,15,0,0
g361031224052,255,46,94,46,33,15,21,0,0,0,0,0,0
g361031224061,368,40,61,36,51,0,38,42,65,35,0,0,0
g361031224062,469,18,133,66,7,31,21,37,150,0,0,6,0
g361031224063,520,57,161,109,50,58,13,10,62,0,0,0,0
g361031225011,310,14,68,65,0,11,10,50,81,0,0,11,0
g361031225012,495,7,110,48,32,14,41,58,174,0,11,0,0
g361031225013,429,37,18,52,38,34,60,80,78,32,0,0,0
g361031225021,744,86,152,169,46,153,11,0,91,17,0,0,19
g361031225022,207,0,38,52,30,23,8,39,17,0,0,0,0
g361031225023,291,0,39,98,0,35,90,27,2,0,0,0,0
g361031226011,654,42,218,138,39,78,86,34,19,0,0,0,0
g361031226012,516,52,173,85,42,42,96,8,8,10,0,0,0
g361031226013,682,8,110,80,64,49,110,212,27,22,0,0,0
g361031226021,795,43,241,164,155,59,88,0,39,6,0,0,0
g361031226022,799,25,173,208,94,89,163,0,34,0,0,13,0
g361031226031,394,0,146,23,29,22,37,36,84,7,0,10,0
g361031226032,686,82,226,40,76,80,122,32,23,0,0,5,0
g361031226033,383,0,26,0,13,41,26,160,101,9,7,0,0
g361031226034,502,30,167,50,97,33,83,0,42,0,0,0,0
g361031227041,169,0,65,17,0,11,9,0,67,0,0,0,0
g361031227042,491,18,133,89,10,79,94,0,46,7,0,15,0
g361031227051,592,15,166,81,83,71,69,40,58,0,9,0,0
g361031227052,365,44,105,91,13,25,55,25,7,0,0,0,0
g361031227061,350,7,46,65,46,70,74,8,14,20,0,0,0
g361031227062,739,33,251,162,9,31,55,138,32,19,0,0,9
g361031227063,151,0,47,37,24,6,7,0,30,0,0,0,0
g361031227071,619,43,115,125,46,16,171,32,61,10,0,0,0
g361031227072,437,8,122,140,20,18,110,19,0,0,0,0,0
g361031228011,524,19,110,121,14,50,30,11,169,0,0,0,0
g361031228012,621,0,134,81,45,54,64,34,148,52,9,0,0
g361031228013,381,26,171,54,67,53,10,0,0,0,0,0,0
g361031228014,629,0,196,101,43,155,0,66,59,0,9,0,0
g361031228021,677,46,268,82,53,10,54,56,108,0,0,0,0
g361031228022,728,50,234,132,98,57,107,0,50,0,0,0,0
g361031229011,755,55,240,116,89,117,58,0,57,23,0,0,0
g361031229012,319,0,91,73,61,22,14,42,16,0,0,0,0
g361031229013,358,26,68,72,28,105,39,6,14,0,0,0,0
g361031229014,444,34,151,93,0,39,72,0,32,23,0,0,0
g361031229021,673,10,68,70,113,59,32,104,187,13,17,0,0
g361031229022,563,19,200,70,89,7,67,27,64,9,0,11,0
g361031229023,393,10,138,78,23,41,18,50,35,0,0,0,0
g361031230011,469,48,113,148,58,13,72,0,0,17,0,0,0
g361031230012,458,0,119,71,61,59,75,0,66,7,0,0,0
g361031230013,423,41,48,40,78,19,36,75,81,5,0,0,0
g361031230014,471,28,113,66,57,61,74,51,21,0,0,0,0
g361031230021,607,18,216,135,67,44,97,30,0,0,0,0,0
g361031230022,382,10,124,133,36,34,0,29,16,0,0,0,0
g361031230023,485,26,140,42,33,102,33,29,57,23,0,0,0
g361031231011,454,7,248,80,28,14,29,0,25,23,0,0,0
g361031231012,212,7,15,124,11,15,40,0,0,0,0,0,0
g361031231013,565,0,175,64,49,97,35,16,118,11,0,0,0
g361031231021,436,41,95,56,82,46,56,0,36,24,0,0,0
g361031231022,648,37,169,152,79,46,104,26,19,16,0,0,0
g361031231023,287,18,52,26,21,22,81,0,0,42,25,0,0
g361031232011,681,10,107,93,60,17,28,182,170,10,4,0,0
g361031232021,504,23,236,73,25,0,18,24,65,10,14,16,0
g361031232022,498,0,0,0,15,15,14,251,180,11,0,0,12
g361031232023,593,35,176,42,46,57,52,138,47,0,0,0,0
g361031232024,800,129,194,77,93,101,87,0,119,0,0,0,0
g361031233011,566,0,123,63,0,0,21,171,133,13,42,0,0
g361031233012,528,41,78,46,28,20,44,97,138,0,14,0,22
g361031233013,299,0,48,80,61,31,35,18,26,0,0,0,0
g361031233014,296,0,13,74,45,0,24,0,91,49,0,0,0
g361031233015,440,0,91,130,0,17,58,40,104,0,0,0,0
g361031233016,391,116,92,60,0,0,0,66,57,0,0,0,0
g361031233021,423,39,83,33,37,73,50,8,86,14,0,0,0
g361031234011,392,0,153,48,41,30,53,33,28,0,0,0,6
g361031234012,444,6,146,54,6,39,45,70,78,0,0,0,0
g361031234013,381,0,101,77,53,9,32,7,94,0,8,0,0
g361031234021,597,0,125,106,15,31,26,158,112,11,0,0,13
g361031234022,565,20,99,172,12,96,37,106,23,0,0,0,0
g361031234023,348,0,141,70,0,40,15,72,0,10,0,0,0
g361031234024,289,31,0,40,0,20,53,70,34,41,0,0,0
g361031234025,662,39,124,56,62,68,67,69,104,73,0,0,0
g361031235001,446,0,90,68,11,75,44,0,126,32,0,0,0
g361031235002,287,12,50,12,20,0,40,106,47,0,0,0,0
g361031235003,620,47,96,105,39,31,21,142,129,10,0,0,0
g361031235004,755,18,124,87,42,47,0,104,208,83,34,8,0
g361031236001,612,56,174,199,44,57,27,55,0,0,0,0,0
g361031236002,288,0,70,61,32,47,8,0,56,14,0,0,0
g361031236003,481,33,94,89,114,53,35,28,7,0,0,0,28
g361031237011,581,45,124,85,48,41,30,60,128,20,0,0,0
g361031237012,324,9,30,17,41,0,6,111,96,14,0,0,0
g361031237013,550,17,82,23,17,6,14,75,243,40,33,0,0
g361031237014,355,0,60,51,9,30,26,27,142,0,10,0,0
g361031237021,720,24,174,150,11,14,67,129,151,0,0,0,0
g361031237022,851,14,355,139,85,34,39,43,101,41,0,0,0
g361031237023,444,47,79,85,45,10,105,45,14,14,0,0,0
g361031237024,731,0,64,88,119,52,135,148,88,37,0,0,0
g361031238011,439,9,171,82,45,36,52,34,0,10,0,0,0
g361031238012,299,9,57,42,60,10,54,34,33,0,0,0,0
g361031238013,782,20,206,121,120,120,26,45,124,0,0,0,0
g361031238021,645,6,155,117,102,73,116,45,0,31,0,0,0
g361031238022,774,59,280,168,63,103,36,19,23,12,11,0,0
g361031239001,479,9,168,42,34,30,32,60,84,0,20,0,0
g361031239002,283,0,93,92,28,11,45,0,14,0,0,0,0
g361031239003,257,0,12,104,54,59,19,0,0,0,9,0,0
g361031239004,467,14,106,57,59,20,78,65,45,23,0,0,0
g361031239005,152,9,22,20,16,32,53,0,0,0,0,0,0
g361031240011,719,61,126,134,104,16,94,107,67,0,0,10,0
g361031240012,631,19,138,123,54,22,117,40,83,9,19,0,7
g361031240013,167,0,19,11,10,41,34,29,17,6,0,0,0
g361031240021,455,11,117,104,85,43,46,21,18,10,0,0,0
g361031240022,661,12,123,147,88,104,88,34,55,10,0,0,0
g361031241011,681,42,232,86,120,55,29,35,44,28,10,0,0
g361031241012,418,29,102,55,86,20,48,32,36,0,0,10,0
g361031241013,424,12,141,52,32,25,93,21,26,22,0,0,0
g361031241021,523,0,184,101,48,30,65,47,35,13,0,0,0
g361031241022,580,7,161,145,97,43,71,30,20,0,0,0,6
g361031242001,397,12,76,98,49,25,0,122,0,15,0,0,0
g361031242002,378,48,201,47,0,28,17,0,37,0,0,0,0
g361031242003,290,22,33,0,29,0,13,18,104,21,0,0,50
g361031242004,585,63,83,175,44,10,83,106,18,0,0,0,3
g361031242005,465,62,203,44,27,4,16,57,52,0,0,0,0
g361031243001,350,0,75,63,31,54,39,88,0,0,0,0,0
g361031243002,635,68,74,143,41,28,27,74,107,73,0,0,0
g361031243003,651,17,30,113,104,39,0,98,188,62,0,0,0
g361031243004,546,8,99,150,94,69,109,0,17,0,0,0,0
g361031243005,245,10,88,29,0,0,11,51,42,14,0,0,0
g361031244011,405,0,0,0,0,0,0,197,101,98,9,0,0
g361031244012,346,53,63,17,63,43,7,100,0,0,0,0,0
g361031244013,715,26,206,66,47,34,57,70,190,19,0,0,0
g361031244021,632,30,166,141,51,89,102,0,46,0,7,0,0
g361031244022,376,40,68,53,65,60,49,0,0,0,41,0,0
g361031244023,278,0,123,41,98,10,5,1,0,0,0,0,0
g361031245001,374,15,48,126,49,25,44,11,47,9,0,0,0
g361031245002,420,7,50,95,51,36,24,9,121,9,9,9,0
g361031245003,484,11,109,51,43,0,39,101,80,50,0,0,0
g361031245004,560,73,168,93,64,58,58,9,8,0,0,0,29
g361031246011,390,54,95,90,26,59,35,25,0,6,0,0,0
g361031246012,300,19,77,51,63,51,24,9,6,0,0,0,0
g361031246013,263,11,46,74,28,63,29,7,5,0,0,0,0
g361031246021,221,41,42,16,33,14,18,20,26,0,11,0,0
g361031246022,538,42,26,64,61,66,47,46,164,22,0,0,0
g361031246023,553,40,127,172,74,42,26,45,27,0,0,0,0
g361031246024,407,18,31,49,79,22,0,84,67,23,22,0,12
g361031347021,579,0,104,168,63,56,120,53,15,0,0,0,0
g361031347022,865,39,261,140,118,43,143,59,10,36,0,16,0
g361031347023,501,0,25,0,0,0,0,113,278,33,0,52,0
g361031347024,331,19,78,34,43,26,99,0,18,14,0,0,0
g361031347031,316,12,117,73,78,14,22,0,0,0,0,0,0
g361031347032,370,24,134,112,32,34,34,0,0,0,0,0,0
g361031347033,410,36,110,107,44,23,23,42,25,0,0,0,0
g361031347034,234,22,40,45,72,45,10,0,0,0,0,0,0
g361031347041,498,36,109,184,67,69,12,21,0,0,0,0,0
g361031347042,366,7,119,90,28,12,11,62,31,6,0,0,0
g361031349021,403,24,123,102,46,24,40,34,0,0,10,0,0
g361031349022,334,27,84,107,48,19,49,0,0,0,0,0,0
g361031349023,745,22,237,201,73,71,110,2,29,0,0,0,0
g361031349031,423,28,104,83,48,26,48,34,52,0,0,0,0
g361031349041,480,44,61,103,65,78,109,20,0,0,0,0,0
g361031349042,516,84,69,179,50,41,93,0,0,0,0,0,0
g361031349043,591,43,207,141,68,66,29,19,10,8,0,0,0
g361031349044,586,17,125,100,26,66,19,168,53,0,12,0,0
g361031349061,535,30,182,222,0,24,60,0,17,0,0,0,0
g361031349062,386,15,122,62,65,0,72,11,33,0,0,6,0
g361031349063,559,28,95,123,76,89,129,0,19,0,0,0,0
g361031349064,613,0,44,90,19,36,0,235,126,60,3,0,0
g361031349071,604,33,176,76,114,87,7,64,47,0,0,0,0
g361031349072,875,32,311,219,66,93,121,3,30,0,0,0,0
g361031350021,438,38,113,102,122,33,12,10,0,8,0,0,0
g361031350022,752,40,122,261,58,58,88,46,51,28,0,0,0
g361031350023,616,21,219,111,126,87,40,0,12,0,0,0,0
g361031350031,459,7,191,69,105,18,33,6,10,12,8,0,0
g361031350032,473,8,204,155,45,20,18,0,16,7,0,0,0
g361031350033,547,11,157,123,78,70,46,7,55,0,0,0,0
g361031350041,560,30,163,184,86,46,15,7,26,0,3,0,0
g361031350042,239,16,70,78,33,4,6,12,17,3,0,0,0
g361031350043,236,16,62,53,27,29,25,0,20,4,0,0,0
g361031350051,464,111,90,134,45,42,16,26,0,0,0,0,0
g361031350052,571,93,283,57,16,18,10,32,31,24,7,0,0
g361031350053,215,16,77,89,10,0,0,16,7,0,0,0,0
g361031351011,387,38,35,111,56,24,123,0,0,0,0,0,0
g361031351012,869,9,224,218,132,102,142,0,33,9,0,0,0
g361031351021,408,0,91,119,56,49,79,0,0,14,0,0,0
g361031351022,706,57,199,62,69,113,102,40,48,16,0,0,0
g361031351023,370,42,94,129,71,16,18,0,0,0,0,0,0
g361031351031,498,52,162,98,51,56,61,0,11,7,0,0,0
g361031351032,434,40,112,134,107,6,7,0,28,0,0,0,0
g361031351033,636,51,154,146,94,73,86,32,0,0,0,0,0
g361031351041,508,25,153,105,55,49,115,0,6,0,0,0,0
g361031351042,784,59,231,255,51,46,49,12,81,0,0,0,0
g361031351043,345,26,112,88,19,73,27,0,0,0,0,0,0
g361031352011,690,32,209,143,93,88,117,4,0,0,0,0,4
g361031352041,484,15,137,146,44,49,61,0,12,0,0,0,20
g361031352042,654,14,84,208,82,94,93,10,54,15,0,0,0
g361031352043,335,0,91,59,85,58,42,0,0,0,0,0,0
g361031352051,893,0,203,194,40,30,86,139,182,10,0,0,9
g361031352052,496,24,153,127,63,69,60,0,0,0,0,0,0
g361031352053,391,20,141,54,41,24,100,11,0,0,0,0,0
g361031352081,511,29,104,164,71,43,71,29,0,0,0,0,0
g361031352082,488,38,100,73,95,32,117,11,22,0,0,0,0
g361031352091,689,6,140,180,125,21,58,58,94,7,0,0,0
g361031352092,424,9,56,158,7,51,130,0,13,0,0,0,0
g361031353011,615,45,139,155,120,41,99,0,0,16,0,0,0
g361031353012,432,13,77,52,113,48,129,0,0,0,0,0,0
g361031353013,224,0,153,35,23,6,0,7,0,0,0,0,0
g361031353031,956,126,304,212,40,102,123,0,30,0,19,0,0
g361031353032,483,9,136,80,100,84,33,0,41,0,0,0,0
g361031353041,857,43,291,212,136,48,119,8,0,0,0,0,0
g361031353042,321,22,102,95,30,0,41,13,9,0,9,0,0
g361031354011,493,8,209,0,0,0,0,146,113,17,0,0,0
g361031354012,756,47,179,194,97,81,113,16,29,0,0,0,0
g361031354013,917,167,214,121,152,85,101,38,15,24,0,0,0
g361031354021,843,68,293,246,90,52,34,0,46,14,0,0,0
g361031354022,717,43,157,94,92,115,44,101,58,0,13,0,0
g361031354023,284,0,79,105,53,31,0,16,0,0,0,0,0
g361031354024,464,13,86,166,67,21,24,73,0,0,0,0,14
g361031354031,341,28,113,116,34,38,0,0,12,0,0,0,0
g361031354032,718,61,192,186,54,91,60,36,26,12,0,0,0
g361031354033,320,20,86,18,116,26,11,25,8,0,0,10,0
g361031456021,429,6,161,92,27,8,46,60,19,10,0,0,0
g361031456022,419,27,130,92,39,17,31,63,20,0,0,0,0
g361031456023,653,28,200,230,31,63,45,19,26,11,0,0,0
g361031456031,591,21,216,35,30,40,33,0,176,0,31,9,0
g361031456032,350,13,59,13,6,26,20,93,115,0,0,5,0
g361031456033,658,50,204,85,35,72,10,73,102,18,6,3,0
g361031456041,786,23,234,58,120,46,48,111,132,0,0,14,0
g361031456042,374,31,133,32,65,0,17,19,56,21,0,0,0
g361031456051,367,19,77,57,33,0,46,81,54,0,0,0,0
g361031456052,471,44,132,73,36,10,21,63,69,23,0,0,0
g361031457011,235,18,63,44,43,9,58,0,0,0,0,0,0
g361031457012,466,28,67,147,32,60,123,0,0,0,0,9,0
g361031457013,672,0,24,0,10,0,0,315,295,28,0,0,0
g361031457014,510,10,214,71,64,32,91,0,28,0,0,0,0
g361031457021,259,32,127,27,22,17,0,34,0,0,0,0,0
g361031457022,445,9,90,115,94,39,20,52,11,15,0,0,0
g361031457023,707,42,206,57,72,48,63,0,206,13,0,0,0
g361031457031,230,12,60,43,22,0,14,45,34,0,0,0,0
g361031457032,661,0,209,103,33,103,75,35,80,23,0,0,0
g361031457033,571,20,131,54,0,0,0,150,173,34,9,0,0
g361031457041,487,0,94,162,54,34,11,3,112,3,0,0,14
g361031457042,467,0,112,125,40,36,0,64,90,0,0,0,0
g361031457043,723,0,196,86,102,47,18,108,100,12,0,54,0
g361031457044,521,0,0,9,0,0,0,286,196,19,11,0,0
g361031458031,478,53,135,183,50,50,7,0,0,0,0,0,0
g361031458032,552,39,46,132,97,192,21,25,0,0,0,0,0
g361031458033,642,51,167,156,31,42,46,64,77,8,0,0,0
g361031458041,540,14,123,163,60,41,80,24,26,9,0,0,0
g361031458042,472,80,187,115,30,6,8,10,36,0,0,0,0
g361031458051,496,10,226,23,41,11,0,101,63,11,10,0,0
g361031458052,488,15,124,111,88,43,69,38,0,0,0,0,0
g361031458053,540,48,84,161,31,74,18,38,42,33,11,0,0
g361031458054,567,72,163,160,67,31,0,45,15,14,0,0,0
g361031458071,696,53,205,155,78,94,83,0,28,0,0,0,0
g361031458072,704,24,144,188,165,116,16,0,15,36,0,0,0
g361031458081,575,12,128,118,43,118,45,63,20,0,28,0,0
g361031458082,412,0,113,95,24,102,24,39,10,0,0,5,0
g361031459011,363,50,88,36,10,18,35,29,91,0,6,0,0
g361031459012,628,52,161,148,97,65,67,14,12,12,0,0,0
g361031459021,515,21,175,73,52,0,25,89,80,0,0,0,0
g361031459022,488,0,155,64,59,6,45,54,105,0,0,0,0
g361031459023,564,21,167,44,80,9,53,55,135,0,0,0,0
g361031459024,669,0,190,177,0,41,6,137,118,0,0,0,0
g361031459031,445,49,173,62,24,53,62,0,22,0,0,0,0
g361031459032,464,70,129,91,56,58,30,18,12,0,0,0,0
g361031459033,378,34,85,65,19,19,50,68,38,0,0,0,0
g361031459034,555,8,148,107,15,22,69,94,92,0,0,0,0
g361031460011,609,7,186,123,70,52,14,42,115,0,0,0,0
g361031460012,537,10,84,83,119,21,13,64,123,20,0,0,0
g361031460021,482,37,118,60,108,73,32,0,19,35,0,0,0
g361031460022,309,28,126,25,8,31,0,91,0,0,0,0,0
g361031460023,489,42,130,93,9,61,18,0,130,0,6,0,0
g361031460031,480,0,252,22,35,35,20,20,76,20,0,0,0
g361031460032,440,0,16,191,47,31,60,39,42,14,0,0,0
g361031460033,966,29,166,231,64,0,16,73,253,134,0,0,0
g361031460034,633,0,170,93,59,57,76,0,156,22,0,0,0
g361031461021,615,30,187,135,21,31,89,109,7,0,0,0,6
g361031461031,445,12,91,193,26,28,75,0,13,0,0,7,0
g361031461032,763,21,214,246,93,70,98,0,15,6,0,0,0
g361031461051,486,13,52,24,0,29,0,58,245,38,27,0,0
g361031461052,721,10,123,152,76,65,49,90,156,0,0,0,0
g361031461053,499,12,248,113,31,32,28,0,35,0,0,0,0
g361031461061,682,25,196,98,21,8,36,156,115,27,0,0,0
g361031461062,395,0,107,128,44,0,46,37,33,0,0,0,0
g361031462011,648,46,123,95,74,9,23,58,137,62,0,0,21
g361031462012,537,90,132,61,55,32,60,0,59,40,8,0,0
g361031462021,601,38,245,41,49,65,29,38,96,0,0,0,0
g361031462022,561,27,158,105,31,49,24,84,83,0,0,0,0
g361031462031,547,10,121,74,28,7,21,120,96,27,0,7,36
g361031462032,319,20,164,112,0,0,5,0,9,9,0,0,0
g361031462033,528,19,121,38,48,30,39,173,44,16,0,0,0
g361031462041,536,29,106,145,29,55,49,18,56,10,39,0,0
g361031462042,694,9,162,65,43,24,60,103,213,15,0,0,0
g361031462043,233,14,99,25,40,8,10,0,37,0,0,0,0
g361031462051,225,1,82,39,34,7,10,0,52,0,0,0,0
g361031462052,416,34,90,61,74,75,67,0,15,0,0,0,0
g361031462061,255,9,104,63,24,0,22,17,16,0,0,0,0
g361031462062,506,29,146,98,75,47,63,10,23,15,0,0,0
g361031463001,578,38,111,163,11,9,0,118,70,58,0,0,0
g361031463002,673,111,279,17,0,0,0,136,121,9,0,0,0
g361031464021,655,30,150,215,95,29,82,33,0,21,0,0,0
g361031464022,354,9,80,68,39,6,45,97,10,0,0,0,0
g361031464023,281,15,87,75,20,14,70,0,0,0,0,0,0
g361031464031,495,87,112,48,53,16,97,15,59,0,0,8,0
g361031464032,392,40,75,45,17,22,38,73,52,30,0,0,0
g361031464033,379,59,116,61,15,0,18,73,37,0,0,0,0
g361031464041,464,28,162,47,33,20,29,33,88,11,13,0,0
g361031464042,531,35,156,90,50,76,50,34,40,0,0,0,0
g361031465001,488,64,110,90,35,21,132,29,0,7,0,0,0
g361031465002,311,15,92,50,66,0,25,0,38,19,0,6,0
g361031465003,455,15,145,134,116,7,18,20,0,0,0,0,0
g361031465004,425,6,115,80,68,37,44,24,41,10,0,0,0
g361031466041,650,7,7,7,0,0,11,269,286,63,0,0,0
g361031466042,538,7,137,120,67,168,18,14,0,7,0,0,0
g361031466043,391,7,84,80,81,71,46,8,14,0,0,0,0
g361031466051,285,12,92,54,48,14,35,0,17,8,0,0,5
g361031466061,563,28,201,64,58,107,105,0,0,0,0,0,0
g361031466062,700,0,253,80,67,63,59,0,165,0,0,13,0
g361031466063,548,12,215,106,89,36,12,13,65,0,0,0,0
g361031466064,696,48,186,160,61,94,20,60,15,52,0,0,0
g361031466071,493,29,187,152,38,8,0,50,29,0,0,0,0
g361031466072,569,37,32,39,62,12,5,145,163,25,33,11,5
g361031466081,652,41,119,55,38,75,99,106,113,0,0,0,6
g361031466082,332,0,23,28,36,3,7,139,91,5,0,0,0
g361031466111,785,15,167,140,30,12,0,171,238,12,0,0,0
g361031466112,454,35,141,97,66,38,52,4,21,0,0,0,0
g361031466121,288,17,76,45,26,82,17,25,0,0,0,0,0
g361031466122,760,8,211,157,91,143,21,60,69,0,0,0,0
g361031466123,576,0,132,155,73,95,58,63,0,0,0,0,0
g361031466131,404,28,103,56,49,51,72,22,10,10,3,0,0
g361031466132,789,8,255,202,95,59,65,30,75,0,0,0,0
g361031466141,706,0,156,372,34,62,0,19,63,0,0,0,0
g361031466142,327,0,70,155,17,85,0,0,0,0,0,0,0
g361031466143,922,35,353,212,119,73,52,18,60,0,0,0,0
g361031466151,491,10,84,113,134,139,0,11,0,0,0,0,0
g361031466152,627,11,91,79,37,57,45,145,123,39,0,0,0
g361031466153,760,8,54,100,18,6,10,263,278,11,12,0,0
g361031467031,640,8,203,74,39,25,105,80,96,10,0,0,0
g361031467032,570,49,160,150,46,49,78,0,27,11,0,0,0
g361031467041,659,18,219,131,50,85,153,0,0,3,0,0,0
g361031467051,511,55,110,108,64,56,86,32,0,0,0,0,0
g361031467052,567,16,120,152,52,77,112,15,23,0,0,0,0
g361031467061,338,11,91,57,60,38,61,14,0,0,6,0,0
g361031467062,523,69,160,103,83,13,83,7,5,0,0,0,0
g361031468001,740,36,201,124,176,31,111,9,52,0,0,0,0
g361031468002,627,12,278,120,76,55,71,15,0,0,0,0,0
g361031468003,355,28,55,123,59,35,55,0,0,0,0,0,0
g361031468004,190,0,45,56,16,47,16,0,10,0,0,0,0
g361031469011,753,15,167,173,146,54,122,45,9,0,0,0,22
g361031469012,449,27,76,143,84,17,51,0,34,0,0,0,17
g361031469013,241,18,71,37,40,43,10,0,22,0,0,0,0
g361031469014,304,30,53,94,38,9,57,6,17,0,0,0,0
g361031469021,605,45,157,212,78,58,27,6,22,0,0,0,0
g361031469022,313,20,112,74,7,18,72,0,10,0,0,0,0
g361031469023,285,0,125,72,41,30,17,0,0,0,0,0,0
g361031470011,290,15,42,63,35,62,20,7,18,0,28,0,0
g361031470012,285,27,183,17,21,19,11,0,7,0,0,0,0
g361031470013,820,63,184,184,126,85,98,35,37,0,8,0,0
g361031470031,763,113,294,143,83,50,64,0,0,16,0,0,0
g361031470032,482,24,199,34,87,54,78,0,0,0,6,0,0
g361031470033,407,53,166,56,34,17,14,0,60,7,0,0,0
g361031470041,93,5,9,24,17,9,15,9,0,4,1,0,0
g361031471001,418,33,120,129,50,54,24,4,4,0,0,0,0
g361031471002,294,32,57,41,41,17,17,51,17,10,5,6,0
g361031471003,357,13,93,140,55,18,30,3,0,0,0,0,5
g361031472001,789,53,257,127,57,13,29,0,188,65,0,0,0
g361031472002,275,16,41,0,0,0,0,16,112,73,17,0,0
g361031472003,541,14,75,78,32,14,17,96,151,64,0,0,0
g361031472004,298,0,57,68,29,26,29,75,0,0,14,0,0
g361031472005,412,0,28,0,0,0,0,161,223,0,0,0,0
g361031473001,387,0,24,46,0,0,0,113,137,53,14,0,0
g361031473002,238,0,17,0,26,0,0,110,74,11,0,0,0
g361031473003,439,68,154,24,57,18,26,55,16,21,0,0,0
g361031473004,439,19,142,0,0,14,15,38,164,17,0,0,30
g361031473005,587,0,15,0,16,0,0,183,359,0,14,0,0
g361031473006,832,66,170,185,69,28,29,127,158,0,0,0,0
g361031474011,766,38,156,133,39,80,53,78,171,18,0,0,0
g361031474012,645,62,219,87,46,0,12,73,100,29,17,0,0
g361031474013,653,90,189,41,95,27,36,31,144,0,0,0,0
g361031474014,359,15,135,51,18,0,0,59,81,0,0,0,0
g361031474021,417,32,71,169,38,37,26,14,30,0,0,0,0
g361031474022,431,64,170,102,31,56,0,8,0,0,0,0,0
g361031474023,411,29,143,70,54,75,14,26,0,0,0,0,0
g361031475011,296,0,23,42,23,32,20,73,58,25,0,0,0
g361031475012,681,16,161,203,120,99,41,41,0,0,0,0,0
g361031475013,179,24,94,18,0,28,15,0,0,0,0,0,0
g361031475014,229,0,106,11,37,0,15,0,36,24,0,0,0
g361031475015,552,0,199,159,89,53,29,0,0,23,0,0,0
g361031475016,545,35,91,87,110,53,49,10,62,36,12,0,0
g361031475021,308,47,97,28,88,28,20,0,0,0,0,0,0
g361031475022,384,23,66,132,90,18,46,0,0,0,0,0,9
g361031475023,568,41,102,140,96,101,88,0,0,0,0,0,0
g361031475024,404,26,117,83,60,37,65,9,0,0,0,7,0
g361031475025,261,21,31,69,60,23,27,0,30,0,0,0,0
g361031475031,541,12,217,127,48,47,51,32,0,7,0,0,0
g361031476011,358,28,95,82,80,26,34,0,5,0,8,0,0
g361031476012,445,19,115,104,89,50,37,18,13,0,0,0,0
g361031476021,708,113,150,85,84,27,52,75,96,26,0,0,0
g361031476022,593,19,217,120,102,71,21,43,0,0,0,0,0
g361031476023,396,29,38,123,47,0,30,37,48,22,0,0,22
g361031476024,352,0,137,59,76,25,55,0,0,0,0,0,0
g361031477011,620,19,151,91,99,72,22,106,50,10,0,0,0
g361031477012,554,34,136,83,76,64,40,15,106,0,0,0,0
g361031477021,546,28,170,131,65,71,36,7,9,0,29,0,0
g361031477022,333,25,95,63,67,17,36,30,0,0,0,0,0
g361031477023,476,11,114,112,27,54,64,55,19,20,0,0,0
g361031477024,241,0,52,74,45,0,29,13,8,10,0,10,0
g361031478021,368,35,79,32,27,19,10,85,54,27,0,0,0
g361031478022,460,13,145,129,73,20,68,0,12,0,0,0,0
g361031478023,545,19,122,149,36,30,47,113,7,22,0,0,0
g361031478031,875,29,228,108,81,11,18,89,311,0,0,0,0
g361031478032,412,45,76,90,54,33,19,59,36,0,0,0,0
g361031478041,738,71,238,229,96,55,49,0,0,0,0,0,0
g361031478042,358,38,99,116,16,8,45,9,27,0,0,0,0
g361031478043,450,17,133,99,66,75,60,0,0,0,0,0,0
g361031478044,379,0,101,121,74,54,29,0,0,0,0,0,0
g361031479011,666,45,175,159,91,110,35,10,12,29,0,0,0
g361031479012,554,10,10,19,14,6,0,129,291,75,0,0,0
g361031479013,523,8,12,62,0,0,10,193,224,14,0,0,0
g361031479021,258,7,38,61,28,77,34,13,0,0,0,0,0
g361031479022,336,41,105,52,37,80,0,0,21,0,0,0,0
g361031479023,436,0,106,192,69,20,25,15,0,9,0,0,0
g361031479024,358,34,61,96,37,62,36,10,13,0,9,0,0
g361031580011,329,28,87,96,48,42,7,0,7,3,8,0,3
g361031580012,361,31,65,122,42,28,14,40,17,2,0,0,0
g361031580013,297,0,109,74,57,0,36,0,0,9,0,0,12
g361031580014,340,76,72,109,46,10,11,6,10,0,0,0,0
g361031580015,209,13,22,108,37,0,19,0,10,0,0,0,0
g361031580021,405,19,94,132,17,28,95,0,20,0,0,0,0
g361031580022,338,0,111,88,44,64,31,0,0,0,0,0,0
g361031580023,487,6,203,87,79,34,42,17,19,0,0,0,0
g361031580024,309,0,130,59,42,0,26,15,37,0,0,0,0
g361031580025,290,56,80,34,29,28,0,33,30,0,0,0,0
g361031580026,425,67,166,88,69,20,15,0,0,0,0,0,0
g361031580061,993,73,269,217,139,62,135,16,82,0,0,0,0
g361031580062,961,28,210,278,202,75,94,74,0,0,0,0,0
g361031580063,349,30,102,50,26,0,44,64,17,16,0,0,0
g361031580064,163,59,25,52,27,0,0,0,0,0,0,0,0
g361031580071,0,0,0,0,0,0,0,0,0,0,0,0,0
g361031580072,34,0,27,4,0,0,0,0,0,3,0,0,0
g361031580073,10,0,0,10,0,0,0,0,0,0,0,0,0
g361031580074,0,0,0,0,0,0,0,0,0,0,0,0,0
g361031580091,376,11,82,175,31,40,28,4,5,0,0,0,0
g361031580092,493,36,145,150,33,54,57,18,0,0,0,0,0
g361031580101,637,71,206,100,153,87,20,0,0,0,0,0,0
g361031580102,268,0,103,70,41,22,17,0,15,0,0,0,0
g361031580103,273,7,17,113,25,60,44,7,0,0,0,0,0
g361031580111,762,31,275,161,84,50,83,24,46,8,0,0,0
g361031580112,582,64,181,231,40,52,14,0,0,0,0,0,0
g361031580113,420,105,208,32,0,0,0,12,52,11,0,0,0
g361031581021,1020,13,412,142,48,63,70,62,149,35,16,0,10
g361031581022,618,30,154,260,94,71,9,0,0,0,0,0,0
g361031581031,916,39,295,179,122,67,55,92,67,0,0,0,0
g361031581032,423,21,121,30,33,84,48,0,57,29,0,0,0
g361031581041,643,63,254,79,84,77,49,0,37,0,0,0,0
g361031581042,632,0,203,113,121,26,113,0,35,21,0,0,0
g361031581043,494,18,175,82,60,53,68,0,38,0,0,0,0
g361031581071,614,50,339,44,28,33,59,23,38,0,0,0,0
g361031581072,805,40,263,178,78,69,50,9,66,13,39,0,0
g361031581081,952,39,410,111,71,78,55,83,101,4,0,0,0
g361031581101,576,0,131,179,56,94,65,21,19,0,0,0,11
g361031581102,456,7,154,94,72,86,30,0,13,0,0,0,0
g361031581111,534,33,135,112,95,54,75,11,19,0,0,0,0
g361031581112,453,80,125,61,54,37,51,17,20,0,0,8,0
g361031581121,575,11,150,162,37,19,45,66,53,25,0,0,7
g361031581122,688,31,188,40,176,96,73,62,12,10,0,0,0
g361031581141,1110,44,246,166,50,218,119,96,154,0,0,0,17
g361031581151,1004,27,139,226,108,135,12,220,137,0,0,0,0
g361031581152,521,0,141,17,113,121,79,50,0,0,0,0,0
g361031581153,597,14,134,87,154,77,77,40,14,0,0,0,0
g361031581161,473,21,235,108,52,47,0,0,10,0,0,0,0
g361031581162,227,34,69,50,33,5,0,21,6,9,0,0,0
g361031582021,421,35,94,114,38,0,10,63,25,42,0,0,0
g361031582022,823,68,161,38,0,20,86,146,260,35,9,0,0
g361031582023,513,35,174,100,33,43,54,58,16,0,0,0,0
g361031582024,394,25,42,84,37,89,117,0,0,0,0,0,0
g361031582025,669,0,357,174,27,0,58,33,0,20,0,0,0
g361031582031,558,31,129,138,115,77,36,14,10,8,0,0,0
g361031582051,263,10,104,90,36,8,6,9,0,0,0,0,0
g361031582052,368,18,143,51,92,37,21,0,6,0,0,0,0
g361031582061,468,13,115,123,16,54,33,63,51,0,0,0,0
g361031582062,505,8,137,95,55,30,37,73,49,21,0,0,0
g361031582063,503,27,137,42,23,64,7,129,74,0,0,0,0
g361031582071,286,15,83,94,23,51,11,0,9,0,0,0,0
g361031582072,642,24,159,146,106,93,41,31,42,0,0,0,0
g361031582073,276,18,57,96,6,0,0,72,18,9,0,0,0
g361031582074,650,8,138,126,87,94,9,113,66,9,0,0,0
g361031583041,582,14,208,80,213,48,0,0,0,19,0,0,0
g361031583042,672,55,288,109,48,74,16,13,16,0,53,0,0
g361031583043,594,0,241,82,166,63,14,0,8,20,0,0,0
g361031583044,573,93,96,237,42,33,36,20,0,16,0,0,0
g361031583061,857,38,274,164,172,56,45,43,65,0,0,0,0
g361031583062,771,25,437,105,99,74,0,0,31,0,0,0,0
g361031583063,535,22,111,137,136,129,0,0,0,0,0,0,0
g361031583081,535,0,142,57,35,48,16,17,203,17,0,0,0
g361031583082,522,94,148,37,45,13,50,118,17,0,0,0,0
g361031583083,884,89,277,158,67,141,47,42,63,0,0,0,0
g361031583084,633,0,200,127,52,115,104,0,19,0,0,0,16
g361031583091,1188,10,344,161,130,99,16,156,238,34,0,0,0
g361031583092,607,21,55,68,64,10,8,143,225,13,0,0,0
g361031583101,582,29,185,121,20,119,46,6,29,27,0,0,0
g361031583102,1147,131,484,304,20,14,30,30,70,64,0,0,0
g361031583151,970,48,389,243,173,64,0,22,31,0,0,0,0
g361031583152,675,23,344,116,57,48,0,0,27,60,0,0,0
g361031583171,811,28,291,162,80,79,64,19,35,53,0,0,0
g361031583172,617,22,298,50,39,35,81,60,32,0,0,0,0
g361031583173,483,39,222,100,77,11,16,0,18,0,0,0,0
g361031583181,577,65,261,89,24,36,14,35,25,28,0,0,0
g361031583182,427,36,177,45,62,72,35,0,0,0,0,0,0
g361031583183,509,25,137,144,90,43,61,0,0,9,0,0,0
g361031583191,594,31,282,110,51,12,0,83,25,0,0,0,0
g361031583192,317,17,144,34,39,51,24,8,0,0,0,0,0
g361031583193,292,0,71,50,43,36,56,36,0,0,0,0,0
g361031583201,386,11,179,167,29,0,0,0,0,0,0,0,0
g361031583202,539,0,142,232,31,134,0,0,0,0,0,0,0
g361031583203,844,53,443,55,0,14,0,101,164,14,0,0,0
g361031583204,432,20,128,120,93,71,0,0,0,0,0,0,0
g361031583211,1234,142,265,107,34,24,13,356,293,0,0,0,0
g361031583212,718,37,259,135,46,41,0,72,128,0,0,0,0
g361031583213,358,0,139,86,97,36,0,0,0,0,0,0,0
g361031583214,1379,39,53,0,19,5,0,438,744,41,0,40,0
g361031583221,785,24,663,30,51,6,0,4,7,0,0,0,0
g361031583231,387,17,229,71,21,49,0,0,0,0,0,0,0
g361031583232,316,34,76,96,55,24,31,0,0,0,0,0,0
g361031583233,598,18,320,136,20,68,10,0,15,11,0,0,0
g361031583234,879,75,462,210,24,25,0,39,9,35,0,0,0
g361031584011,459,21,117,198,27,40,9,5,34,4,4,0,0
g361031584021,718,5,170,196,144,124,49,9,21,0,0,0,0
g361031584022,188,7,65,30,28,24,31,3,0,0,0,0,0
g361031584023,536,18,162,171,29,39,63,43,11,0,0,0,0
g361031584031,461,55,229,92,41,29,0,0,15,0,0,0,0
g361031584032,403,34,107,85,18,38,6,87,16,12,0,0,0
g361031584051,756,7,297,199,120,53,10,14,56,0,0,0,0
g361031584052,312,29,62,137,34,41,0,9,0,0,0,0,0
g361031584053,467,34,197,99,39,42,13,43,0,0,0,0,0
g361031584071,504,70,224,78,57,10,48,17,0,0,0,0,0
g361031584072,559,111,175,125,35,45,12,0,56,0,0,0,0
g361031584073,326,0,45,144,58,0,13,15,38,13,0,0,0
g361031584074,509,19,231,114,91,0,0,0,54,0,0,0,0
g361031584081,782,72,210,196,48,33,18,152,53,0,0,0,0
g361031584082,662,50,169,172,41,42,50,56,47,23,12,0,0
g361031584091,477,19,82,33,45,9,13,124,136,0,16,0,0
g361031584092,727,109,296,168,106,33,10,0,5,0,0,0,0
g361031584093,221,0,82,45,54,15,0,25,0,0,0,0,0
g361031584101,735,168,275,219,59,0,0,14,0,0,0,0,0
g361031584102,742,158,270,147,80,0,31,32,24,0,0,0,0
g361031584103,467,17,239,128,0,0,15,0,68,0,0,0,0
g361031585021,539,61,30,191,39,36,22,26,80,54,0,0,0
g361031585022,271,0,76,82,29,35,27,22,0,0,0,0,0
g361031585023,870,0,47,0,18,18,8,224,438,65,9,43,0
g361031585051,771,0,272,208,42,74,88,60,27,0,0,0,0
g361031585052,310,43,87,92,27,24,27,0,0,0,0,10,0
g361031585053,347,22,0,11,7,0,6,170,104,8,19,0,0
g361031585061,570,67,139,106,83,53,28,7,69,0,5,0,13
g361031585062,278,33,82,36,35,26,25,29,8,0,0,4,0
g361031585071,270,0,89,58,50,48,8,8,0,0,9,0,0
g361031585072,369,20,115,100,88,12,24,0,0,10,0,0,0
g361031585073,538,47,134,136,75,0,98,9,30,0,9,0,0
g361031585081,401,55,87,35,77,72,75,0,0,0,0,0,0
g361031585082,457,28,119,81,63,0,45,121,0,0,0,0,0
g361031585083,407,5,115,164,39,84,0,0,0,0,0,0,0
g361031585084,280,7,58,107,11,25,0,7,65,0,0,0,0
g361031585085,331,20,117,84,59,17,34,0,0,0,0,0,0
g361031585091,454,0,115,75,79,61,17,74,33,0,0,0,0
g361031585092,465,7,162,81,89,24,15,0,45,37,5,0,0
g361031585093,701,48,103,62,0,21,25,198,181,63,0,0,0
g361031585101,929,89,195,136,198,63,7,82,159,0,0,0,0
g361031585102,467,0,160,57,53,104,23,0,70,0,0,0,0
g361031585103,449,14,135,51,135,16,33,21,22,7,15,0,0
g361031585104,485,0,190,97,85,46,52,0,15,0,0,0,0
g361031585111,561,33,176,112,51,27,63,41,58,0,0,0,0
g361031585112,788,89,237,157,59,84,76,20,66,0,0,0,0
g361031585113,676,42,215,126,102,73,61,38,11,0,8,0,0
g361031585121,634,10,232,157,81,110,40,0,4,0,0,0,0
g361031585122,434,0,151,102,104,34,23,9,11,0,0,0,0
g361031586041,441,0,153,68,76,54,51,9,30,0,0,0,0
g361031586042,281,0,110,50,26,34,33,28,0,0,0,0,0
g361031586043,795,18,195,227,97,107,90,10,51,0,0,0,0
g361031586051,828,45,193,203,179,89,74,28,0,17,0,0,0
g361031586052,758,28,249,107,163,74,54,14,62,7,0,0,0
g361031586061,586,84,123,150,104,67,41,0,0,17,0,0,0
g361031586062,361,12,136,55,62,9,31,0,56,0,0,0,0
g361031586063,495,0,152,64,52,102,6,6,62,0,41,0,10
g361031586071,684,42,166,149,29,71,22,81,92,23,9,0,0
g361031586072,396,5,111,111,88,17,10,19,24,11,0,0,0
g361031586081,241,29,43,10,0,16,0,38,51,46,8,0,0
g361031586082,412,18,107,79,40,55,0,8,96,9,0,0,0
g361031586083,562,21,243,40,47,117,27,31,26,10,0,0,0
g361031586091,635,28,206,90,54,73,87,59,38,0,0,0,0
g361031586092,466,0,192,47,58,76,62,0,31,0,0,0,0
g361031586093,339,43,119,23,12,40,8,9,85,0,0,0,0
g361031587041,646,0,129,81,45,48,0,51,226,16,50,0,0
g361031587042,545,0,96,65,10,27,18,200,129,0,0,0,0
g361031587043,669,90,403,62,46,30,17,0,21,0,0,0,0
g361031587044,1051,17,302,119,51,8,14,201,242,97,0,0,0
g361031587045,700,31,214,233,87,0,0,0,116,19,0,0,0
g361031587051,379,17,48,64,14,7,15,39,165,10,0,0,0
g361031587052,512,23,238,97,71,10,6,59,8,0,0,0,0
g361031587053,282,0,41,57,43,9,11,51,63,0,0,7,0
g361031587071,546,36,313,56,51,43,11,22,14,0,0,0,0
g361031587081,423,18,89,69,10,0,11,126,89,11,0,0,0
g361031587082,775,35,239,56,54,22,0,235,120,14,0,0,0
g361031587083,329,0,54,126,56,67,9,0,17,0,0,0,0
g361031587091,831,89,360,173,92,36,8,24,32,11,0,0,6
g361031587101,504,15,217,75,69,14,8,49,41,0,16,0,0
g361031587102,312,0,63,81,40,40,27,24,20,17,0,0,0
g361031587103,431,0,143,102,11,44,10,49,72,0,0,0,0
g361031587104,0,0,0,0,0,0,0,0,0,0,0,0,0
g361031587111,426,26,102,107,15,102,74,0,0,0,0,0,0
g361031587112,750,30,333,180,60,26,0,33,88,0,0,0,0
g361031587113,926,0,226,42,0,20,68,311,232,27,0,0,0
g361031587121,554,16,166,173,37,136,9,17,0,0,0,0,0
g361031587122,598,52,151,285,19,67,0,0,24,0,0,0,0
g361031587123,272,18,29,128,29,50,18,0,0,0,0,0,0
g361031587124,363,56,71,60,48,38,44,0,46,0,0,0,0
g361031587125,503,107,170,46,18,57,0,83,0,0,22,0,0
g361031588021,634,0,200,145,87,59,32,42,59,10,0,0,0
g361031588022,600,60,206,50,105,86,66,9,18,0,0,0,0
g361031588023,405,9,66,88,50,43,61,30,48,10,0,0,0
g361031588031,524,0,187,139,94,36,0,0,60,8,0,0,0
g361031588032,547,0,131,89,20,18,21,213,55,0,0,0,0
g361031588033,799,93,390,200,46,25,9,17,0,19,0,0,0
g361031588034,393,48,179,62,56,0,0,48,0,0,0,0,0
g361031588041,534,85,213,98,83,0,31,13,11,0,0,0,0
g361031588042,346,0,102,37,125,26,12,19,25,0,0,0,0
g361031588043,354,21,160,38,15,45,23,52,0,0,0,0,0
g361031588044,334,42,153,9,11,108,0,0,0,11,0,0,0
g361031588045,318,0,12,77,67,47,57,0,11,47,0,0,0
g361031588046,381,11,92,52,56,75,41,39,15,0,0,0,0
g361031589001,582,22,102,101,17,0,43,93,175,14,15,0,0
g361031589002,658,0,130,26,14,0,0,297,191,0,0,0,0
g361031589003,287,14,85,143,0,15,14,0,16,0,0,0,0
g361031589004,348,0,46,45,41,31,0,106,53,26,0,0,0
g361031589005,901,48,274,123,46,42,83,105,169,0,11,0,0
g361031590001,641,71,112,135,96,18,31,75,93,0,0,10,0
g361031590002,569,59,120,72,61,10,82,73,58,24,0,0,10
g361031590003,630,34,155,63,0,0,0,223,122,33,0,0,0
g361031591021,631,0,61,50,0,13,12,119,376,0,0,0,0
g361031591022,517,16,72,11,37,26,58,46,220,0,31,0,0
g361031591023,363,0,64,181,35,62,21,0,0,0,0,0,0
g361031591024,645,0,62,69,0,25,13,261,150,51,14,0,0
g361031591025,613,0,102,0,0,20,48,67,317,46,13,0,0
g361031591031,254,19,101,27,29,27,30,13,0,0,8,0,0
g361031591032,219,45,30,20,0,23,0,0,93,8,0,0,0
g361031591033,642,102,223,29,19,74,42,67,77,9,0,0,0
g361031591034,527,9,28,55,0,54,34,134,201,12,0,0,0
g361031591051,596,0,166,107,111,61,44,73,34,0,0,0,0
g361031591052,850,0,13,0,0,0,0,164,503,90,68,12,0
g361031591053,646,85,176,235,59,42,0,18,31,0,0,0,0
g361031591054,447,39,187,65,95,31,17,0,0,13,0,0,0
g361031591061,500,12,132,151,120,19,0,26,28,0,12,0,0
g361031591062,1071,24,107,86,73,51,0,438,292,0,0,0,0
g361031591063,394,33,184,73,36,43,0,0,25,0,0,0,0
g361031591071,409,39,144,111,47,42,26,0,0,0,0,0,0
g361031591072,306,0,160,29,39,39,33,6,0,0,0,0,0
g361031591073,450,0,165,107,38,73,33,0,0,7,27,0,0
g361031591081,216,0,56,54,19,52,9,26,0,0,0,0,0
g361031591082,1035,18,315,108,114,336,0,44,100,0,0,0,0
g361031591083,369,10,75,97,25,162,0,0,0,0,0,0,0
g361031591084,329,0,73,147,12,97,0,0,0,0,0,0,0
g361031591085,317,44,81,32,57,60,16,0,27,0,0,0,0
g361031592011,477,41,198,46,47,28,64,29,12,0,0,0,12
g361031592012,604,110,117,74,25,76,70,0,76,56,0,0,0
g361031592031,557,0,159,216,58,86,25,0,13,0,0,0,0
g361031592032,851,48,262,156,122,133,57,23,36,14,0,0,0
g361031592033,632,30,217,73,74,13,31,93,101,0,0,0,0
g361031592041,292,61,36,79,17,16,18,34,31,0,0,0,0
g361031592042,239,0,64,26,72,69,8,0,0,0,0,0,0
g361031592043,484,37,97,90,48,28,17,97,70,0,0,0,0
g361031592044,348,10,128,77,53,47,25,0,8,0,0,0,0
g361031593001,327,21,48,60,15,55,41,38,45,4,0,0,0
g361031593002,640,43,183,80,51,52,128,24,39,11,17,0,12
g361031594041,675,8,46,33,0,17,0,242,301,28,0,0,0
g361031594042,226,0,98,36,43,13,0,12,24,0,0,0,0
g361031594043,647,68,111,21,73,62,0,123,189,0,0,0,0
g361031594044,645,61,178,142,79,37,0,87,61,0,0,0,0
g361031594045,382,0,117,69,28,22,11,0,135,0,0,0,0
g361031594061,446,53,132,58,0,9,0,90,72,25,7,0,0
g361031594062,621,45,70,43,19,18,0,145,261,20,0,0,0
g361031594063,477,0,189,122,34,24,0,97,11,0,0,0,0
g361031594071,797,37,261,141,153,76,6,71,44,0,0,8,0
g361031594072,462,0,157,119,79,27,13,42,25,0,0,0,0
g361031594073,739,117,274,124,77,100,19,0,28,0,0,0,0
g361031594081,903,88,272,100,114,171,42,34,74,0,0,0,8
g361031594082,377,31,81,45,47,58,30,59,26,0,0,0,0
g361031594101,466,74,124,60,138,30,40,0,0,0,0,0,0
g361031594102,744,73,331,55,41,52,13,113,53,0,0,0,13
g361031594103,1387,84,862,356,0,14,0,55,16,0,0,0,0
g361031594111,588,13,178,136,105,144,0,12,0,0,0,0,0
g361031594112,447,55,144,72,93,34,0,22,27,0,0,0,0
g361031594121,260,12,152,68,14,14,0,0,0,0,0,0,0
g361031594122,826,32,428,229,15,0,10,19,52,41,0,0,0
g361031594123,1037,49,359,270,294,36,0,0,29,0,0,0,0
g361031594124,753,33,138,61,51,0,0,209,243,0,18,0,0
g361031595051,503,9,137,127,95,73,0,50,0,12,0,0,0
g361031595052,652,26,174,65,11,33,22,125,196,0,0,0,0
g361031595053,367,25,211,78,31,5,0,0,17,0,0,0,0
g361031595054,408,0,118,149,58,56,13,0,0,0,14,0,0
g361031595055,577,41,181,204,89,54,0,0,0,8,0,0,0
g361031595061,689,42,179,17,86,127,0,211,27,0,0,0,0
g361031595062,757,41,277,170,64,85,0,18,73,29,0,0,0
g361031595063,450,28,196,72,15,75,0,0,64,0,0,0,0
g361031595064,747,13,283,166,49,46,0,128,62,0,0,0,0
g361031595081,577,32,229,103,69,33,17,0,88,6,0,0,0
g361031595082,581,54,110,135,62,56,23,40,59,0,42,0,0
g361031595083,749,15,201,68,41,32,0,328,39,14,11,0,0
g361031595084,652,144,164,66,110,31,20,58,49,10,0,0,0
g361031595091,260,28,128,0,37,16,0,9,31,11,0,0,0
g361031595092,373,18,53,31,88,15,25,76,67,0,0,0,0
g361031595093,308,21,89,25,17,0,9,46,101,0,0,0,0
g361031595101,71,4,9,25,4,15,1,0,5,7,1,0,0
g361031595102,3,1,2,0,0,0,0,0,0,0,0,0,0
g361031595111,602,35,177,121,49,85,13,0,89,33,0,0,0
g361031595112,518,12,188,43,135,42,13,16,59,10,0,0,0
g361031595113,424,13,80,31,20,100,16,83,81,0,0,0,0
g361031595114,637,96,120,113,49,64,121,40,34,0,0,0,0
g361031595121,690,4,159,112,131,103,15,41,125,0,0,0,0
g361031596011,501,14,188,172,44,26,14,0,43,0,0,0,0
g361031596012,454,30,178,118,101,27,0,0,0,0,0,0,0
g361031596013,302,0,81,56,0,46,47,28,44,0,0,0,0
g361031596014,506,28,153,112,70,14,63,66,0,0,0,0,0
g361031596015,586,0,88,172,142,84,48,0,27,25,0,0,0
g361031596021,866,62,317,277,81,83,39,7,0,0,0,0,0
g361031596022,604,13,244,91,53,27,38,33,53,40,0,0,12
g361031697011,424,37,147,91,24,100,0,0,25,0,0,0,0
g361031697012,386,13,55,145,23,69,26,0,55,0,0,0,0
g361031697013,789,13,290,231,133,45,11,57,9,0,0,0,0
g361031697014,476,59,194,139,39,18,14,13,0,0,0,0,0
g361031697015,632,28,176,153,108,131,22,14,0,0,0,0,0
g361031697031,644,22,292,204,47,19,11,15,12,22,0,0,0
g361031697041,399,0,73,126,41,12,50,43,54,0,0,0,0
g361031697042,387,45,77,155,76,0,0,34,0,0,0,0,0
g361031697043,678,0,140,34,47,18,23,184,150,82,0,0,0
g361031697044,673,108,420,37,39,17,0,0,15,17,0,0,20
g361031697045,301,77,53,126,0,0,0,0,23,22,0,0,0
g361031697046,662,67,361,172,12,19,0,0,31,0,0,0,0
g361031698001,646,44,121,48,91,56,36,113,86,11,40,0,0
g361031698002,381,51,113,14,70,0,23,40,59,11,0,0,0
g361031698003,542,18,168,36,76,35,109,22,64,0,14,0,0
g361031698004,373,0,17,19,11,9,0,92,190,25,10,0,0
g361031699011,457,0,203,65,23,22,29,0,72,18,0,25,0
g361031699012,1850,95,582,257,0,0,122,265,452,77,0,0,0
g361031699021,670,88,171,276,12,16,0,56,51,0,0,0,0
g361031699022,296,49,71,50,68,0,12,0,46,0,0,0,0
g361031699023,268,0,117,86,0,0,42,0,23,0,0,0,0
g361031699024,119,0,18,55,0,0,31,0,15,0,0,0,0
g361031699025,632,77,186,84,56,16,0,47,166,0,0,0,0
g361031700011,595,138,77,168,51,66,80,0,15,0,0,0,0
g361031700012,666,50,140,87,88,63,65,0,96,77,0,0,0
g361031700013,257,0,87,48,36,39,19,28,0,0,0,0,0
g361031700014,342,0,52,114,0,24,18,19,115,0,0,0,0
g361031700015,481,18,109,149,117,56,0,0,32,0,0,0,0
g361031700021,262,0,80,26,46,70,30,0,10,0,0,0,0
g361031700022,444,53,104,129,33,47,48,30,0,0,0,0,0
g361031700023,273,0,78,86,46,40,23,0,0,0,0,0,0
g361031700024,391,11,133,19,61,21,18,34,19,0,17,0,58
g361031700025,306,0,39,121,66,14,13,30,20,3,0,0,0
g361031701011,388,24,62,55,42,21,24,36,78,26,20,0,0
g361031701012,518,6,69,42,54,22,17,114,174,20,0,0,0
g361031702011,615,16,218,250,31,54,0,0,31,15,0,0,0
g361031702012,535,67,216,150,0,19,53,0,30,0,0,0,0
g361031702013,304,0,115,122,15,19,18,0,0,15,0,0,0
g361031702014,234,30,71,51,0,48,19,15,0,0,0,0,0
g361031702015,287,46,37,0,31,30,50,0,47,23,23,0,0
g361031702016,388,0,76,126,60,41,15,41,0,29,0,0,0
g361031702017,255,0,57,82,88,0,14,0,0,0,14,0,0
g361031702021,251,27,67,0,26,8,16,35,63,9,0,0,0
g361031702022,132,6,5,71,7,17,5,19,2,0,0,0,0
g361031702023,450,16,168,66,59,31,64,30,8,8,0,0,0
g361031702024,359,7,102,74,45,65,37,9,13,0,7,0,0
g361031702025,678,78,297,123,50,0,39,60,11,20,0,0,0
g361031803001,539,44,181,149,71,38,15,9,31,0,0,1,0
g361031803002,524,10,172,43,114,70,34,16,53,6,0,0,6
g361031904011,357,79,112,44,46,4,61,0,11,0,0,0,0
g361031904012,205,34,0,0,14,4,20,36,97,0,0,0,0
g361031904013,452,76,246,74,0,30,1,0,25,0,0,0,0
g361031904014,0,0,0,0,0,0,0,0,0,0,0,0,0
g361031904015,360,27,45,64,0,0,23,96,88,0,0,17,0
g361031904016,333,0,63,85,59,50,16,0,60,0,0,0,0
g361031904017,712,26,185,182,106,45,0,26,142,0,0,0,0
g361031904021,449,53,172,49,41,8,14,69,22,5,16,0,0
g361031904022,407,33,190,54,34,30,10,36,10,5,0,0,5
g361031904031,360,0,64,90,70,27,13,44,52,0,0,0,0
g361031904032,325,24,107,51,26,27,9,9,62,10,0,0,0
g361031904033,660,0,87,81,48,39,17,159,162,58,0,9,0
g361031905021,236,5,74,72,38,8,0,29,10,0,0,0,0
g361031905022,406,16,84,80,40,35,24,58,51,15,3,0,0
g361031905023,443,9,134,88,49,34,34,34,46,15,0,0,0
g361031905031,263,22,51,35,44,3,13,13,67,0,0,15,0
g361031905032,345,0,85,95,39,6,6,65,49,0,0,0,0
g361031905033,348,3,122,71,16,61,51,0,24,0,0,0,0
g361031905034,190,10,63,29,29,23,6,10,20,0,0,0,0
g361031905041,236,11,81,115,0,9,2,0,12,6,0,0,0
g361031905042,251,10,82,47,24,0,25,0,57,6,0,0,0
g361031905043,227,29,46,80,36,13,0,0,23,0,0,0,0
g361031906011,186,0,65,63,13,9,13,19,4,0,0,0,0
g361031906012,379,40,163,47,19,24,18,59,9,0,0,0,0
g361031906013,451,41,128,104,61,61,11,15,30,0,0,0,0
g361031906014,330,0,88,53,29,103,27,0,30,0,0,0,0
g361031906015,181,9,15,81,8,27,0,0,41,0,0,0,0
g361031906016,218,3,115,34,18,0,6,21,21,0,0,0,0
g361031906031,404,10,71,138,47,50,8,0,72,0,0,0,8
g361031906032,727,59,259,161,21,28,25,34,140,0,0,0,0
g361031906033,493,41,142,74,75,36,30,33,25,37,0,0,0
g361031906041,744,71,348,113,51,40,31,30,41,7,12,0,0
g361031906042,622,55,79,207,55,51,7,68,100,0,0,0,0
g361031906043,316,0,19,89,42,9,26,40,91,0,0,0,0
g361031907041,405,5,89,161,19,13,0,65,16,11,0,0,26
g361031907042,176,0,61,44,27,3,13,0,0,4,10,3,11
g361031907043,111,12,26,27,18,2,22,3,0,0,0,0,1
g361031907044,218,0,59,78,14,8,21,10,28,0,0,0,0
g361031907045,341,8,139,107,21,10,21,0,25,0,10,0,0
g361031907051,68,0,20,9,31,0,0,0,8,0,0,0,0
g361031907052,555,54,86,113,47,40,54,109,52,0,0,0,0
g361031907053,155,10,23,32,34,23,13,0,10,10,0,0,0
g361031907054,385,26,116,29,34,44,45,42,40,0,9,0,0
g361031907055,346,0,33,47,42,46,0,67,51,60,0,0,0
g361031907061,485,22,164,109,31,39,46,12,50,12,0,0,0
g361031907062,551,16,93,145,90,0,44,28,114,10,0,0,11
g361031907063,252,31,65,53,0,50,42,11,0,0,0,0,0
g361031907064,276,10,27,76,34,48,11,0,31,39,0,0,0
g361031907065,264,17,65,5,22,45,6,9,87,8,0,0,0
g361031907071,542,18,157,146,142,33,9,23,14,0,0,0,0
g361031907072,430,30,130,46,20,62,8,8,114,12,0,0,0
g361031907073,253,11,102,54,59,0,0,0,0,27,0,0,0
g361031907074,376,10,166,73,36,12,0,70,9,0,0,0,0
g361031907075,516,65,98,175,42,50,69,0,17,0,0,0,0
g361031907081,381,22,112,105,51,14,27,9,39,0,0,2,0
g361031907082,484,33,94,50,78,54,30,10,130,5,0,0,0
g361031908001,338,0,75,52,41,24,9,46,82,0,9,0,0
g361031908002,344,69,51,52,102,0,23,6,19,22,0,0,0
g361031908003,321,13,71,72,44,48,22,42,9,0,0,0,0
g361031908004,257,0,51,26,46,17,0,87,0,30,0,0,0
g361032009011,336,20,43,50,27,38,26,34,77,13,5,0,3
g361032009012,254,10,49,35,22,62,42,10,16,4,4,0,0
g361032009021,630,35,146,330,17,30,0,0,72,0,0,0,0
g361032009022,324,13,87,191,0,0,0,10,23,0,0,0,0
g361032009023,445,0,90,92,13,46,18,124,11,51,0,0,0
g361032009024,269,16,13,16,90,55,0,0,17,15,47,0,0
g361032009025,301,8,81,50,47,21,16,32,27,16,0,0,3
g361032009026,715,34,245,183,82,15,14,35,107,0,0,0,0
g361032009027,357,32,115,59,35,10,28,26,41,0,11,0,0
g361032010011,468,18,130,162,50,38,20,0,0,50,0,0,0
g361032010012,348,0,90,106,31,19,17,57,28,0,0,0,0
g361032010013,428,13,185,91,83,0,38,0,18,0,0,0,0
g361032010014,353,0,100,60,30,92,0,71,0,0,0,0,0
g361032010015,717,37,238,147,90,12,0,0,193,0,0,0,0
g361032010031,521,0,96,68,45,30,46,71,135,10,6,0,14
g361032010032,192,0,91,29,37,10,7,18,0,0,0,0,0
g361032010033,95,36,9,0,25,0,4,0,0,21,0,0,0
g361032010034,310,13,57,31,21,28,85,27,45,3,0,0,0
g361032010035,402,22,146,102,0,36,6,10,53,27,0,0,0
g361032010041,105,11,0,74,0,0,10,0,10,0,0,0,0
g361032010042,311,46,22,19,39,47,10,69,59,0,0,0,0
g361032010043,252,23,23,48,21,50,51,9,27,0,0,0,0
g361032010044,234,0,61,61,9,9,10,45,26,13,0,0,0
g361032010045,517,39,114,103,97,42,70,0,52,0,0,0,0
g361032010046,323,12,69,53,76,48,9,9,11,36,0,0,0
g361032011001,572,37,201,181,34,33,12,22,27,25,0,0,0
g361032011002,399,0,122,105,33,6,42,59,6,21,0,0,5
g361032011003,0,0,0,0,0,0,0,0,0,0,0,0,0
g361032011004,434,26,121,121,19,32,59,32,17,0,0,7,0
g361039901000,0,0,0,0,0,0,0,0,0,0,0,0,0
